CONTORNO 1
TIPO: EXTERIOR
PROFUNDIDAD: 0
PUNTOS: 12695

-168.0, 279.5
-168.0, 278.5
-168.0, 277.5
-168.0, 276.5
-168.0, 275.5
-168.0, 274.5
-169.0, 273.5
-168.0, 272.5
-167.0, 272.5
-166.0, 272.5
-165.0, 272.5
-164.0, 272.5
-163.0, 272.5
-162.0, 272.5
-161.0, 273.5
-161.0, 274.5
-160.0, 275.5
-159.0, 275.5
-158.0, 275.5
-157.0, 275.5
-156.0, 275.5
-155.0, 275.5
-154.0, 275.5
-153.0, 275.5
-152.0, 274.5
-152.0, 273.5
-152.0, 272.5
-153.0, 271.5
-154.0, 271.5
-155.0, 271.5
-156.0, 271.5
-157.0, 271.5
-158.0, 271.5
-159.0, 271.5
-160.0, 270.5
-160.0, 269.5
-160.0, 268.5
-160.0, 267.5
-160.0, 266.5
-160.0, 265.5
-160.0, 264.5
-161.0, 263.5
-162.0, 263.5
-163.0, 263.5
-164.0, 263.5
-165.0, 263.5
-166.0, 263.5
-167.0, 263.5
-168.0, 262.5
-168.0, 261.5
-168.0, 260.5
-167.0, 259.5
-166.0, 259.5
-165.0, 259.5
-164.0, 259.5
-163.0, 259.5
-162.0, 259.5
-161.0, 259.5
-160.0, 258.5
-160.0, 257.5
-160.0, 256.5
-160.0, 255.5
-160.0, 254.5
-160.0, 253.5
-161.0, 252.5
-162.0, 252.5
-163.0, 252.5
-164.0, 252.5
-165.0, 252.5
-166.0, 252.5
-167.0, 252.5
-168.0, 251.5
-168.0, 250.5
-168.0, 249.5
-168.0, 248.5
-168.0, 247.5
-168.0, 246.5
-168.0, 245.5
-168.0, 244.5
-168.0, 243.5
-168.0, 242.5
-169.0, 241.5
-170.0, 242.5
-171.0, 242.5
-172.0, 243.5
-173.0, 244.5
-173.0, 245.5
-174.0, 246.5
-175.0, 247.5
-176.0, 248.5
-177.0, 247.5
-178.0, 246.5
-178.0, 245.5
-178.0, 244.5
-178.0, 243.5
-178.0, 242.5
-178.0, 241.5
-177.0, 240.5
-176.0, 239.5
-176.0, 238.5
-176.0, 237.5
-176.0, 236.5
-176.0, 235.5
-176.0, 234.5
-176.0, 233.5
-176.0, 232.5
-176.0, 231.5
-176.0, 230.5
-176.0, 229.5
-177.0, 228.5
-178.0, 228.5
-179.0, 228.5
-180.0, 228.5
-181.0, 228.5
-182.0, 228.5
-183.0, 228.5
-184.0, 227.5
-184.0, 226.5
-184.0, 225.5
-184.0, 224.5
-185.0, 223.5
-186.0, 223.5
-187.0, 223.5
-188.0, 223.5
-189.0, 223.5
-190.0, 223.5
-191.0, 223.5
-192.0, 223.5
-193.0, 224.5
-193.0, 225.5
-193.0, 226.5
-193.0, 227.5
-193.0, 228.5
-193.0, 229.5
-193.0, 230.5
-193.0, 231.5
-192.0, 232.5
-192.0, 233.5
-193.0, 234.5
-194.0, 233.5
-194.0, 232.5
-195.0, 231.5
-196.0, 231.5
-197.0, 231.5
-198.0, 231.5
-199.0, 231.5
-200.0, 230.5
-200.0, 229.5
-200.0, 228.5
-200.0, 227.5
-200.0, 226.5
-200.0, 225.5
-199.0, 224.5
-198.0, 224.5
-197.0, 223.5
-197.0, 222.5
-197.0, 221.5
-197.0, 220.5
-197.0, 219.5
-197.0, 218.5
-197.0, 217.5
-197.0, 216.5
-198.0, 215.5
-199.0, 215.5
-200.0, 215.5
-201.0, 216.5
-201.0, 217.5
-201.0, 218.5
-201.0, 219.5
-201.0, 220.5
-201.0, 221.5
-201.0, 222.5
-202.0, 223.5
-203.0, 223.5
-204.0, 223.5
-205.0, 223.5
-206.0, 223.5
-207.0, 223.5
-208.0, 223.5
-209.0, 224.5
-210.0, 225.5
-211.0, 225.5
-212.0, 225.5
-213.0, 225.5
-214.0, 225.5
-215.0, 225.5
-216.0, 225.5
-217.0, 226.5
-218.0, 225.5
-218.0, 224.5
-219.0, 223.5
-220.0, 223.5
-221.0, 223.5
-222.0, 223.5
-223.0, 223.5
-224.0, 222.5
-224.0, 221.5
-224.0, 220.5
-224.0, 219.5
-224.0, 218.5
-225.0, 217.5
-225.0, 216.5
-224.0, 215.5
-224.0, 214.5
-224.0, 213.5
-225.0, 212.5
-226.0, 212.5
-227.0, 212.5
-228.0, 212.5
-229.0, 212.5
-230.0, 212.5
-231.0, 212.5
-232.0, 212.5
-233.0, 212.5
-234.0, 212.5
-235.0, 212.5
-236.0, 212.5
-237.0, 212.5
-238.0, 212.5
-239.0, 212.5
-240.0, 211.5
-240.0, 210.5
-240.0, 209.5
-239.0, 208.5
-238.0, 208.5
-237.0, 208.5
-236.0, 208.5
-235.0, 208.5
-234.0, 208.5
-233.0, 208.5
-232.0, 207.5
-232.0, 206.5
-232.0, 205.5
-233.0, 204.5
-234.0, 204.5
-235.0, 204.5
-236.0, 204.5
-237.0, 204.5
-238.0, 204.5
-239.0, 204.5
-240.0, 204.5
-241.0, 205.5
-241.0, 206.5
-242.0, 207.5
-243.0, 207.5
-244.0, 207.5
-245.0, 207.5
-246.0, 207.5
-247.0, 207.5
-248.0, 207.5
-249.0, 207.5
-250.0, 207.5
-251.0, 207.5
-252.0, 207.5
-253.0, 207.5
-254.0, 207.5
-255.0, 207.5
-256.0, 206.5
-256.0, 205.5
-256.0, 204.5
-256.0, 203.5
-256.0, 202.5
-257.0, 201.5
-257.0, 200.5
-256.0, 199.5
-256.0, 198.5
-256.0, 197.5
-257.0, 196.5
-258.0, 196.5
-259.0, 196.5
-260.0, 196.5
-261.0, 196.5
-262.0, 196.5
-263.0, 196.5
-264.0, 195.5
-264.0, 194.5
-265.0, 193.5
-266.0, 193.5
-267.0, 193.5
-268.0, 193.5
-269.0, 193.5
-270.0, 193.5
-271.0, 193.5
-272.0, 193.5
-273.0, 194.5
-274.0, 193.5
-274.0, 192.5
-275.0, 191.5
-276.0, 191.5
-277.0, 191.5
-278.0, 191.5
-279.0, 191.5
-280.0, 190.5
-280.0, 189.5
-280.0, 188.5
-280.0, 187.5
-280.0, 186.5
-280.0, 185.5
-280.0, 184.5
-281.0, 183.5
-282.0, 183.5
-283.0, 183.5
-284.0, 184.5
-284.0, 185.5
-284.0, 186.5
-284.0, 187.5
-284.0, 188.5
-284.0, 189.5
-284.0, 190.5
-285.0, 191.5
-286.0, 191.5
-287.0, 191.5
-288.0, 190.5
-288.0, 189.5
-289.0, 188.5
-290.0, 188.5
-291.0, 188.5
-292.0, 188.5
-293.0, 188.5
-294.0, 188.5
-295.0, 188.5
-296.0, 188.5
-297.0, 189.5
-297.0, 190.5
-297.0, 191.5
-296.0, 192.5
-296.0, 193.5
-297.0, 194.5
-297.0, 195.5
-297.0, 196.5
-297.0, 197.5
-297.0, 198.5
-298.0, 199.5
-299.0, 199.5
-300.0, 199.5
-301.0, 199.5
-302.0, 199.5
-303.0, 199.5
-304.0, 199.5
-305.0, 200.5
-305.0, 201.5
-305.0, 202.5
-305.0, 203.5
-305.0, 204.5
-305.0, 205.5
-305.0, 206.5
-305.0, 207.5
-304.0, 208.5
-303.0, 208.5
-302.0, 208.5
-301.0, 208.5
-300.0, 208.5
-299.0, 208.5
-298.0, 208.5
-297.0, 208.5
-296.0, 208.5
-295.0, 208.5
-294.0, 208.5
-293.0, 207.5
-293.0, 206.5
-293.0, 205.5
-293.0, 204.5
-293.0, 203.5
-293.0, 202.5
-293.0, 201.5
-292.0, 200.5
-291.0, 200.5
-290.0, 200.5
-289.0, 201.5
-289.0, 202.5
-289.0, 203.5
-289.0, 204.5
-289.0, 205.5
-289.0, 206.5
-289.0, 207.5
-288.0, 208.5
-287.0, 208.5
-286.0, 208.5
-285.0, 208.5
-284.0, 208.5
-283.0, 208.5
-282.0, 208.5
-281.0, 208.5
-280.0, 207.5
-280.0, 206.5
-280.0, 205.5
-280.0, 204.5
-279.0, 203.5
-278.0, 203.5
-277.0, 203.5
-276.0, 203.5
-275.0, 203.5
-274.0, 203.5
-273.0, 203.5
-272.0, 202.5
-272.0, 201.5
-271.0, 200.5
-270.0, 200.5
-269.0, 200.5
-268.0, 200.5
-267.0, 200.5
-266.0, 200.5
-265.0, 200.5
-264.0, 201.5
-265.0, 202.5
-265.0, 203.5
-266.0, 204.5
-267.0, 204.5
-268.0, 204.5
-269.0, 204.5
-270.0, 204.5
-271.0, 204.5
-272.0, 204.5
-273.0, 205.5
-273.0, 206.5
-273.0, 207.5
-272.0, 208.5
-271.0, 208.5
-270.0, 208.5
-269.0, 208.5
-268.0, 208.5
-267.0, 208.5
-266.0, 208.5
-265.0, 208.5
-264.0, 208.5
-263.0, 208.5
-262.0, 208.5
-261.0, 208.5
-260.0, 208.5
-259.0, 208.5
-258.0, 208.5
-257.0, 209.5
-257.0, 210.5
-256.0, 211.5
-255.0, 211.5
-254.0, 211.5
-253.0, 211.5
-252.0, 211.5
-251.0, 211.5
-250.0, 211.5
-249.0, 212.5
-249.0, 213.5
-249.0, 214.5
-249.0, 215.5
-248.0, 216.5
-247.0, 216.5
-246.0, 216.5
-245.0, 216.5
-244.0, 216.5
-243.0, 216.5
-242.0, 216.5
-241.0, 216.5
-240.0, 216.5
-239.0, 217.5
-239.0, 218.5
-239.0, 219.5
-239.0, 220.5
-239.0, 221.5
-239.0, 222.5
-239.0, 223.5
-238.0, 224.5
-237.0, 224.5
-236.0, 224.5
-235.0, 224.5
-234.0, 224.5
-233.0, 225.5
-233.0, 226.5
-233.0, 227.5
-233.0, 228.5
-233.0, 229.5
-232.0, 230.5
-232.0, 231.5
-233.0, 232.5
-233.0, 233.5
-233.0, 234.5
-233.0, 235.5
-233.0, 236.5
-233.0, 237.5
-233.0, 238.5
-233.0, 239.5
-232.0, 240.5
-231.0, 240.5
-230.0, 240.5
-229.0, 240.5
-228.0, 240.5
-227.0, 240.5
-226.0, 240.5
-225.0, 241.5
-225.0, 242.5
-225.0, 243.5
-225.0, 244.5
-225.0, 245.5
-225.0, 246.5
-225.0, 247.5
-225.0, 248.5
-225.0, 249.5
-225.0, 250.5
-225.0, 251.5
-225.0, 252.5
-225.0, 253.5
-225.0, 254.5
-226.0, 255.5
-227.0, 255.5
-228.0, 255.5
-229.0, 255.5
-230.0, 255.5
-231.0, 255.5
-232.0, 254.5
-232.0, 253.5
-232.0, 252.5
-232.0, 251.5
-232.0, 250.5
-232.0, 249.5
-232.0, 248.5
-233.0, 247.5
-234.0, 247.5
-235.0, 247.5
-236.0, 247.5
-237.0, 247.5
-238.0, 247.5
-239.0, 248.5
-240.0, 247.5
-240.0, 246.5
-240.0, 245.5
-240.0, 244.5
-240.0, 243.5
-240.0, 242.5
-241.0, 241.5
-241.0, 240.5
-240.0, 239.5
-240.0, 238.5
-240.0, 237.5
-240.0, 236.5
-240.0, 235.5
-240.0, 234.5
-240.0, 233.5
-240.0, 232.5
-240.0, 231.5
-240.0, 230.5
-240.0, 229.5
-240.0, 228.5
-240.0, 227.5
-240.0, 226.5
-240.0, 225.5
-240.0, 224.5
-241.0, 223.5
-242.0, 223.5
-243.0, 223.5
-244.0, 224.5
-244.0, 225.5
-244.0, 226.5
-244.0, 227.5
-244.0, 228.5
-244.0, 229.5
-244.0, 230.5
-245.0, 231.5
-246.0, 231.5
-247.0, 231.5
-248.0, 231.5
-249.0, 232.5
-249.0, 233.5
-249.0, 234.5
-249.0, 235.5
-250.0, 236.5
-251.0, 236.5
-252.0, 236.5
-253.0, 236.5
-254.0, 236.5
-255.0, 236.5
-256.0, 236.5
-257.0, 237.5
-257.0, 238.5
-258.0, 239.5
-259.0, 239.5
-260.0, 239.5
-261.0, 239.5
-262.0, 239.5
-263.0, 239.5
-264.0, 238.5
-264.0, 237.5
-265.0, 236.5
-266.0, 236.5
-267.0, 236.5
-268.0, 236.5
-269.0, 236.5
-270.0, 236.5
-271.0, 236.5
-272.0, 235.5
-272.0, 234.5
-272.0, 233.5
-271.0, 232.5
-270.0, 232.5
-269.0, 232.5
-268.0, 232.5
-267.0, 232.5
-266.0, 232.5
-265.0, 232.5
-264.0, 231.5
-264.0, 230.5
-264.0, 229.5
-265.0, 228.5
-266.0, 228.5
-267.0, 228.5
-268.0, 228.5
-269.0, 228.5
-270.0, 228.5
-271.0, 228.5
-272.0, 227.5
-272.0, 226.5
-272.0, 225.5
-272.0, 224.5
-273.0, 223.5
-274.0, 223.5
-275.0, 223.5
-276.0, 223.5
-277.0, 223.5
-278.0, 223.5
-279.0, 224.5
-279.0, 225.5
-279.0, 226.5
-279.0, 227.5
-279.0, 228.5
-279.0, 229.5
-279.0, 230.5
-280.0, 231.5
-281.0, 231.5
-282.0, 231.5
-283.0, 231.5
-284.0, 231.5
-285.0, 230.5
-285.0, 229.5
-285.0, 228.5
-285.0, 227.5
-285.0, 226.5
-285.0, 225.5
-285.0, 224.5
-286.0, 223.5
-287.0, 223.5
-288.0, 223.5
-289.0, 223.5
-290.0, 223.5
-291.0, 223.5
-292.0, 223.5
-293.0, 223.5
-294.0, 223.5
-295.0, 223.5
-296.0, 222.5
-296.0, 221.5
-296.0, 220.5
-296.0, 219.5
-296.0, 218.5
-296.0, 217.5
-296.0, 216.5
-297.0, 215.5
-298.0, 215.5
-299.0, 215.5
-300.0, 216.5
-300.0, 217.5
-300.0, 218.5
-300.0, 219.5
-300.0, 220.5
-300.0, 221.5
-300.0, 222.5
-301.0, 223.5
-302.0, 223.5
-303.0, 223.5
-304.0, 222.5
-304.0, 221.5
-304.0, 220.5
-304.0, 219.5
-304.0, 218.5
-305.0, 217.5
-306.0, 217.5
-307.0, 217.5
-308.0, 217.5
-309.0, 217.5
-310.0, 217.5
-311.0, 217.5
-312.0, 216.5
-313.0, 215.5
-314.0, 215.5
-315.0, 215.5
-316.0, 215.5
-317.0, 215.5
-318.0, 215.5
-319.0, 215.5
-320.0, 215.5
-321.0, 216.5
-321.0, 217.5
-321.0, 218.5
-321.0, 219.5
-321.0, 220.5
-321.0, 221.5
-321.0, 222.5
-321.0, 223.5
-321.0, 224.5
-321.0, 225.5
-321.0, 226.5
-321.0, 227.5
-321.0, 228.5
-321.0, 229.5
-321.0, 230.5
-322.0, 231.5
-323.0, 231.5
-324.0, 231.5
-325.0, 231.5
-326.0, 231.5
-327.0, 231.5
-328.0, 231.5
-329.0, 231.5
-330.0, 231.5
-331.0, 231.5
-332.0, 231.5
-333.0, 231.5
-334.0, 231.5
-335.0, 231.5
-336.0, 230.5
-336.0, 229.5
-336.0, 228.5
-336.0, 227.5
-336.0, 226.5
-337.0, 225.5
-338.0, 225.5
-339.0, 225.5
-340.0, 225.5
-341.0, 225.5
-342.0, 225.5
-343.0, 225.5
-344.0, 224.5
-345.0, 223.5
-346.0, 223.5
-347.0, 223.5
-348.0, 223.5
-349.0, 223.5
-350.0, 223.5
-351.0, 223.5
-352.0, 222.5
-352.0, 221.5
-352.0, 220.5
-352.0, 219.5
-352.0, 218.5
-353.0, 217.5
-354.0, 218.5
-355.0, 218.5
-356.0, 219.5
-357.0, 220.5
-357.0, 221.5
-358.0, 222.5
-359.0, 223.5
-358.0, 224.5
-357.0, 224.5
-356.0, 224.5
-355.0, 224.5
-354.0, 224.5
-353.0, 225.5
-353.0, 226.5
-353.0, 227.5
-353.0, 228.5
-353.0, 229.5
-353.0, 230.5
-354.0, 231.5
-355.0, 231.5
-356.0, 231.5
-357.0, 231.5
-358.0, 231.5
-359.0, 232.5
-360.0, 232.5
-361.0, 231.5
-362.0, 231.5
-363.0, 231.5
-364.0, 231.5
-365.0, 231.5
-366.0, 231.5
-367.0, 231.5
-368.0, 230.5
-368.0, 229.5
-368.0, 228.5
-368.0, 227.5
-368.0, 226.5
-368.0, 225.5
-368.0, 224.5
-368.0, 223.5
-368.0, 222.5
-368.0, 221.5
-368.0, 220.5
-368.0, 219.5
-368.0, 218.5
-369.0, 217.5
-368.0, 216.5
-367.0, 216.5
-366.0, 216.5
-365.0, 216.5
-364.0, 216.5
-363.0, 216.5
-362.0, 216.5
-361.0, 216.5
-360.0, 215.5
-360.0, 214.5
-360.0, 213.5
-361.0, 212.5
-362.0, 212.5
-363.0, 212.5
-364.0, 212.5
-365.0, 212.5
-366.0, 212.5
-367.0, 212.5
-368.0, 211.5
-368.0, 210.5
-368.0, 209.5
-367.0, 208.5
-366.0, 208.5
-365.0, 208.5
-364.0, 208.5
-363.0, 208.5
-362.0, 208.5
-361.0, 209.5
-361.0, 210.5
-360.0, 211.5
-359.0, 211.5
-358.0, 211.5
-357.0, 211.5
-356.0, 211.5
-355.0, 211.5
-354.0, 211.5
-353.0, 211.5
-352.0, 210.5
-352.0, 209.5
-351.0, 208.5
-350.0, 208.5
-349.0, 207.5
-349.0, 206.5
-349.0, 205.5
-349.0, 204.5
-349.0, 203.5
-349.0, 202.5
-349.0, 201.5
-348.0, 200.5
-347.0, 200.5
-346.0, 199.5
-345.0, 199.5
-344.0, 200.5
-343.0, 200.5
-342.0, 200.5
-341.0, 200.5
-340.0, 200.5
-339.0, 200.5
-338.0, 200.5
-337.0, 200.5
-336.0, 199.5
-336.0, 198.5
-336.0, 197.5
-336.0, 196.5
-336.0, 195.5
-336.0, 194.5
-336.0, 193.5
-336.0, 192.5
-337.0, 191.5
-338.0, 191.5
-339.0, 191.5
-340.0, 191.5
-341.0, 191.5
-342.0, 191.5
-343.0, 191.5
-344.0, 191.5
-345.0, 192.5
-346.0, 192.5
-347.0, 191.5
-348.0, 191.5
-349.0, 191.5
-350.0, 191.5
-351.0, 191.5
-352.0, 191.5
-353.0, 192.5
-353.0, 193.5
-353.0, 194.5
-353.0, 195.5
-353.0, 196.5
-353.0, 197.5
-353.0, 198.5
-354.0, 199.5
-355.0, 199.5
-356.0, 199.5
-357.0, 199.5
-358.0, 199.5
-359.0, 199.5
-360.0, 198.5
-360.0, 197.5
-360.0, 196.5
-360.0, 195.5
-360.0, 194.5
-360.0, 193.5
-360.0, 192.5
-361.0, 191.5
-362.0, 191.5
-363.0, 191.5
-364.0, 191.5
-365.0, 190.5
-365.0, 189.5
-365.0, 188.5
-365.0, 187.5
-365.0, 186.5
-365.0, 185.5
-365.0, 184.5
-366.0, 183.5
-367.0, 183.5
-368.0, 183.5
-369.0, 184.5
-369.0, 185.5
-369.0, 186.5
-369.0, 187.5
-369.0, 188.5
-369.0, 189.5
-369.0, 190.5
-369.0, 191.5
-369.0, 192.5
-369.0, 193.5
-369.0, 194.5
-369.0, 195.5
-369.0, 196.5
-369.0, 197.5
-369.0, 198.5
-369.0, 199.5
-369.0, 200.5
-369.0, 201.5
-369.0, 202.5
-369.0, 203.5
-369.0, 204.5
-369.0, 205.5
-369.0, 206.5
-370.0, 207.5
-371.0, 207.5
-372.0, 208.5
-372.0, 209.5
-372.0, 210.5
-372.0, 211.5
-372.0, 212.5
-372.0, 213.5
-372.0, 214.5
-372.0, 215.5
-371.0, 216.5
-372.0, 217.5
-373.0, 217.5
-374.0, 217.5
-375.0, 217.5
-376.0, 217.5
-377.0, 218.5
-377.0, 219.5
-377.0, 220.5
-377.0, 221.5
-377.0, 222.5
-377.0, 223.5
-377.0, 224.5
-377.0, 225.5
-377.0, 226.5
-377.0, 227.5
-377.0, 228.5
-377.0, 229.5
-377.0, 230.5
-378.0, 231.5
-379.0, 231.5
-380.0, 231.5
-381.0, 231.5
-382.0, 231.5
-383.0, 231.5
-384.0, 231.5
-385.0, 231.5
-386.0, 231.5
-387.0, 231.5
-388.0, 231.5
-389.0, 231.5
-390.0, 231.5
-391.0, 231.5
-392.0, 230.5
-392.0, 229.5
-392.0, 228.5
-392.0, 227.5
-392.0, 226.5
-392.0, 225.5
-392.0, 224.5
-393.0, 223.5
-394.0, 223.5
-395.0, 223.5
-396.0, 224.5
-397.0, 225.5
-397.0, 226.5
-398.0, 227.5
-399.0, 227.5
-400.0, 228.5
-401.0, 229.5
-401.0, 230.5
-402.0, 231.5
-403.0, 230.5
-404.0, 229.5
-404.0, 228.5
-405.0, 227.5
-406.0, 226.5
-407.0, 226.5
-408.0, 225.5
-407.0, 224.5
-406.0, 224.5
-405.0, 223.5
-405.0, 222.5
-405.0, 221.5
-405.0, 220.5
-405.0, 219.5
-405.0, 218.5
-405.0, 217.5
-405.0, 216.5
-406.0, 215.5
-405.0, 214.5
-404.0, 214.5
-403.0, 214.5
-402.0, 214.5
-401.0, 214.5
-400.0, 213.5
-400.0, 212.5
-400.0, 211.5
-400.0, 210.5
-400.0, 209.5
-400.0, 208.5
-401.0, 207.5
-402.0, 207.5
-403.0, 207.5
-404.0, 207.5
-405.0, 207.5
-406.0, 207.5
-407.0, 207.5
-408.0, 207.5
-409.0, 208.5
-409.0, 209.5
-409.0, 210.5
-409.0, 211.5
-409.0, 212.5
-409.0, 213.5
-408.0, 214.5
-408.0, 215.5
-409.0, 216.5
-409.0, 217.5
-409.0, 218.5
-409.0, 219.5
-409.0, 220.5
-409.0, 221.5
-409.0, 222.5
-410.0, 223.5
-411.0, 223.5
-412.0, 223.5
-413.0, 223.5
-414.0, 223.5
-415.0, 223.5
-416.0, 223.5
-417.0, 223.5
-418.0, 223.5
-419.0, 223.5
-420.0, 223.5
-421.0, 222.5
-421.0, 221.5
-421.0, 220.5
-421.0, 219.5
-421.0, 218.5
-421.0, 217.5
-421.0, 216.5
-422.0, 215.5
-423.0, 215.5
-424.0, 214.5
-424.0, 213.5
-424.0, 212.5
-424.0, 211.5
-424.0, 210.5
-425.0, 209.5
-426.0, 210.5
-427.0, 210.5
-428.0, 211.5
-429.0, 212.5
-429.0, 213.5
-430.0, 214.5
-431.0, 215.5
-430.0, 216.5
-431.0, 217.5
-432.0, 216.5
-433.0, 215.5
-434.0, 215.5
-435.0, 215.5
-436.0, 215.5
-437.0, 215.5
-438.0, 215.5
-439.0, 215.5
-440.0, 215.5
-441.0, 215.5
-442.0, 214.5
-442.0, 213.5
-442.0, 212.5
-442.0, 211.5
-442.0, 210.5
-442.0, 209.5
-442.0, 208.5
-443.0, 207.5
-444.0, 207.5
-445.0, 207.5
-446.0, 207.5
-447.0, 207.5
-448.0, 207.5
-449.0, 208.5
-449.0, 209.5
-449.0, 210.5
-449.0, 211.5
-450.0, 212.5
-451.0, 212.5
-452.0, 212.5
-453.0, 212.5
-454.0, 212.5
-455.0, 212.5
-456.0, 212.5
-457.0, 213.5
-457.0, 214.5
-457.0, 215.5
-457.0, 216.5
-457.0, 217.5
-457.0, 218.5
-457.0, 219.5
-457.0, 220.5
-457.0, 221.5
-457.0, 222.5
-458.0, 223.5
-459.0, 223.5
-460.0, 223.5
-461.0, 223.5
-462.0, 223.5
-463.0, 223.5
-464.0, 222.5
-464.0, 221.5
-464.0, 220.5
-464.0, 219.5
-464.0, 218.5
-464.0, 217.5
-464.0, 216.5
-465.0, 215.5
-466.0, 215.5
-467.0, 215.5
-468.0, 215.5
-469.0, 215.5
-470.0, 215.5
-471.0, 215.5
-472.0, 214.5
-472.0, 213.5
-473.0, 212.5
-474.0, 211.5
-475.0, 211.5
-476.0, 210.5
-476.0, 209.5
-475.0, 208.5
-474.0, 208.5
-473.0, 208.5
-472.0, 208.5
-471.0, 208.5
-470.0, 208.5
-469.0, 207.5
-469.0, 206.5
-469.0, 205.5
-469.0, 204.5
-469.0, 203.5
-469.0, 202.5
-469.0, 201.5
-469.0, 200.5
-470.0, 199.5
-469.0, 198.5
-468.0, 198.5
-467.0, 198.5
-466.0, 198.5
-465.0, 198.5
-464.0, 197.5
-464.0, 196.5
-464.0, 195.5
-464.0, 194.5
-464.0, 193.5
-464.0, 192.5
-465.0, 191.5
-466.0, 191.5
-467.0, 191.5
-468.0, 191.5
-469.0, 191.5
-470.0, 191.5
-471.0, 191.5
-472.0, 191.5
-473.0, 192.5
-473.0, 193.5
-473.0, 194.5
-473.0, 195.5
-474.0, 196.5
-475.0, 196.5
-476.0, 196.5
-477.0, 196.5
-478.0, 196.5
-479.0, 196.5
-480.0, 195.5
-480.0, 194.5
-480.0, 193.5
-479.0, 192.5
-478.0, 192.5
-477.0, 191.5
-477.0, 190.5
-477.0, 189.5
-477.0, 188.5
-477.0, 187.5
-477.0, 186.5
-477.0, 185.5
-477.0, 184.5
-478.0, 183.5
-479.0, 183.5
-480.0, 183.5
-481.0, 184.5
-481.0, 185.5
-481.0, 186.5
-481.0, 187.5
-481.0, 188.5
-481.0, 189.5
-481.0, 190.5
-482.0, 191.5
-483.0, 191.5
-484.0, 192.5
-484.0, 193.5
-484.0, 194.5
-484.0, 195.5
-484.0, 196.5
-484.0, 197.5
-484.0, 198.5
-484.0, 199.5
-483.0, 200.5
-482.0, 200.5
-481.0, 200.5
-480.0, 200.5
-479.0, 200.5
-478.0, 200.5
-477.0, 200.5
-476.0, 200.5
-475.0, 200.5
-474.0, 200.5
-473.0, 201.5
-473.0, 202.5
-473.0, 203.5
-474.0, 204.5
-475.0, 204.5
-476.0, 204.5
-477.0, 204.5
-478.0, 204.5
-479.0, 204.5
-480.0, 204.5
-481.0, 205.5
-481.0, 206.5
-482.0, 207.5
-483.0, 207.5
-484.0, 207.5
-485.0, 206.5
-485.0, 205.5
-485.0, 204.5
-485.0, 203.5
-485.0, 202.5
-485.0, 201.5
-485.0, 200.5
-486.0, 199.5
-487.0, 199.5
-488.0, 199.5
-489.0, 200.5
-489.0, 201.5
-489.0, 202.5
-489.0, 203.5
-489.0, 204.5
-489.0, 205.5
-489.0, 206.5
-489.0, 207.5
-489.0, 208.5
-489.0, 209.5
-490.0, 210.5
-491.0, 210.5
-492.0, 211.5
-493.0, 212.5
-493.0, 213.5
-494.0, 214.5
-495.0, 215.5
-494.0, 216.5
-493.0, 216.5
-492.0, 217.5
-492.0, 218.5
-492.0, 219.5
-492.0, 220.5
-492.0, 221.5
-492.0, 222.5
-493.0, 223.5
-494.0, 223.5
-495.0, 223.5
-496.0, 222.5
-496.0, 221.5
-496.0, 220.5
-496.0, 219.5
-496.0, 218.5
-496.0, 217.5
-496.0, 216.5
-497.0, 215.5
-498.0, 215.5
-499.0, 215.5
-500.0, 215.5
-501.0, 215.5
-502.0, 215.5
-503.0, 215.5
-504.0, 215.5
-505.0, 215.5
-506.0, 215.5
-507.0, 215.5
-508.0, 215.5
-509.0, 214.5
-509.0, 213.5
-509.0, 212.5
-509.0, 211.5
-509.0, 210.5
-509.0, 209.5
-508.0, 208.5
-507.0, 208.5
-506.0, 208.5
-505.0, 208.5
-504.0, 208.5
-503.0, 208.5
-502.0, 208.5
-501.0, 207.5
-501.0, 206.5
-501.0, 205.5
-501.0, 204.5
-501.0, 203.5
-501.0, 202.5
-501.0, 201.5
-500.0, 200.5
-499.0, 200.5
-498.0, 200.5
-497.0, 200.5
-496.0, 199.5
-496.0, 198.5
-496.0, 197.5
-496.0, 196.5
-496.0, 195.5
-496.0, 194.5
-497.0, 193.5
-498.0, 193.5
-499.0, 193.5
-500.0, 193.5
-501.0, 193.5
-502.0, 193.5
-503.0, 193.5
-504.0, 193.5
-505.0, 194.5
-505.0, 195.5
-505.0, 196.5
-505.0, 197.5
-505.0, 198.5
-505.0, 199.5
-505.0, 200.5
-505.0, 201.5
-505.0, 202.5
-505.0, 203.5
-506.0, 204.5
-507.0, 204.5
-508.0, 204.5
-509.0, 204.5
-510.0, 204.5
-511.0, 204.5
-512.0, 204.5
-512.0, 203.5
-512.0, 202.5
-512.0, 201.5
-512.0, 200.5
-512.0, 199.5
-512.0, 198.5
-512.0, 197.5
-512.0, 196.5
-512.0, 195.5
-512.0, 194.5
-512.0, 193.5
-512.0, 192.5
-511.0, 192.5
-510.0, 192.5
-509.0, 192.5
-508.0, 192.5
-507.0, 192.5
-506.0, 192.5
-505.0, 192.5
-504.0, 191.5
-503.0, 190.5
-502.0, 190.5
-501.0, 190.5
-500.0, 190.5
-499.0, 190.5
-498.0, 190.5
-497.0, 190.5
-496.0, 190.5
-495.0, 189.5
-494.0, 189.5
-493.0, 188.5
-492.0, 187.5
-492.0, 186.5
-491.0, 185.5
-490.0, 184.5
-491.0, 183.5
-492.0, 183.5
-493.0, 183.5
-494.0, 183.5
-495.0, 183.5
-496.0, 182.5
-495.0, 181.5
-494.0, 181.5
-493.0, 180.5
-492.0, 179.5
-492.0, 178.5
-491.0, 177.5
-490.0, 176.5
-491.0, 175.5
-492.0, 175.5
-493.0, 175.5
-494.0, 175.5
-495.0, 175.5
-496.0, 175.5
-497.0, 175.5
-498.0, 175.5
-499.0, 175.5
-500.0, 175.5
-501.0, 175.5
-502.0, 175.5
-503.0, 175.5
-504.0, 174.5
-504.0, 173.5
-504.0, 172.5
-504.0, 171.5
-504.0, 170.5
-504.0, 169.5
-504.0, 168.5
-505.0, 167.5
-506.0, 167.5
-507.0, 167.5
-508.0, 167.5
-509.0, 166.5
-509.0, 165.5
-509.0, 164.5
-509.0, 163.5
-509.0, 162.5
-509.0, 161.5
-509.0, 160.5
-509.0, 159.5
-509.0, 158.5
-509.0, 157.5
-509.0, 156.5
-509.0, 155.5
-509.0, 154.5
-509.0, 153.5
-509.0, 152.5
-510.0, 151.5
-511.0, 151.5
-512.0, 151.5
-512.0, 150.5
-512.0, 149.5
-512.0, 148.5
-512.0, 147.5
-512.0, 146.5
-512.0, 145.5
-512.0, 144.5
-512.0, 143.5
-512.0, 142.5
-512.0, 141.5
-512.0, 140.5
-512.0, 139.5
-512.0, 138.5
-512.0, 137.5
-512.0, 136.5
-511.0, 136.5
-510.0, 136.5
-509.0, 136.5
-508.0, 136.5
-507.0, 136.5
-506.0, 136.5
-505.0, 136.5
-504.0, 136.5
-503.0, 136.5
-502.0, 136.5
-501.0, 136.5
-500.0, 136.5
-499.0, 136.5
-498.0, 135.5
-498.0, 134.5
-498.0, 133.5
-498.0, 132.5
-498.0, 131.5
-498.0, 130.5
-498.0, 129.5
-498.0, 128.5
-498.0, 127.5
-498.0, 126.5
-498.0, 125.5
-498.0, 124.5
-498.0, 123.5
-498.0, 122.5
-498.0, 121.5
-498.0, 120.5
-499.0, 119.5
-500.0, 119.5
-501.0, 119.5
-502.0, 119.5
-503.0, 119.5
-504.0, 118.5
-504.0, 117.5
-505.0, 116.5
-506.0, 116.5
-507.0, 116.5
-508.0, 116.5
-509.0, 116.5
-510.0, 116.5
-511.0, 116.5
-512.0, 116.5
-512.0, 115.5
-512.0, 114.5
-512.0, 113.5
-512.0, 112.5
-512.0, 111.5
-512.0, 110.5
-512.0, 109.5
-512.0, 108.5
-512.0, 107.5
-512.0, 106.5
-512.0, 105.5
-512.0, 104.5
-511.0, 104.5
-510.0, 104.5
-509.0, 104.5
-508.0, 104.5
-507.0, 104.5
-506.0, 104.5
-505.0, 104.5
-504.0, 103.5
-504.0, 102.5
-504.0, 101.5
-504.0, 100.5
-503.0, 99.5
-502.0, 99.5
-501.0, 99.5
-500.0, 99.5
-499.0, 99.5
-498.0, 99.5
-497.0, 100.5
-497.0, 101.5
-497.0, 102.5
-497.0, 103.5
-497.0, 104.5
-497.0, 105.5
-497.0, 106.5
-496.0, 107.5
-495.0, 107.5
-494.0, 107.5
-493.0, 107.5
-492.0, 107.5
-491.0, 107.5
-490.0, 107.5
-489.0, 107.5
-488.0, 106.5
-488.0, 105.5
-488.0, 104.5
-489.0, 103.5
-490.0, 103.5
-491.0, 103.5
-492.0, 103.5
-493.0, 102.5
-493.0, 101.5
-493.0, 100.5
-493.0, 99.5
-493.0, 98.5
-493.0, 97.5
-493.0, 96.5
-494.0, 95.5
-495.0, 95.5
-496.0, 95.5
-497.0, 95.5
-498.0, 95.5
-499.0, 95.5
-500.0, 95.5
-501.0, 95.5
-502.0, 95.5
-503.0, 95.5
-504.0, 94.5
-504.0, 93.5
-504.0, 92.5
-504.0, 91.5
-504.0, 90.5
-504.0, 89.5
-504.0, 88.5
-505.0, 87.5
-506.0, 87.5
-507.0, 87.5
-508.0, 87.5
-509.0, 87.5
-510.0, 87.5
-511.0, 87.5
-512.0, 87.5
-512.0, 86.5
-512.0, 85.5
-512.0, 84.5
-512.0, 83.5
-512.0, 82.5
-512.0, 81.5
-512.0, 80.5
-511.0, 80.5
-510.0, 80.5
-509.0, 80.5
-508.0, 80.5
-507.0, 80.5
-506.0, 79.5
-507.0, 78.5
-508.0, 77.5
-508.0, 76.5
-509.0, 75.5
-510.0, 74.5
-511.0, 74.5
-512.0, 73.5
-512.0, 72.5
-512.0, 71.5
-512.0, 70.5
-512.0, 69.5
-512.0, 68.5
-512.0, 67.5
-512.0, 66.5
-512.0, 65.5
-512.0, 64.5
-512.0, 63.5
-512.0, 62.5
-512.0, 61.5
-512.0, 60.5
-512.0, 59.5
-512.0, 58.5
-512.0, 57.5
-512.0, 56.5
-512.0, 55.5
-512.0, 54.5
-512.0, 53.5
-512.0, 52.5
-512.0, 51.5
-512.0, 50.5
-512.0, 49.5
-512.0, 48.5
-512.0, 47.5
-512.0, 46.5
-512.0, 45.5
-512.0, 44.5
-512.0, 43.5
-512.0, 42.5
-512.0, 41.5
-512.0, 40.5
-512.0, 39.5
-512.0, 38.5
-512.0, 37.5
-512.0, 36.5
-512.0, 35.5
-512.0, 34.5
-512.0, 33.5
-512.0, 32.5
-512.0, 31.5
-512.0, 30.5
-512.0, 29.5
-512.0, 28.5
-512.0, 27.5
-512.0, 26.5
-512.0, 25.5
-512.0, 24.5
-511.0, 24.5
-510.0, 24.5
-509.0, 24.5
-508.0, 24.5
-507.0, 24.5
-506.0, 24.5
-505.0, 24.5
-504.0, 23.5
-504.0, 22.5
-504.0, 21.5
-505.0, 20.5
-506.0, 20.5
-507.0, 20.5
-508.0, 20.5
-509.0, 20.5
-510.0, 20.5
-511.0, 20.5
-512.0, 20.5
-512.0, 19.5
-512.0, 18.5
-512.0, 17.5
-512.0, 16.5
-512.0, 15.5
-512.0, 14.5
-512.0, 13.5
-512.0, 12.5
-512.0, 11.5
-511.0, 11.5
-510.0, 11.5
-509.0, 11.5
-508.0, 11.5
-507.0, 11.5
-506.0, 11.5
-505.0, 12.5
-505.0, 13.5
-504.0, 14.5
-503.0, 14.5
-502.0, 14.5
-501.0, 14.5
-500.0, 14.5
-499.0, 14.5
-498.0, 14.5
-497.0, 14.5
-496.0, 13.5
-496.0, 12.5
-496.0, 11.5
-496.0, 10.5
-496.0, 9.5
-495.0, 8.5
-494.0, 8.5
-493.0, 8.5
-492.0, 8.5
-491.0, 8.5
-490.0, 8.5
-489.0, 8.5
-488.0, 7.5
-488.0, 6.5
-488.0, 5.5
-488.0, 4.5
-488.0, 3.5
-488.0, 2.5
-488.0, 1.5
-488.0, 0.5
-489.0, -0.5
-490.0, -0.5
-491.0, -0.5
-492.0, -0.5
-493.0, -0.5
-494.0, -0.5
-495.0, -0.5
-496.0, -1.5
-496.0, -2.5
-496.0, -3.5
-496.0, -4.5
-496.0, -5.5
-496.0, -6.5
-496.0, -7.5
-497.0, -8.5
-498.0, -8.5
-499.0, -8.5
-500.0, -7.5
-500.0, -6.5
-500.0, -5.5
-500.0, -4.5
-500.0, -3.5
-500.0, -2.5
-500.0, -1.5
-501.0, -0.5
-502.0, -0.5
-503.0, -0.5
-504.0, -0.5
-505.0, -0.5
-506.0, -0.5
-507.0, -0.5
-508.0, -0.5
-509.0, -1.5
-509.0, -2.5
-509.0, -3.5
-509.0, -4.5
-509.0, -5.5
-509.0, -6.5
-509.0, -7.5
-510.0, -8.5
-511.0, -8.5
-512.0, -8.5
-512.0, -9.5
-512.0, -10.5
-512.0, -11.5
-512.0, -12.5
-512.0, -13.5
-512.0, -14.5
-512.0, -15.5
-512.0, -16.5
-512.0, -17.5
-512.0, -18.5
-512.0, -19.5
-512.0, -20.5
-512.0, -21.5
-512.0, -22.5
-512.0, -23.5
-511.0, -23.5
-510.0, -23.5
-509.0, -23.5
-508.0, -22.5
-508.0, -21.5
-508.0, -20.5
-508.0, -19.5
-508.0, -18.5
-508.0, -17.5
-508.0, -16.5
-507.0, -15.5
-506.0, -15.5
-505.0, -15.5
-504.0, -15.5
-503.0, -15.5
-502.0, -15.5
-501.0, -16.5
-501.0, -17.5
-501.0, -18.5
-501.0, -19.5
-501.0, -20.5
-501.0, -21.5
-501.0, -22.5
-501.0, -23.5
-501.0, -24.5
-500.0, -25.5
-500.0, -26.5
-499.0, -27.5
-498.0, -27.5
-497.0, -28.5
-496.0, -29.5
-496.0, -30.5
-496.0, -31.5
-497.0, -32.5
-498.0, -32.5
-499.0, -32.5
-500.0, -32.5
-501.0, -32.5
-502.0, -32.5
-503.0, -32.5
-504.0, -32.5
-505.0, -33.5
-504.0, -34.5
-504.0, -35.5
-504.0, -36.5
-504.0, -37.5
-504.0, -38.5
-504.0, -39.5
-505.0, -40.5
-505.0, -41.5
-504.0, -42.5
-504.0, -43.5
-504.0, -44.5
-504.0, -45.5
-504.0, -46.5
-503.0, -47.5
-502.0, -47.5
-501.0, -47.5
-500.0, -47.5
-499.0, -47.5
-498.0, -47.5
-497.0, -46.5
-497.0, -45.5
-497.0, -44.5
-497.0, -43.5
-497.0, -42.5
-497.0, -41.5
-497.0, -40.5
-496.0, -39.5
-495.0, -39.5
-494.0, -39.5
-493.0, -40.5
-493.0, -41.5
-493.0, -42.5
-493.0, -43.5
-493.0, -44.5
-493.0, -45.5
-493.0, -46.5
-493.0, -47.5
-494.0, -48.5
-495.0, -48.5
-496.0, -49.5
-496.0, -50.5
-496.0, -51.5
-496.0, -52.5
-496.0, -53.5
-496.0, -54.5
-495.0, -55.5
-494.0, -55.5
-493.0, -55.5
-492.0, -55.5
-491.0, -55.5
-490.0, -55.5
-489.0, -54.5
-489.0, -53.5
-489.0, -52.5
-489.0, -51.5
-489.0, -50.5
-489.0, -49.5
-489.0, -48.5
-489.0, -47.5
-489.0, -46.5
-489.0, -45.5
-488.0, -44.5
-487.0, -44.5
-486.0, -44.5
-485.0, -44.5
-484.0, -44.5
-483.0, -44.5
-482.0, -44.5
-481.0, -44.5
-480.0, -45.5
-480.0, -46.5
-480.0, -47.5
-480.0, -48.5
-480.0, -49.5
-480.0, -50.5
-480.0, -51.5
-480.0, -52.5
-480.0, -53.5
-480.0, -54.5
-480.0, -55.5
-481.0, -56.5
-482.0, -56.5
-483.0, -56.5
-484.0, -56.5
-485.0, -56.5
-486.0, -56.5
-487.0, -56.5
-488.0, -57.5
-488.0, -58.5
-489.0, -59.5
-490.0, -59.5
-491.0, -59.5
-492.0, -59.5
-493.0, -59.5
-494.0, -59.5
-495.0, -59.5
-496.0, -60.5
-496.0, -61.5
-496.0, -62.5
-495.0, -63.5
-494.0, -63.5
-493.0, -63.5
-492.0, -63.5
-491.0, -63.5
-490.0, -63.5
-489.0, -63.5
-488.0, -63.5
-487.0, -63.5
-486.0, -63.5
-485.0, -63.5
-484.0, -63.5
-483.0, -63.5
-482.0, -63.5
-481.0, -63.5
-480.0, -64.5
-480.0, -65.5
-480.0, -66.5
-481.0, -67.5
-482.0, -67.5
-483.0, -67.5
-484.0, -67.5
-485.0, -67.5
-486.0, -67.5
-487.0, -67.5
-488.0, -68.5
-488.0, -69.5
-488.0, -70.5
-488.0, -71.5
-489.0, -72.5
-490.0, -72.5
-491.0, -72.5
-492.0, -72.5
-493.0, -72.5
-494.0, -72.5
-495.0, -72.5
-496.0, -72.5
-497.0, -71.5
-497.0, -70.5
-497.0, -69.5
-497.0, -68.5
-497.0, -67.5
-497.0, -66.5
-497.0, -65.5
-498.0, -64.5
-499.0, -64.5
-500.0, -64.5
-501.0, -64.5
-502.0, -64.5
-503.0, -64.5
-504.0, -65.5
-504.0, -66.5
-505.0, -67.5
-506.0, -67.5
-507.0, -67.5
-508.0, -67.5
-509.0, -67.5
-510.0, -67.5
-511.0, -67.5
-512.0, -67.5
-512.0, -68.5
-512.0, -69.5
-512.0, -70.5
-512.0, -71.5
-512.0, -72.5
-512.0, -73.5
-512.0, -74.5
-512.0, -75.5
-512.0, -76.5
-511.0, -76.5
-510.0, -76.5
-509.0, -76.5
-508.0, -76.5
-507.0, -76.5
-506.0, -76.5
-505.0, -75.5
-505.0, -74.5
-505.0, -73.5
-505.0, -72.5
-504.0, -71.5
-503.0, -71.5
-502.0, -71.5
-501.0, -72.5
-501.0, -73.5
-501.0, -74.5
-501.0, -75.5
-501.0, -76.5
-501.0, -77.5
-501.0, -78.5
-501.0, -79.5
-502.0, -80.5
-503.0, -80.5
-504.0, -80.5
-505.0, -80.5
-506.0, -80.5
-507.0, -80.5
-508.0, -80.5
-509.0, -81.5
-509.0, -82.5
-509.0, -83.5
-509.0, -84.5
-509.0, -85.5
-509.0, -86.5
-509.0, -87.5
-510.0, -88.5
-509.0, -89.5
-508.0, -89.5
-507.0, -89.5
-506.0, -89.5
-505.0, -89.5
-504.0, -90.5
-504.0, -91.5
-504.0, -92.5
-504.0, -93.5
-504.0, -94.5
-503.0, -95.5
-502.0, -95.5
-501.0, -96.5
-500.0, -97.5
-500.0, -98.5
-499.0, -99.5
-498.0, -99.5
-497.0, -100.5
-496.0, -101.5
-496.0, -102.5
-496.0, -103.5
-496.0, -104.5
-495.0, -105.5
-494.0, -105.5
-493.0, -105.5
-492.0, -105.5
-491.0, -105.5
-490.0, -105.5
-489.0, -105.5
-488.0, -106.5
-488.0, -107.5
-488.0, -108.5
-488.0, -109.5
-488.0, -110.5
-488.0, -111.5
-488.0, -112.5
-487.0, -113.5
-486.0, -113.5
-485.0, -113.5
-484.0, -113.5
-483.0, -113.5
-482.0, -113.5
-481.0, -112.5
-481.0, -111.5
-481.0, -110.5
-481.0, -109.5
-480.0, -108.5
-479.0, -108.5
-478.0, -108.5
-477.0, -108.5
-476.0, -108.5
-475.0, -108.5
-474.0, -108.5
-473.0, -108.5
-472.0, -109.5
-472.0, -110.5
-472.0, -111.5
-473.0, -112.5
-474.0, -113.5
-474.0, -114.5
-474.0, -115.5
-474.0, -116.5
-474.0, -117.5
-474.0, -118.5
-473.0, -119.5
-472.0, -119.5
-471.0, -119.5
-470.0, -119.5
-469.0, -119.5
-468.0, -119.5
-467.0, -119.5
-466.0, -119.5
-465.0, -118.5
-465.0, -117.5
-465.0, -116.5
-465.0, -115.5
-465.0, -114.5
-464.0, -113.5
-463.0, -113.5
-462.0, -113.5
-461.0, -113.5
-460.0, -113.5
-459.0, -113.5
-458.0, -113.5
-457.0, -113.5
-456.0, -114.5
-456.0, -115.5
-456.0, -116.5
-456.0, -117.5
-456.0, -118.5
-455.0, -119.5
-454.0, -119.5
-453.0, -120.5
-452.0, -121.5
-452.0, -122.5
-451.0, -123.5
-450.0, -123.5
-449.0, -122.5
-448.0, -121.5
-447.0, -121.5
-446.0, -121.5
-445.0, -121.5
-444.0, -121.5
-443.0, -121.5
-442.0, -121.5
-441.0, -121.5
-440.0, -122.5
-440.0, -123.5
-440.0, -124.5
-440.0, -125.5
-440.0, -126.5
-439.0, -127.5
-438.0, -127.5
-437.0, -127.5
-436.0, -126.5
-436.0, -125.5
-436.0, -124.5
-436.0, -123.5
-436.0, -122.5
-436.0, -121.5
-437.0, -120.5
-438.0, -120.5
-439.0, -119.5
-439.0, -118.5
-439.0, -117.5
-439.0, -116.5
-439.0, -115.5
-439.0, -114.5
-439.0, -113.5
-439.0, -112.5
-438.0, -111.5
-437.0, -111.5
-436.0, -111.5
-435.0, -111.5
-434.0, -111.5
-433.0, -110.5
-433.0, -109.5
-433.0, -108.5
-433.0, -107.5
-433.0, -106.5
-433.0, -105.5
-433.0, -104.5
-432.0, -103.5
-431.0, -103.5
-430.0, -103.5
-429.0, -104.5
-428.0, -105.5
-428.0, -106.5
-427.0, -107.5
-426.0, -107.5
-425.0, -108.5
-424.0, -109.5
-424.0, -110.5
-424.0, -111.5
-425.0, -112.5
-426.0, -112.5
-427.0, -112.5
-428.0, -112.5
-429.0, -112.5
-430.0, -112.5
-431.0, -112.5
-432.0, -113.5
-432.0, -114.5
-432.0, -115.5
-431.0, -116.5
-430.0, -116.5
-429.0, -116.5
-428.0, -116.5
-427.0, -116.5
-426.0, -116.5
-425.0, -116.5
-424.0, -117.5
-424.0, -118.5
-423.0, -119.5
-422.0, -119.5
-421.0, -119.5
-420.0, -119.5
-419.0, -119.5
-418.0, -119.5
-417.0, -119.5
-416.0, -119.5
-415.0, -119.5
-414.0, -119.5
-413.0, -119.5
-412.0, -119.5
-411.0, -119.5
-410.0, -119.5
-409.0, -118.5
-409.0, -117.5
-409.0, -116.5
-409.0, -115.5
-409.0, -114.5
-409.0, -113.5
-409.0, -112.5
-408.0, -111.5
-407.0, -111.5
-406.0, -111.5
-405.0, -111.5
-404.0, -111.5
-403.0, -111.5
-402.0, -111.5
-401.0, -111.5
-400.0, -112.5
-400.0, -113.5
-400.0, -114.5
-400.0, -115.5
-400.0, -116.5
-400.0, -117.5
-400.0, -118.5
-400.0, -119.5
-399.0, -120.5
-400.0, -121.5
-400.0, -122.5
-400.0, -123.5
-400.0, -124.5
-400.0, -125.5
-400.0, -126.5
-400.0, -127.5
-400.0, -128.5
-400.0, -129.5
-400.0, -130.5
-401.0, -131.5
-402.0, -131.5
-403.0, -131.5
-404.0, -131.5
-405.0, -131.5
-406.0, -131.5
-407.0, -131.5
-408.0, -131.5
-409.0, -130.5
-409.0, -129.5
-410.0, -128.5
-411.0, -128.5
-412.0, -128.5
-413.0, -128.5
-414.0, -128.5
-415.0, -128.5
-416.0, -128.5
-417.0, -127.5
-418.0, -126.5
-419.0, -126.5
-420.0, -126.5
-421.0, -126.5
-422.0, -126.5
-423.0, -126.5
-424.0, -126.5
-425.0, -125.5
-425.0, -124.5
-425.0, -123.5
-425.0, -122.5
-425.0, -121.5
-426.0, -120.5
-427.0, -120.5
-428.0, -120.5
-429.0, -120.5
-430.0, -120.5
-431.0, -120.5
-432.0, -121.5
-432.0, -122.5
-432.0, -123.5
-432.0, -124.5
-432.0, -125.5
-432.0, -126.5
-431.0, -127.5
-430.0, -127.5
-429.0, -127.5
-428.0, -127.5
-427.0, -127.5
-426.0, -127.5
-425.0, -127.5
-424.0, -128.5
-424.0, -129.5
-424.0, -130.5
-424.0, -131.5
-424.0, -132.5
-424.0, -133.5
-424.0, -134.5
-424.0, -135.5
-425.0, -136.5
-426.0, -136.5
-427.0, -136.5
-428.0, -136.5
-429.0, -136.5
-430.0, -136.5
-431.0, -136.5
-432.0, -137.5
-432.0, -138.5
-432.0, -139.5
-432.0, -140.5
-432.0, -141.5
-432.0, -142.5
-432.0, -143.5
-433.0, -144.5
-434.0, -144.5
-435.0, -144.5
-436.0, -144.5
-437.0, -143.5
-437.0, -142.5
-437.0, -141.5
-437.0, -140.5
-437.0, -139.5
-437.0, -138.5
-437.0, -137.5
-438.0, -136.5
-439.0, -136.5
-440.0, -137.5
-440.0, -138.5
-440.0, -139.5
-440.0, -140.5
-440.0, -141.5
-440.0, -142.5
-440.0, -143.5
-440.0, -144.5
-440.0, -145.5
-440.0, -146.5
-441.0, -147.5
-442.0, -147.5
-443.0, -147.5
-444.0, -147.5
-445.0, -147.5
-446.0, -147.5
-447.0, -147.5
-448.0, -147.5
-449.0, -146.5
-449.0, -145.5
-449.0, -144.5
-449.0, -143.5
-450.0, -142.5
-451.0, -142.5
-452.0, -142.5
-453.0, -142.5
-454.0, -142.5
-455.0, -142.5
-456.0, -143.5
-457.0, -144.5
-458.0, -144.5
-459.0, -144.5
-460.0, -144.5
-461.0, -144.5
-462.0, -144.5
-463.0, -144.5
-464.0, -145.5
-464.0, -146.5
-464.0, -147.5
-464.0, -148.5
-464.0, -149.5
-464.0, -150.5
-463.0, -151.5
-462.0, -151.5
-461.0, -151.5
-460.0, -151.5
-459.0, -151.5
-458.0, -151.5
-457.0, -151.5
-456.0, -152.5
-456.0, -153.5
-456.0, -154.5
-456.0, -155.5
-455.0, -156.5
-454.0, -156.5
-453.0, -156.5
-452.0, -156.5
-451.0, -156.5
-450.0, -156.5
-449.0, -156.5
-448.0, -157.5
-448.0, -158.5
-448.0, -159.5
-448.0, -160.5
-448.0, -161.5
-448.0, -162.5
-448.0, -163.5
-447.0, -164.5
-446.0, -164.5
-445.0, -164.5
-444.0, -164.5
-443.0, -164.5
-442.0, -164.5
-441.0, -163.5
-441.0, -162.5
-441.0, -161.5
-441.0, -160.5
-440.0, -159.5
-440.0, -158.5
-441.0, -157.5
-441.0, -156.5
-441.0, -155.5
-441.0, -154.5
-441.0, -153.5
-441.0, -152.5
-440.0, -151.5
-439.0, -151.5
-438.0, -151.5
-437.0, -151.5
-436.0, -151.5
-435.0, -151.5
-434.0, -151.5
-433.0, -151.5
-432.0, -152.5
-432.0, -153.5
-432.0, -154.5
-432.0, -155.5
-432.0, -156.5
-432.0, -157.5
-433.0, -158.5
-432.0, -159.5
-431.0, -159.5
-430.0, -159.5
-429.0, -159.5
-428.0, -159.5
-427.0, -159.5
-426.0, -159.5
-425.0, -158.5
-425.0, -157.5
-425.0, -156.5
-425.0, -155.5
-425.0, -154.5
-425.0, -153.5
-425.0, -152.5
-424.0, -151.5
-423.0, -151.5
-422.0, -151.5
-421.0, -151.5
-420.0, -151.5
-419.0, -151.5
-418.0, -151.5
-417.0, -150.5
-417.0, -149.5
-416.0, -148.5
-415.0, -148.5
-414.0, -148.5
-413.0, -148.5
-412.0, -148.5
-411.0, -148.5
-410.0, -148.5
-409.0, -148.5
-408.0, -149.5
-408.0, -150.5
-408.0, -151.5
-409.0, -152.5
-408.0, -153.5
-407.0, -153.5
-406.0, -152.5
-407.0, -151.5
-406.0, -150.5
-405.0, -149.5
-405.0, -148.5
-404.0, -147.5
-403.0, -146.5
-402.0, -146.5
-401.0, -145.5
-402.0, -144.5
-403.0, -144.5
-404.0, -143.5
-404.0, -142.5
-404.0, -141.5
-404.0, -140.5
-404.0, -139.5
-404.0, -138.5
-404.0, -137.5
-404.0, -136.5
-403.0, -135.5
-402.0, -135.5
-401.0, -135.5
-400.0, -136.5
-400.0, -137.5
-400.0, -138.5
-400.0, -139.5
-400.0, -140.5
-400.0, -141.5
-400.0, -142.5
-399.0, -143.5
-398.0, -143.5
-397.0, -143.5
-396.0, -142.5
-396.0, -141.5
-396.0, -140.5
-396.0, -139.5
-396.0, -138.5
-396.0, -137.5
-396.0, -136.5
-396.0, -135.5
-396.0, -134.5
-396.0, -133.5
-396.0, -132.5
-396.0, -131.5
-396.0, -130.5
-396.0, -129.5
-396.0, -128.5
-395.0, -127.5
-394.0, -127.5
-393.0, -126.5
-394.0, -125.5
-395.0, -125.5
-396.0, -124.5
-397.0, -123.5
-397.0, -122.5
-398.0, -121.5
-399.0, -120.5
-398.0, -119.5
-397.0, -118.5
-397.0, -117.5
-397.0, -116.5
-397.0, -115.5
-397.0, -114.5
-397.0, -113.5
-397.0, -112.5
-396.0, -111.5
-395.0, -111.5
-394.0, -111.5
-393.0, -111.5
-392.0, -112.5
-392.0, -113.5
-392.0, -114.5
-392.0, -115.5
-392.0, -116.5
-392.0, -117.5
-392.0, -118.5
-391.0, -119.5
-390.0, -119.5
-389.0, -119.5
-388.0, -119.5
-387.0, -119.5
-386.0, -120.5
-386.0, -121.5
-386.0, -122.5
-386.0, -123.5
-386.0, -124.5
-386.0, -125.5
-386.0, -126.5
-385.0, -127.5
-384.0, -127.5
-383.0, -127.5
-382.0, -127.5
-381.0, -127.5
-380.0, -126.5
-380.0, -125.5
-380.0, -124.5
-380.0, -123.5
-380.0, -122.5
-380.0, -121.5
-380.0, -120.5
-379.0, -119.5
-378.0, -119.5
-377.0, -119.5
-376.0, -119.5
-375.0, -119.5
-374.0, -119.5
-373.0, -119.5
-372.0, -119.5
-371.0, -119.5
-370.0, -119.5
-369.0, -119.5
-368.0, -119.5
-367.0, -119.5
-366.0, -119.5
-365.0, -119.5
-364.0, -119.5
-363.0, -119.5
-362.0, -120.5
-361.0, -120.5
-360.0, -119.5
-359.0, -119.5
-358.0, -119.5
-357.0, -119.5
-356.0, -119.5
-355.0, -119.5
-354.0, -119.5
-353.0, -118.5
-353.0, -117.5
-353.0, -116.5
-353.0, -115.5
-353.0, -114.5
-353.0, -113.5
-353.0, -112.5
-352.0, -111.5
-351.0, -111.5
-350.0, -111.5
-349.0, -111.5
-348.0, -111.5
-347.0, -111.5
-346.0, -111.5
-345.0, -110.5
-345.0, -109.5
-344.0, -108.5
-343.0, -108.5
-342.0, -108.5
-341.0, -108.5
-340.0, -108.5
-339.0, -108.5
-338.0, -108.5
-337.0, -108.5
-336.0, -108.5
-335.0, -108.5
-334.0, -108.5
-333.0, -108.5
-332.0, -108.5
-331.0, -108.5
-330.0, -108.5
-329.0, -108.5
-328.0, -109.5
-328.0, -110.5
-327.0, -111.5
-326.0, -111.5
-325.0, -111.5
-324.0, -111.5
-323.0, -111.5
-322.0, -112.5
-322.0, -113.5
-322.0, -114.5
-322.0, -115.5
-322.0, -116.5
-321.0, -117.5
-320.0, -116.5
-319.0, -116.5
-318.0, -116.5
-317.0, -116.5
-316.0, -116.5
-315.0, -116.5
-314.0, -116.5
-313.0, -116.5
-312.0, -116.5
-311.0, -116.5
-310.0, -116.5
-309.0, -116.5
-308.0, -116.5
-307.0, -116.5
-306.0, -116.5
-305.0, -116.5
-304.0, -117.5
-304.0, -118.5
-304.0, -119.5
-305.0, -120.5
-306.0, -120.5
-307.0, -120.5
-308.0, -120.5
-309.0, -120.5
-310.0, -120.5
-311.0, -120.5
-312.0, -120.5
-313.0, -120.5
-314.0, -120.5
-315.0, -120.5
-316.0, -120.5
-317.0, -120.5
-318.0, -120.5
-319.0, -120.5
-320.0, -120.5
-321.0, -119.5
-322.0, -120.5
-322.0, -121.5
-322.0, -122.5
-322.0, -123.5
-322.0, -124.5
-321.0, -125.5
-320.0, -124.5
-319.0, -124.5
-318.0, -124.5
-317.0, -124.5
-316.0, -124.5
-315.0, -124.5
-314.0, -124.5
-313.0, -124.5
-312.0, -124.5
-311.0, -124.5
-310.0, -124.5
-309.0, -124.5
-308.0, -124.5
-307.0, -124.5
-306.0, -124.5
-305.0, -124.5
-304.0, -124.5
-303.0, -123.5
-302.0, -123.5
-301.0, -122.5
-301.0, -121.5
-300.0, -120.5
-299.0, -119.5
-298.0, -119.5
-297.0, -118.5
-297.0, -117.5
-296.0, -116.5
-295.0, -116.5
-294.0, -116.5
-293.0, -116.5
-292.0, -116.5
-291.0, -116.5
-290.0, -116.5
-289.0, -116.5
-288.0, -117.5
-287.0, -116.5
-287.0, -115.5
-287.0, -114.5
-287.0, -113.5
-287.0, -112.5
-287.0, -111.5
-286.0, -110.5
-285.0, -109.5
-285.0, -108.5
-284.0, -107.5
-283.0, -106.5
-282.0, -106.5
-281.0, -105.5
-280.0, -106.5
-280.0, -107.5
-280.0, -108.5
-280.0, -109.5
-280.0, -110.5
-280.0, -111.5
-280.0, -112.5
-280.0, -113.5
-280.0, -114.5
-279.0, -115.5
-278.0, -115.5
-277.0, -114.5
-277.0, -113.5
-276.0, -112.5
-275.0, -111.5
-274.0, -111.5
-273.0, -110.5
-273.0, -109.5
-273.0, -108.5
-273.0, -107.5
-273.0, -106.5
-272.0, -105.5
-271.0, -105.5
-270.0, -105.5
-269.0, -105.5
-268.0, -105.5
-267.0, -105.5
-266.0, -105.5
-265.0, -105.5
-264.0, -106.5
-264.0, -107.5
-263.0, -108.5
-262.0, -108.5
-261.0, -108.5
-260.0, -108.5
-259.0, -108.5
-258.0, -108.5
-257.0, -108.5
-256.0, -109.5
-255.0, -108.5
-254.0, -107.5
-254.0, -106.5
-253.0, -105.5
-252.0, -106.5
-251.0, -107.5
-251.0, -108.5
-251.0, -109.5
-251.0, -110.5
-251.0, -111.5
-252.0, -112.5
-253.0, -112.5
-254.0, -112.5
-255.0, -111.5
-256.0, -111.5
-257.0, -112.5
-258.0, -112.5
-259.0, -112.5
-260.0, -112.5
-261.0, -112.5
-262.0, -112.5
-263.0, -112.5
-264.0, -113.5
-264.0, -114.5
-264.0, -115.5
-264.0, -116.5
-264.0, -117.5
-264.0, -118.5
-263.0, -119.5
-262.0, -119.5
-261.0, -119.5
-260.0, -119.5
-259.0, -119.5
-258.0, -119.5
-257.0, -119.5
-256.0, -120.5
-256.0, -121.5
-256.0, -122.5
-256.0, -123.5
-256.0, -124.5
-256.0, -125.5
-257.0, -126.5
-257.0, -127.5
-256.0, -128.5
-256.0, -129.5
-256.0, -130.5
-256.0, -131.5
-256.0, -132.5
-256.0, -133.5
-256.0, -134.5
-255.0, -135.5
-254.0, -135.5
-253.0, -135.5
-252.0, -135.5
-251.0, -135.5
-250.0, -135.5
-249.0, -135.5
-248.0, -135.5
-247.0, -135.5
-246.0, -135.5
-245.0, -135.5
-244.0, -135.5
-243.0, -135.5
-242.0, -135.5
-241.0, -134.5
-241.0, -133.5
-241.0, -132.5
-240.0, -131.5
-239.0, -131.5
-238.0, -131.5
-237.0, -132.5
-236.0, -133.5
-235.0, -134.5
-234.0, -135.5
-233.0, -135.5
-232.0, -136.5
-232.0, -137.5
-231.0, -138.5
-230.0, -138.5
-229.0, -139.5
-228.0, -140.5
-228.0, -141.5
-227.0, -142.5
-226.0, -143.5
-226.0, -144.5
-226.0, -145.5
-226.0, -146.5
-226.0, -147.5
-226.0, -148.5
-226.0, -149.5
-226.0, -150.5
-225.0, -151.5
-224.0, -151.5
-223.0, -151.5
-222.0, -151.5
-221.0, -151.5
-220.0, -151.5
-219.0, -151.5
-218.0, -151.5
-217.0, -150.5
-217.0, -149.5
-216.0, -148.5
-215.0, -149.5
-214.0, -149.5
-213.0, -150.5
-212.0, -151.5
-211.0, -151.5
-210.0, -151.5
-209.0, -151.5
-208.0, -152.5
-207.0, -153.5
-206.0, -153.5
-205.0, -153.5
-204.0, -153.5
-203.0, -153.5
-202.0, -153.5
-201.0, -153.5
-200.0, -154.5
-199.0, -155.5
-198.0, -155.5
-197.0, -156.5
-196.0, -156.5
-195.0, -157.5
-194.0, -157.5
-193.0, -158.5
-192.0, -157.5
-191.0, -157.5
-190.0, -157.5
-189.0, -158.5
-188.0, -158.5
-187.0, -158.5
-186.0, -158.5
-185.0, -159.5
-184.0, -160.5
-184.0, -161.5
-184.0, -162.5
-183.0, -163.5
-182.0, -163.5
-181.0, -163.5
-180.0, -163.5
-179.0, -163.5
-178.0, -163.5
-177.0, -163.5
-176.0, -164.5
-176.0, -165.5
-176.0, -166.5
-176.0, -167.5
-176.0, -168.5
-176.0, -169.5
-176.0, -170.5
-176.0, -171.5
-176.0, -172.5
-176.0, -173.5
-176.0, -174.5
-176.0, -175.5
-176.0, -176.5
-175.0, -177.5
-174.0, -177.5
-173.0, -177.5
-172.0, -177.5
-171.0, -177.5
-170.0, -177.5
-169.0, -176.5
-169.0, -175.5
-169.0, -174.5
-169.0, -173.5
-168.0, -172.5
-167.0, -172.5
-166.0, -172.5
-165.0, -172.5
-164.0, -172.5
-163.0, -172.5
-162.0, -172.5
-161.0, -171.5
-161.0, -170.5
-161.0, -169.5
-162.0, -168.5
-163.0, -168.5
-164.0, -168.5
-165.0, -168.5
-166.0, -168.5
-167.0, -168.5
-168.0, -168.5
-169.0, -167.5
-169.0, -166.5
-169.0, -165.5
-168.0, -164.5
-167.0, -164.5
-166.0, -165.5
-165.0, -165.5
-164.0, -165.5
-163.0, -165.5
-162.0, -166.5
-161.0, -166.5
-160.0, -165.5
-159.0, -165.5
-158.0, -165.5
-157.0, -165.5
-156.0, -165.5
-155.0, -165.5
-154.0, -165.5
-153.0, -165.5
-152.0, -165.5
-151.0, -165.5
-150.0, -165.5
-149.0, -165.5
-148.0, -165.5
-147.0, -165.5
-146.0, -165.5
-145.0, -165.5
-144.0, -166.5
-143.0, -166.5
-142.0, -166.5
-141.0, -166.5
-140.0, -165.5
-139.0, -165.5
-138.0, -165.5
-137.0, -165.5
-136.0, -165.5
-135.0, -165.5
-134.0, -165.5
-133.0, -165.5
-132.0, -165.5
-131.0, -165.5
-130.0, -165.5
-129.0, -165.5
-128.0, -166.5
-128.0, -167.5
-129.0, -168.5
-130.0, -168.5
-131.0, -168.5
-132.0, -168.5
-133.0, -168.5
-134.0, -168.5
-135.0, -168.5
-136.0, -169.5
-136.0, -170.5
-136.0, -171.5
-136.0, -172.5
-136.0, -173.5
-136.0, -174.5
-136.0, -175.5
-137.0, -176.5
-138.0, -176.5
-139.0, -176.5
-140.0, -176.5
-141.0, -176.5
-142.0, -176.5
-143.0, -176.5
-144.0, -177.5
-144.0, -178.5
-145.0, -179.5
-146.0, -179.5
-147.0, -179.5
-148.0, -179.5
-149.0, -179.5
-150.0, -179.5
-151.0, -179.5
-152.0, -179.5
-153.0, -178.5
-153.0, -177.5
-153.0, -176.5
-152.0, -175.5
-151.0, -175.5
-150.0, -175.5
-149.0, -175.5
-148.0, -175.5
-147.0, -175.5
-146.0, -175.5
-145.0, -174.5
-145.0, -173.5
-145.0, -172.5
-145.0, -171.5
-145.0, -170.5
-145.0, -169.5
-146.0, -168.5
-147.0, -168.5
-148.0, -168.5
-149.0, -168.5
-150.0, -168.5
-151.0, -168.5
-152.0, -168.5
-153.0, -168.5
-154.0, -168.5
-155.0, -168.5
-156.0, -168.5
-157.0, -169.5
-157.0, -170.5
-157.0, -171.5
-157.0, -172.5
-157.0, -173.5
-157.0, -174.5
-157.0, -175.5
-158.0, -176.5
-159.0, -176.5
-160.0, -176.5
-161.0, -176.5
-162.0, -176.5
-163.0, -176.5
-164.0, -177.5
-164.0, -178.5
-163.0, -179.5
-162.0, -179.5
-161.0, -180.5
-160.0, -181.5
-160.0, -182.5
-159.0, -183.5
-158.0, -183.5
-157.0, -184.5
-157.0, -185.5
-157.0, -186.5
-157.0, -187.5
-157.0, -188.5
-157.0, -189.5
-157.0, -190.5
-156.0, -191.5
-155.0, -191.5
-154.0, -191.5
-153.0, -190.5
-153.0, -189.5
-152.0, -188.5
-151.0, -188.5
-150.0, -188.5
-149.0, -188.5
-148.0, -188.5
-147.0, -188.5
-146.0, -188.5
-145.0, -188.5
-144.0, -189.5
-144.0, -190.5
-143.0, -191.5
-142.0, -191.5
-141.0, -191.5
-140.0, -191.5
-139.0, -191.5
-138.0, -191.5
-137.0, -191.5
-136.0, -192.5
-136.0, -193.5
-136.0, -194.5
-136.0, -195.5
-136.0, -196.5
-136.0, -197.5
-136.0, -198.5
-135.0, -199.5
-134.0, -199.5
-133.0, -199.5
-132.0, -198.5
-132.0, -197.5
-132.0, -196.5
-132.0, -195.5
-132.0, -194.5
-132.0, -193.5
-132.0, -192.5
-131.0, -191.5
-130.0, -191.5
-129.0, -191.5
-128.0, -192.5
-127.0, -193.5
-126.0, -193.5
-125.0, -193.5
-124.0, -193.5
-123.0, -192.5
-124.0, -191.5
-124.0, -190.5
-124.0, -189.5
-124.0, -188.5
-124.0, -187.5
-124.0, -186.5
-124.0, -185.5
-125.0, -184.5
-126.0, -184.5
-127.0, -184.5
-128.0, -184.5
-129.0, -183.5
-129.0, -182.5
-129.0, -181.5
-129.0, -180.5
-129.0, -179.5
-129.0, -178.5
-129.0, -177.5
-129.0, -176.5
-128.0, -175.5
-127.0, -175.5
-126.0, -175.5
-125.0, -175.5
-124.0, -174.5
-124.0, -173.5
-124.0, -172.5
-124.0, -171.5
-124.0, -170.5
-124.0, -169.5
-125.0, -168.5
-126.0, -167.5
-125.0, -166.5
-124.0, -165.5
-123.0, -165.5
-122.0, -164.5
-121.0, -164.5
-120.0, -164.5
-119.0, -164.5
-118.0, -164.5
-117.0, -164.5
-116.0, -164.5
-115.0, -164.5
-114.0, -164.5
-113.0, -164.5
-112.0, -165.5
-112.0, -166.5
-112.0, -167.5
-113.0, -168.5
-114.0, -168.5
-115.0, -168.5
-116.0, -168.5
-117.0, -168.5
-118.0, -168.5
-119.0, -168.5
-120.0, -169.5
-120.0, -170.5
-120.0, -171.5
-120.0, -172.5
-120.0, -173.5
-120.0, -174.5
-120.0, -175.5
-120.0, -176.5
-120.0, -177.5
-120.0, -178.5
-120.0, -179.5
-120.0, -180.5
-120.0, -181.5
-120.0, -182.5
-120.0, -183.5
-120.0, -184.5
-120.0, -185.5
-120.0, -186.5
-120.0, -187.5
-120.0, -188.5
-120.0, -189.5
-120.0, -190.5
-120.0, -191.5
-121.0, -192.5
-121.0, -193.5
-120.0, -194.5
-120.0, -195.5
-120.0, -196.5
-120.0, -197.5
-120.0, -198.5
-119.0, -199.5
-118.0, -199.5
-117.0, -199.5
-116.0, -199.5
-115.0, -199.5
-114.0, -199.5
-113.0, -198.5
-113.0, -197.5
-113.0, -196.5
-113.0, -195.5
-113.0, -194.5
-113.0, -193.5
-113.0, -192.5
-113.0, -191.5
-113.0, -190.5
-113.0, -189.5
-113.0, -188.5
-113.0, -187.5
-113.0, -186.5
-113.0, -185.5
-113.0, -184.5
-112.0, -183.5
-111.0, -183.5
-110.0, -183.5
-109.0, -183.5
-108.0, -183.5
-107.0, -183.5
-106.0, -183.5
-105.0, -183.5
-104.0, -184.5
-103.0, -184.5
-102.0, -183.5
-101.0, -183.5
-100.0, -183.5
-99.0, -183.5
-98.0, -183.5
-97.0, -183.5
-96.0, -183.5
-95.0, -183.5
-94.0, -183.5
-93.0, -183.5
-92.0, -183.5
-91.0, -183.5
-90.0, -184.5
-89.0, -183.5
-89.0, -182.5
-89.0, -181.5
-89.0, -180.5
-89.0, -179.5
-89.0, -178.5
-89.0, -177.5
-89.0, -176.5
-89.0, -175.5
-89.0, -174.5
-89.0, -173.5
-89.0, -172.5
-89.0, -171.5
-89.0, -170.5
-88.0, -169.5
-88.0, -168.5
-89.0, -167.5
-89.0, -166.5
-89.0, -165.5
-89.0, -164.5
-89.0, -163.5
-89.0, -162.5
-89.0, -161.5
-90.0, -160.5
-91.0, -160.5
-92.0, -160.5
-93.0, -160.5
-94.0, -160.5
-95.0, -160.5
-96.0, -161.5
-95.0, -162.5
-94.0, -162.5
-93.0, -163.5
-92.0, -164.5
-92.0, -165.5
-91.0, -166.5
-90.0, -167.5
-91.0, -168.5
-92.0, -168.5
-93.0, -168.5
-94.0, -168.5
-95.0, -168.5
-96.0, -169.5
-96.0, -170.5
-96.0, -171.5
-96.0, -172.5
-96.0, -173.5
-96.0, -174.5
-96.0, -175.5
-97.0, -176.5
-98.0, -176.5
-99.0, -176.5
-100.0, -175.5
-100.0, -174.5
-100.0, -173.5
-100.0, -172.5
-100.0, -171.5
-100.0, -170.5
-100.0, -169.5
-100.0, -168.5
-99.0, -167.5
-98.0, -167.5
-97.0, -166.5
-97.0, -165.5
-97.0, -164.5
-98.0, -163.5
-99.0, -163.5
-100.0, -163.5
-101.0, -163.5
-102.0, -163.5
-103.0, -163.5
-104.0, -164.5
-104.0, -165.5
-104.0, -166.5
-104.0, -167.5
-105.0, -168.5
-106.0, -168.5
-107.0, -168.5
-108.0, -167.5
-108.0, -166.5
-108.0, -165.5
-108.0, -164.5
-108.0, -163.5
-108.0, -162.5
-108.0, -161.5
-108.0, -160.5
-107.0, -159.5
-106.0, -158.5
-105.0, -158.5
-104.0, -159.5
-103.0, -159.5
-102.0, -159.5
-101.0, -158.5
-100.0, -157.5
-99.0, -157.5
-98.0, -157.5
-97.0, -157.5
-96.0, -157.5
-95.0, -157.5
-94.0, -157.5
-93.0, -157.5
-92.0, -157.5
-91.0, -157.5
-90.0, -157.5
-89.0, -156.5
-89.0, -155.5
-89.0, -154.5
-89.0, -153.5
-89.0, -152.5
-88.0, -151.5
-87.0, -151.5
-86.0, -151.5
-85.0, -151.5
-84.0, -150.5
-83.0, -149.5
-82.0, -149.5
-81.0, -148.5
-80.0, -149.5
-80.0, -150.5
-79.0, -151.5
-78.0, -151.5
-77.0, -151.5
-76.0, -151.5
-75.0, -150.5
-74.0, -149.5
-73.0, -148.5
-72.0, -148.5
-71.0, -148.5
-70.0, -148.5
-69.0, -148.5
-68.0, -148.5
-67.0, -148.5
-66.0, -148.5
-65.0, -148.5
-64.0, -149.5
-64.0, -150.5
-63.0, -151.5
-62.0, -151.5
-61.0, -151.5
-60.0, -151.5
-59.0, -151.5
-58.0, -151.5
-57.0, -150.5
-57.0, -149.5
-57.0, -148.5
-57.0, -147.5
-57.0, -146.5
-56.0, -145.5
-55.0, -145.5
-54.0, -145.5
-53.0, -145.5
-52.0, -145.5
-51.0, -145.5
-50.0, -145.5
-49.0, -145.5
-48.0, -146.5
-48.0, -147.5
-48.0, -148.5
-48.0, -149.5
-48.0, -150.5
-48.0, -151.5
-47.0, -152.5
-46.0, -151.5
-45.0, -151.5
-44.0, -150.5
-44.0, -149.5
-44.0, -148.5
-44.0, -147.5
-44.0, -146.5
-44.0, -145.5
-44.0, -144.5
-43.0, -143.5
-42.0, -143.5
-41.0, -143.5
-40.0, -143.5
-39.0, -143.5
-38.0, -143.5
-37.0, -143.5
-36.0, -143.5
-35.0, -143.5
-34.0, -143.5
-33.0, -143.5
-32.0, -144.5
-32.0, -145.5
-32.0, -146.5
-32.0, -147.5
-32.0, -148.5
-32.0, -149.5
-32.0, -150.5
-32.0, -151.5
-33.0, -152.5
-34.0, -153.5
-34.0, -154.5
-34.0, -155.5
-34.0, -156.5
-34.0, -157.5
-34.0, -158.5
-33.0, -159.5
-32.0, -160.5
-32.0, -161.5
-32.0, -162.5
-33.0, -163.5
-34.0, -163.5
-35.0, -163.5
-36.0, -163.5
-37.0, -163.5
-38.0, -163.5
-39.0, -163.5
-40.0, -163.5
-41.0, -162.5
-41.0, -161.5
-42.0, -160.5
-43.0, -160.5
-44.0, -160.5
-45.0, -160.5
-46.0, -160.5
-47.0, -159.5
-47.0, -158.5
-48.0, -157.5
-49.0, -158.5
-50.0, -157.5
-51.0, -157.5
-52.0, -156.5
-53.0, -155.5
-53.0, -154.5
-54.0, -153.5
-55.0, -152.5
-56.0, -153.5
-56.0, -154.5
-56.0, -155.5
-56.0, -156.5
-56.0, -157.5
-56.0, -158.5
-55.0, -159.5
-54.0, -159.5
-53.0, -159.5
-52.0, -159.5
-51.0, -159.5
-50.0, -160.5
-50.0, -161.5
-50.0, -162.5
-50.0, -163.5
-50.0, -164.5
-50.0, -165.5
-50.0, -166.5
-49.0, -167.5
-48.0, -167.5
-47.0, -167.5
-46.0, -167.5
-45.0, -167.5
-44.0, -167.5
-43.0, -167.5
-42.0, -167.5
-41.0, -167.5
-40.0, -168.5
-40.0, -169.5
-40.0, -170.5
-41.0, -171.5
-42.0, -171.5
-43.0, -171.5
-44.0, -171.5
-45.0, -171.5
-46.0, -171.5
-47.0, -171.5
-48.0, -172.5
-48.0, -173.5
-48.0, -174.5
-48.0, -175.5
-49.0, -176.5
-50.0, -176.5
-51.0, -176.5
-52.0, -175.5
-52.0, -174.5
-52.0, -173.5
-52.0, -172.5
-52.0, -171.5
-52.0, -170.5
-52.0, -169.5
-53.0, -168.5
-54.0, -168.5
-55.0, -168.5
-56.0, -169.5
-56.0, -170.5
-56.0, -171.5
-56.0, -172.5
-56.0, -173.5
-56.0, -174.5
-56.0, -175.5
-57.0, -176.5
-58.0, -176.5
-59.0, -176.5
-60.0, -176.5
-61.0, -176.5
-62.0, -176.5
-63.0, -176.5
-64.0, -177.5
-64.0, -178.5
-64.0, -179.5
-63.0, -180.5
-62.0, -180.5
-61.0, -180.5
-60.0, -180.5
-59.0, -180.5
-58.0, -180.5
-57.0, -180.5
-56.0, -181.5
-56.0, -182.5
-56.0, -183.5
-57.0, -184.5
-58.0, -184.5
-59.0, -184.5
-60.0, -184.5
-61.0, -184.5
-62.0, -184.5
-63.0, -184.5
-64.0, -185.5
-64.0, -186.5
-64.0, -187.5
-64.0, -188.5
-64.0, -189.5
-64.0, -190.5
-63.0, -191.5
-62.0, -191.5
-61.0, -191.5
-60.0, -191.5
-59.0, -191.5
-58.0, -191.5
-57.0, -191.5
-56.0, -192.5
-55.0, -192.5
-54.0, -191.5
-53.0, -191.5
-52.0, -191.5
-51.0, -191.5
-50.0, -191.5
-49.0, -190.5
-49.0, -189.5
-49.0, -188.5
-49.0, -187.5
-49.0, -186.5
-49.0, -185.5
-49.0, -184.5
-48.0, -183.5
-47.0, -183.5
-46.0, -183.5
-45.0, -183.5
-44.0, -182.5
-44.0, -181.5
-44.0, -180.5
-44.0, -179.5
-44.0, -178.5
-44.0, -177.5
-44.0, -176.5
-43.0, -175.5
-42.0, -175.5
-41.0, -174.5
-41.0, -173.5
-40.0, -172.5
-39.0, -172.5
-38.0, -172.5
-37.0, -172.5
-36.0, -172.5
-35.0, -172.5
-34.0, -172.5
-33.0, -172.5
-32.0, -173.5
-32.0, -174.5
-32.0, -175.5
-33.0, -176.5
-34.0, -176.5
-35.0, -176.5
-36.0, -176.5
-37.0, -176.5
-38.0, -176.5
-39.0, -176.5
-40.0, -177.5
-40.0, -178.5
-40.0, -179.5
-40.0, -180.5
-40.0, -181.5
-40.0, -182.5
-39.0, -183.5
-38.0, -183.5
-37.0, -183.5
-36.0, -183.5
-35.0, -183.5
-34.0, -183.5
-33.0, -183.5
-32.0, -184.5
-32.0, -185.5
-32.0, -186.5
-32.0, -187.5
-32.0, -188.5
-32.0, -189.5
-32.0, -190.5
-32.0, -191.5
-33.0, -192.5
-34.0, -193.5
-34.0, -194.5
-34.0, -195.5
-34.0, -196.5
-33.0, -197.5
-32.0, -196.5
-31.0, -196.5
-30.0, -196.5
-29.0, -196.5
-28.0, -196.5
-27.0, -196.5
-26.0, -196.5
-25.0, -196.5
-24.0, -197.5
-24.0, -198.5
-24.0, -199.5
-24.0, -200.5
-24.0, -201.5
-24.0, -202.5
-24.0, -203.5
-24.0, -204.5
-24.0, -205.5
-24.0, -206.5
-24.0, -207.5
-25.0, -208.5
-26.0, -208.5
-27.0, -208.5
-28.0, -208.5
-29.0, -209.5
-29.0, -210.5
-29.0, -211.5
-29.0, -212.5
-29.0, -213.5
-29.0, -214.5
-29.0, -215.5
-28.0, -216.5
-28.0, -217.5
-28.0, -218.5
-28.0, -219.5
-28.0, -220.5
-28.0, -221.5
-28.0, -222.5
-28.0, -223.5
-29.0, -224.5
-30.0, -225.5
-30.0, -226.5
-30.0, -227.5
-30.0, -228.5
-30.0, -229.5
-30.0, -230.5
-30.0, -231.5
-30.0, -232.5
-30.0, -233.5
-30.0, -234.5
-30.0, -235.5
-30.0, -236.5
-30.0, -237.5
-30.0, -238.5
-30.0, -239.5
-30.0, -240.5
-30.0, -241.5
-29.0, -242.5
-29.0, -243.5
-28.0, -244.5
-28.0, -245.5
-27.0, -246.5
-27.0, -247.5
-28.0, -248.5
-29.0, -248.5
-30.0, -248.5
-31.0, -248.5
-32.0, -249.5
-31.0, -250.5
-30.0, -250.5
-29.0, -251.5
-28.0, -252.5
-28.0, -253.5
-27.0, -254.5
-26.0, -255.5
-25.0, -254.5
-24.0, -253.5
-23.0, -254.5
-22.0, -255.5
-23.0, -256.5
-23.0, -257.5
-22.0, -258.5
-21.0, -259.5
-20.0, -260.5
-19.0, -261.5
-18.0, -262.5
-17.0, -263.5
-16.0, -263.5
-15.0, -263.5
-14.0, -263.5
-13.0, -263.5
-12.0, -263.5
-11.0, -263.5
-10.0, -263.5
-9.0, -263.5
-8.0, -263.5
-7.0, -263.5
-6.0, -263.5
-5.0, -263.5
-4.0, -263.5
-3.0, -263.5
-2.0, -263.5
-1.0, -263.5
0.0, -262.5
1.0, -262.5
2.0, -262.5
3.0, -262.5
4.0, -262.5
5.0, -262.5
6.0, -262.5
7.0, -262.5
8.0, -263.5
9.0, -263.5
10.0, -263.5
11.0, -262.5
12.0, -261.5
13.0, -261.5
14.0, -260.5
15.0, -260.5
16.0, -260.5
17.0, -260.5
18.0, -260.5
19.0, -260.5
20.0, -260.5
21.0, -260.5
22.0, -260.5
23.0, -259.5
23.0, -258.5
23.0, -257.5
22.0, -256.5
21.0, -256.5
20.0, -255.5
20.0, -254.5
21.0, -253.5
22.0, -252.5
23.0, -252.5
24.0, -253.5
24.0, -254.5
25.0, -255.5
26.0, -255.5
27.0, -255.5
28.0, -254.5
28.0, -253.5
28.0, -252.5
28.0, -251.5
28.0, -250.5
28.0, -249.5
28.0, -248.5
29.0, -247.5
30.0, -247.5
31.0, -247.5
32.0, -247.5
33.0, -247.5
34.0, -247.5
35.0, -247.5
36.0, -247.5
37.0, -247.5
38.0, -247.5
39.0, -247.5
40.0, -248.5
40.0, -249.5
40.0, -250.5
40.0, -251.5
40.0, -252.5
40.0, -253.5
39.0, -254.5
38.0, -254.5
37.0, -254.5
36.0, -254.5
35.0, -254.5
34.0, -254.5
33.0, -254.5
32.0, -255.5
31.0, -256.5
30.0, -257.5
31.0, -258.5
32.0, -257.5
33.0, -257.5
34.0, -257.5
35.0, -257.5
36.0, -257.5
37.0, -257.5
38.0, -257.5
39.0, -257.5
40.0, -257.5
41.0, -257.5
42.0, -257.5
43.0, -257.5
44.0, -257.5
45.0, -256.5
44.0, -255.5
44.0, -254.5
44.0, -253.5
44.0, -252.5
44.0, -251.5
44.0, -250.5
44.0, -249.5
44.0, -248.5
45.0, -247.5
46.0, -247.5
47.0, -247.5
48.0, -248.5
48.0, -249.5
48.0, -250.5
48.0, -251.5
49.0, -252.5
50.0, -252.5
51.0, -252.5
52.0, -252.5
53.0, -252.5
54.0, -252.5
55.0, -252.5
56.0, -253.5
57.0, -252.5
57.0, -251.5
57.0, -250.5
57.0, -249.5
57.0, -248.5
56.0, -247.5
55.0, -248.5
54.0, -248.5
53.0, -248.5
52.0, -247.5
52.0, -246.5
52.0, -245.5
52.0, -244.5
52.0, -243.5
52.0, -242.5
52.0, -241.5
52.0, -240.5
52.0, -239.5
52.0, -238.5
52.0, -237.5
52.0, -236.5
52.0, -235.5
52.0, -234.5
52.0, -233.5
52.0, -232.5
53.0, -231.5
54.0, -231.5
55.0, -231.5
56.0, -232.5
56.0, -233.5
56.0, -234.5
56.0, -235.5
56.0, -236.5
56.0, -237.5
56.0, -238.5
56.0, -239.5
57.0, -240.5
58.0, -239.5
59.0, -239.5
60.0, -239.5
61.0, -239.5
62.0, -239.5
63.0, -239.5
64.0, -240.5
65.0, -241.5
66.0, -241.5
67.0, -241.5
68.0, -241.5
69.0, -241.5
70.0, -241.5
71.0, -240.5
71.0, -239.5
71.0, -238.5
71.0, -237.5
72.0, -236.5
73.0, -236.5
74.0, -236.5
75.0, -236.5
76.0, -236.5
77.0, -236.5
78.0, -236.5
79.0, -236.5
80.0, -237.5
80.0, -238.5
81.0, -239.5
82.0, -239.5
83.0, -239.5
84.0, -239.5
85.0, -239.5
86.0, -239.5
87.0, -238.5
87.0, -237.5
87.0, -236.5
87.0, -235.5
87.0, -234.5
87.0, -233.5
87.0, -232.5
87.0, -231.5
87.0, -230.5
87.0, -229.5
88.0, -228.5
89.0, -228.5
90.0, -228.5
91.0, -228.5
92.0, -228.5
93.0, -228.5
94.0, -228.5
95.0, -228.5
96.0, -229.5
97.0, -228.5
97.0, -227.5
97.0, -226.5
97.0, -225.5
97.0, -224.5
96.0, -223.5
95.0, -224.5
94.0, -224.5
93.0, -224.5
92.0, -224.5
91.0, -224.5
90.0, -224.5
89.0, -223.5
88.0, -223.5
87.0, -224.5
86.0, -224.5
85.0, -224.5
84.0, -224.5
83.0, -224.5
82.0, -224.5
81.0, -224.5
80.0, -224.5
79.0, -223.5
79.0, -222.5
79.0, -221.5
79.0, -220.5
79.0, -219.5
79.0, -218.5
79.0, -217.5
78.0, -216.5
77.0, -216.5
76.0, -216.5
75.0, -216.5
74.0, -216.5
73.0, -216.5
72.0, -217.5
72.0, -218.5
72.0, -219.5
72.0, -220.5
72.0, -221.5
72.0, -222.5
72.0, -223.5
71.0, -224.5
70.0, -224.5
69.0, -224.5
68.0, -224.5
67.0, -224.5
66.0, -224.5
65.0, -224.5
64.0, -225.5
64.0, -226.5
63.0, -227.5
62.0, -227.5
61.0, -227.5
60.0, -227.5
59.0, -227.5
58.0, -227.5
57.0, -227.5
56.0, -227.5
55.0, -226.5
55.0, -225.5
55.0, -224.5
56.0, -223.5
57.0, -223.5
58.0, -223.5
59.0, -223.5
60.0, -223.5
61.0, -223.5
62.0, -223.5
63.0, -222.5
63.0, -221.5
63.0, -220.5
63.0, -219.5
63.0, -218.5
63.0, -217.5
62.0, -216.5
61.0, -216.5
60.0, -216.5
59.0, -216.5
58.0, -216.5
57.0, -216.5
56.0, -217.5
56.0, -218.5
55.0, -219.5
54.0, -219.5
53.0, -219.5
52.0, -219.5
51.0, -219.5
50.0, -219.5
49.0, -219.5
48.0, -219.5
47.0, -218.5
47.0, -217.5
46.0, -216.5
45.0, -216.5
44.0, -216.5
43.0, -216.5
42.0, -216.5
41.0, -216.5
40.0, -216.5
39.0, -216.5
38.0, -216.5
37.0, -216.5
36.0, -216.5
35.0, -216.5
34.0, -216.5
33.0, -216.5
32.0, -217.5
32.0, -218.5
32.0, -219.5
32.0, -220.5
32.0, -221.5
32.0, -222.5
32.0, -223.5
32.0, -224.5
32.0, -225.5
32.0, -226.5
32.0, -227.5
33.0, -228.5
34.0, -228.5
35.0, -228.5
36.0, -228.5
37.0, -228.5
38.0, -228.5
39.0, -227.5
39.0, -226.5
39.0, -225.5
39.0, -224.5
40.0, -223.5
41.0, -223.5
42.0, -223.5
43.0, -224.5
44.0, -225.5
44.0, -226.5
45.0, -227.5
46.0, -227.5
47.0, -228.5
48.0, -229.5
48.0, -230.5
48.0, -231.5
48.0, -232.5
48.0, -233.5
48.0, -234.5
48.0, -235.5
48.0, -236.5
48.0, -237.5
48.0, -238.5
48.0, -239.5
47.0, -240.5
46.0, -240.5
45.0, -240.5
44.0, -240.5
43.0, -240.5
42.0, -240.5
41.0, -240.5
40.0, -240.5
39.0, -239.5
39.0, -238.5
39.0, -237.5
39.0, -236.5
39.0, -235.5
39.0, -234.5
39.0, -233.5
38.0, -232.5
37.0, -232.5
36.0, -232.5
35.0, -233.5
35.0, -234.5
35.0, -235.5
35.0, -236.5
35.0, -237.5
35.0, -238.5
35.0, -239.5
34.0, -240.5
33.0, -240.5
32.0, -240.5
31.0, -239.5
31.0, -238.5
30.0, -237.5
29.0, -237.5
28.0, -236.5
27.0, -235.5
27.0, -234.5
26.0, -233.5
25.0, -232.5
26.0, -231.5
27.0, -231.5
28.0, -231.5
29.0, -230.5
29.0, -229.5
29.0, -228.5
29.0, -227.5
29.0, -226.5
29.0, -225.5
29.0, -224.5
28.0, -223.5
28.0, -222.5
28.0, -221.5
28.0, -220.5
28.0, -219.5
28.0, -218.5
28.0, -217.5
28.0, -216.5
29.0, -215.5
30.0, -215.5
31.0, -214.5
31.0, -213.5
32.0, -212.5
33.0, -212.5
34.0, -212.5
35.0, -212.5
36.0, -212.5
37.0, -212.5
38.0, -212.5
39.0, -211.5
39.0, -210.5
39.0, -209.5
38.0, -208.5
37.0, -208.5
36.0, -208.5
35.0, -208.5
34.0, -208.5
33.0, -208.5
32.0, -208.5
31.0, -207.5
30.0, -207.5
29.0, -208.5
28.0, -208.5
27.0, -208.5
26.0, -208.5
25.0, -208.5
24.0, -208.5
23.0, -207.5
23.0, -206.5
23.0, -205.5
23.0, -204.5
23.0, -203.5
23.0, -202.5
23.0, -201.5
23.0, -200.5
22.0, -199.5
22.0, -198.5
22.0, -197.5
22.0, -196.5
21.0, -195.5
21.0, -194.5
21.0, -193.5
21.0, -192.5
21.0, -191.5
21.0, -190.5
21.0, -189.5
21.0, -188.5
21.0, -187.5
21.0, -186.5
21.0, -185.5
21.0, -184.5
22.0, -183.5
22.0, -182.5
22.0, -181.5
22.0, -180.5
22.0, -179.5
22.0, -178.5
22.0, -177.5
22.0, -176.5
21.0, -175.5
21.0, -174.5
21.0, -173.5
20.0, -172.5
20.0, -171.5
20.0, -170.5
20.0, -169.5
20.0, -168.5
21.0, -167.5
21.0, -166.5
21.0, -165.5
21.0, -164.5
21.0, -163.5
21.0, -162.5
21.0, -161.5
21.0, -160.5
20.0, -159.5
20.0, -158.5
20.0, -157.5
21.0, -156.5
21.0, -155.5
21.0, -154.5
21.0, -153.5
22.0, -152.5
22.0, -151.5
22.0, -150.5
22.0, -149.5
22.0, -148.5
22.0, -147.5
22.0, -146.5
22.0, -145.5
22.0, -144.5
21.0, -143.5
21.0, -142.5
21.0, -141.5
20.0, -140.5
20.0, -139.5
20.0, -138.5
20.0, -137.5
20.0, -136.5
20.0, -135.5
20.0, -134.5
20.0, -133.5
21.0, -132.5
21.0, -131.5
21.0, -130.5
21.0, -129.5
21.0, -128.5
20.0, -127.5
20.0, -126.5
20.0, -125.5
20.0, -124.5
20.0, -123.5
20.0, -122.5
20.0, -121.5
20.0, -120.5
21.0, -119.5
21.0, -118.5
21.0, -117.5
21.0, -116.5
21.0, -115.5
21.0, -114.5
21.0, -113.5
21.0, -112.5
21.0, -111.5
21.0, -110.5
21.0, -109.5
21.0, -108.5
22.0, -107.5
22.0, -106.5
22.0, -105.5
21.0, -104.5
20.0, -103.5
20.0, -102.5
21.0, -101.5
22.0, -102.5
23.0, -102.5
24.0, -101.5
25.0, -102.5
26.0, -103.5
25.0, -104.5
24.0, -105.5
24.0, -106.5
24.0, -107.5
25.0, -108.5
26.0, -108.5
27.0, -108.5
28.0, -108.5
29.0, -108.5
30.0, -108.5
31.0, -108.5
32.0, -108.5
33.0, -108.5
34.0, -109.5
35.0, -110.5
35.0, -111.5
34.0, -112.5
33.0, -112.5
32.0, -112.5
31.0, -112.5
30.0, -112.5
29.0, -112.5
28.0, -112.5
27.0, -112.5
26.0, -112.5
25.0, -112.5
24.0, -113.5
24.0, -114.5
24.0, -115.5
24.0, -116.5
24.0, -117.5
24.0, -118.5
24.0, -119.5
24.0, -120.5
24.0, -121.5
24.0, -122.5
24.0, -123.5
24.0, -124.5
24.0, -125.5
24.0, -126.5
25.0, -127.5
26.0, -127.5
27.0, -127.5
28.0, -127.5
29.0, -127.5
30.0, -127.5
31.0, -127.5
32.0, -128.5
32.0, -129.5
33.0, -130.5
34.0, -130.5
35.0, -131.5
36.0, -132.5
36.0, -133.5
37.0, -134.5
38.0, -135.5
37.0, -136.5
38.0, -137.5
39.0, -136.5
38.0, -135.5
39.0, -134.5
39.0, -133.5
39.0, -132.5
39.0, -131.5
39.0, -130.5
40.0, -129.5
41.0, -130.5
42.0, -130.5
43.0, -131.5
44.0, -132.5
44.0, -133.5
45.0, -134.5
46.0, -135.5
47.0, -134.5
47.0, -133.5
48.0, -132.5
49.0, -133.5
50.0, -134.5
51.0, -135.5
50.0, -136.5
49.0, -136.5
48.0, -137.5
48.0, -138.5
48.0, -139.5
49.0, -140.5
50.0, -140.5
51.0, -140.5
52.0, -140.5
53.0, -140.5
54.0, -140.5
55.0, -139.5
55.0, -138.5
55.0, -137.5
55.0, -136.5
55.0, -135.5
55.0, -134.5
55.0, -133.5
56.0, -132.5
57.0, -132.5
58.0, -133.5
59.0, -134.5
60.0, -135.5
61.0, -135.5
62.0, -135.5
63.0, -135.5
64.0, -136.5
64.0, -137.5
64.0, -138.5
64.0, -139.5
65.0, -140.5
66.0, -141.5
67.0, -141.5
68.0, -142.5
69.0, -143.5
70.0, -143.5
71.0, -143.5
72.0, -142.5
73.0, -142.5
74.0, -143.5
73.0, -144.5
72.0, -145.5
72.0, -146.5
72.0, -147.5
72.0, -148.5
73.0, -149.5
74.0, -150.5
75.0, -151.5
75.0, -152.5
75.0, -153.5
75.0, -154.5
75.0, -155.5
75.0, -156.5
75.0, -157.5
75.0, -158.5
76.0, -159.5
77.0, -159.5
78.0, -159.5
79.0, -158.5
79.0, -157.5
79.0, -156.5
79.0, -155.5
79.0, -154.5
79.0, -153.5
79.0, -152.5
79.0, -151.5
80.0, -150.5
81.0, -150.5
82.0, -151.5
83.0, -151.5
84.0, -151.5
85.0, -151.5
86.0, -151.5
87.0, -151.5
88.0, -152.5
88.0, -153.5
89.0, -154.5
90.0, -154.5
91.0, -155.5
92.0, -156.5
92.0, -157.5
93.0, -158.5
94.0, -159.5
95.0, -158.5
95.0, -157.5
95.0, -156.5
96.0, -155.5
97.0, -156.5
98.0, -156.5
99.0, -156.5
100.0, -157.5
101.0, -158.5
102.0, -159.5
101.0, -160.5
100.0, -160.5
99.0, -160.5
98.0, -160.5
97.0, -160.5
96.0, -161.5
96.0, -162.5
96.0, -163.5
96.0, -164.5
96.0, -165.5
96.0, -166.5
97.0, -167.5
98.0, -167.5
99.0, -167.5
100.0, -167.5
101.0, -167.5
102.0, -167.5
103.0, -166.5
103.0, -165.5
103.0, -164.5
103.0, -163.5
103.0, -162.5
104.0, -161.5
105.0, -162.5
106.0, -162.5
107.0, -163.5
108.0, -164.5
108.0, -165.5
109.0, -166.5
110.0, -167.5
109.0, -168.5
108.0, -168.5
107.0, -168.5
106.0, -168.5
105.0, -168.5
104.0, -169.5
104.0, -170.5
103.0, -171.5
102.0, -171.5
101.0, -171.5
100.0, -171.5
99.0, -171.5
98.0, -171.5
97.0, -171.5
96.0, -172.5
96.0, -173.5
96.0, -174.5
96.0, -175.5
96.0, -176.5
96.0, -177.5
96.0, -178.5
96.0, -179.5
96.0, -180.5
96.0, -181.5
96.0, -182.5
96.0, -183.5
95.0, -184.5
94.0, -184.5
93.0, -184.5
92.0, -183.5
92.0, -182.5
92.0, -181.5
92.0, -180.5
92.0, -179.5
92.0, -178.5
92.0, -177.5
91.0, -176.5
90.0, -176.5
89.0, -176.5
88.0, -176.5
87.0, -175.5
87.0, -174.5
87.0, -173.5
87.0, -172.5
86.0, -171.5
85.0, -171.5
84.0, -171.5
83.0, -171.5
82.0, -171.5
81.0, -171.5
80.0, -171.5
79.0, -170.5
79.0, -169.5
78.0, -168.5
77.0, -168.5
76.0, -168.5
75.0, -168.5
74.0, -168.5
73.0, -168.5
72.0, -169.5
72.0, -170.5
72.0, -171.5
72.0, -172.5
72.0, -173.5
71.0, -174.5
70.0, -174.5
69.0, -174.5
68.0, -174.5
67.0, -174.5
66.0, -175.5
67.0, -176.5
67.0, -177.5
67.0, -178.5
67.0, -179.5
67.0, -180.5
67.0, -181.5
67.0, -182.5
67.0, -183.5
66.0, -184.5
65.0, -184.5
64.0, -184.5
63.0, -183.5
63.0, -182.5
63.0, -181.5
63.0, -180.5
62.0, -179.5
61.0, -179.5
60.0, -179.5
59.0, -179.5
58.0, -179.5
57.0, -179.5
56.0, -179.5
55.0, -178.5
55.0, -177.5
55.0, -176.5
56.0, -175.5
57.0, -175.5
58.0, -175.5
59.0, -175.5
60.0, -174.5
60.0, -173.5
60.0, -172.5
60.0, -171.5
60.0, -170.5
60.0, -169.5
60.0, -168.5
61.0, -167.5
62.0, -167.5
63.0, -167.5
64.0, -167.5
65.0, -167.5
66.0, -167.5
67.0, -167.5
68.0, -167.5
69.0, -167.5
70.0, -167.5
71.0, -166.5
71.0, -165.5
71.0, -164.5
71.0, -163.5
71.0, -162.5
71.0, -161.5
71.0, -160.5
71.0, -159.5
71.0, -158.5
71.0, -157.5
71.0, -156.5
71.0, -155.5
71.0, -154.5
71.0, -153.5
70.0, -152.5
69.0, -152.5
68.0, -151.5
68.0, -150.5
68.0, -149.5
68.0, -148.5
68.0, -147.5
68.0, -146.5
68.0, -145.5
67.0, -144.5
66.0, -144.5
65.0, -144.5
64.0, -145.5
64.0, -146.5
64.0, -147.5
64.0, -148.5
64.0, -149.5
64.0, -150.5
64.0, -151.5
63.0, -152.5
62.0, -152.5
61.0, -152.5
60.0, -151.5
59.0, -150.5
59.0, -149.5
58.0, -148.5
57.0, -148.5
56.0, -147.5
55.0, -146.5
55.0, -145.5
54.0, -144.5
53.0, -144.5
52.0, -144.5
51.0, -144.5
50.0, -144.5
49.0, -144.5
48.0, -144.5
47.0, -144.5
46.0, -144.5
45.0, -144.5
44.0, -144.5
43.0, -144.5
42.0, -144.5
41.0, -144.5
40.0, -144.5
39.0, -144.5
38.0, -144.5
37.0, -144.5
36.0, -144.5
35.0, -144.5
34.0, -144.5
33.0, -144.5
32.0, -145.5
32.0, -146.5
32.0, -147.5
32.0, -148.5
32.0, -149.5
32.0, -150.5
33.0, -151.5
34.0, -151.5
35.0, -151.5
36.0, -151.5
37.0, -151.5
38.0, -151.5
39.0, -151.5
40.0, -152.5
40.0, -153.5
40.0, -154.5
40.0, -155.5
40.0, -156.5
40.0, -157.5
40.0, -158.5
41.0, -159.5
42.0, -159.5
43.0, -159.5
44.0, -159.5
45.0, -159.5
46.0, -159.5
47.0, -159.5
48.0, -160.5
48.0, -161.5
48.0, -162.5
47.0, -163.5
46.0, -163.5
45.0, -163.5
44.0, -163.5
43.0, -163.5
42.0, -163.5
41.0, -163.5
40.0, -163.5
39.0, -162.5
39.0, -161.5
38.0, -160.5
37.0, -160.5
36.0, -160.5
35.0, -160.5
34.0, -160.5
33.0, -160.5
32.0, -161.5
32.0, -162.5
31.0, -163.5
30.0, -163.5
29.0, -163.5
28.0, -163.5
27.0, -163.5
26.0, -163.5
25.0, -163.5
24.0, -164.5
24.0, -165.5
24.0, -166.5
24.0, -167.5
24.0, -168.5
24.0, -169.5
24.0, -170.5
24.0, -171.5
24.0, -172.5
24.0, -173.5
24.0, -174.5
25.0, -175.5
26.0, -175.5
27.0, -175.5
28.0, -175.5
29.0, -175.5
30.0, -175.5
31.0, -175.5
32.0, -175.5
33.0, -175.5
34.0, -175.5
35.0, -175.5
36.0, -175.5
37.0, -175.5
38.0, -175.5
39.0, -174.5
39.0, -173.5
39.0, -172.5
39.0, -171.5
39.0, -170.5
39.0, -169.5
39.0, -168.5
40.0, -167.5
41.0, -167.5
42.0, -167.5
43.0, -168.5
43.0, -169.5
43.0, -170.5
43.0, -171.5
43.0, -172.5
43.0, -173.5
43.0, -174.5
44.0, -175.5
45.0, -175.5
46.0, -175.5
47.0, -174.5
47.0, -173.5
47.0, -172.5
47.0, -171.5
47.0, -170.5
47.0, -169.5
47.0, -168.5
48.0, -167.5
49.0, -167.5
50.0, -167.5
51.0, -168.5
51.0, -169.5
51.0, -170.5
51.0, -171.5
51.0, -172.5
51.0, -173.5
51.0, -174.5
51.0, -175.5
50.0, -176.5
49.0, -176.5
48.0, -177.5
48.0, -178.5
48.0, -179.5
48.0, -180.5
48.0, -181.5
48.0, -182.5
48.0, -183.5
48.0, -184.5
48.0, -185.5
48.0, -186.5
47.0, -187.5
46.0, -187.5
45.0, -187.5
44.0, -187.5
43.0, -187.5
42.0, -187.5
41.0, -187.5
40.0, -187.5
39.0, -186.5
39.0, -185.5
39.0, -184.5
39.0, -183.5
39.0, -182.5
39.0, -181.5
39.0, -180.5
38.0, -179.5
37.0, -179.5
36.0, -179.5
35.0, -179.5
34.0, -179.5
33.0, -179.5
32.0, -179.5
31.0, -179.5
30.0, -179.5
29.0, -179.5
28.0, -179.5
27.0, -179.5
26.0, -179.5
25.0, -179.5
24.0, -180.5
24.0, -181.5
24.0, -182.5
24.0, -183.5
24.0, -184.5
24.0, -185.5
24.0, -186.5
24.0, -187.5
25.0, -188.5
26.0, -188.5
27.0, -188.5
28.0, -188.5
29.0, -188.5
30.0, -188.5
31.0, -188.5
32.0, -189.5
32.0, -190.5
32.0, -191.5
32.0, -192.5
32.0, -193.5
33.0, -194.5
34.0, -194.5
35.0, -195.5
36.0, -196.5
36.0, -197.5
37.0, -198.5
38.0, -199.5
39.0, -198.5
39.0, -197.5
40.0, -196.5
41.0, -196.5
42.0, -196.5
43.0, -196.5
44.0, -196.5
45.0, -196.5
46.0, -196.5
47.0, -196.5
48.0, -196.5
49.0, -196.5
50.0, -196.5
51.0, -196.5
52.0, -196.5
53.0, -196.5
54.0, -196.5
55.0, -196.5
56.0, -197.5
56.0, -198.5
57.0, -199.5
58.0, -199.5
59.0, -199.5
60.0, -199.5
61.0, -199.5
62.0, -200.5
63.0, -199.5
63.0, -198.5
63.0, -197.5
63.0, -196.5
63.0, -195.5
63.0, -194.5
63.0, -193.5
63.0, -192.5
64.0, -191.5
65.0, -191.5
66.0, -191.5
67.0, -192.5
67.0, -193.5
67.0, -194.5
67.0, -195.5
67.0, -196.5
67.0, -197.5
67.0, -198.5
68.0, -199.5
69.0, -199.5
70.0, -199.5
71.0, -198.5
71.0, -197.5
72.0, -196.5
73.0, -196.5
74.0, -196.5
75.0, -196.5
76.0, -196.5
77.0, -196.5
78.0, -196.5
79.0, -196.5
80.0, -196.5
81.0, -196.5
82.0, -196.5
83.0, -196.5
84.0, -196.5
85.0, -196.5
86.0, -196.5
87.0, -196.5
88.0, -197.5
88.0, -198.5
89.0, -199.5
90.0, -199.5
91.0, -199.5
92.0, -199.5
93.0, -199.5
94.0, -199.5
95.0, -198.5
95.0, -197.5
95.0, -196.5
95.0, -195.5
95.0, -194.5
95.0, -193.5
95.0, -192.5
96.0, -191.5
97.0, -191.5
98.0, -191.5
99.0, -191.5
100.0, -191.5
101.0, -191.5
102.0, -191.5
103.0, -190.5
103.0, -189.5
104.0, -188.5
105.0, -188.5
106.0, -188.5
107.0, -188.5
108.0, -188.5
109.0, -188.5
110.0, -188.5
111.0, -188.5
112.0, -189.5
112.0, -190.5
113.0, -191.5
114.0, -191.5
115.0, -191.5
116.0, -191.5
117.0, -191.5
118.0, -191.5
119.0, -190.5
119.0, -189.5
119.0, -188.5
119.0, -187.5
119.0, -186.5
119.0, -185.5
119.0, -184.5
120.0, -183.5
121.0, -182.5
121.0, -181.5
121.0, -180.5
121.0, -179.5
121.0, -178.5
121.0, -177.5
120.0, -176.5
119.0, -175.5
119.0, -174.5
119.0, -173.5
120.0, -172.5
121.0, -171.5
122.0, -171.5
123.0, -170.5
123.0, -169.5
122.0, -168.5
121.0, -168.5
120.0, -169.5
120.0, -170.5
119.0, -171.5
118.0, -171.5
117.0, -171.5
116.0, -171.5
115.0, -171.5
114.0, -171.5
113.0, -171.5
112.0, -171.5
111.0, -170.5
111.0, -169.5
111.0, -168.5
110.0, -167.5
111.0, -166.5
111.0, -165.5
111.0, -164.5
112.0, -163.5
113.0, -163.5
114.0, -163.5
115.0, -163.5
116.0, -163.5
117.0, -163.5
118.0, -163.5
119.0, -163.5
120.0, -164.5
121.0, -165.5
122.0, -165.5
123.0, -165.5
124.0, -165.5
125.0, -165.5
126.0, -165.5
127.0, -165.5
128.0, -166.5
129.0, -166.5
130.0, -166.5
131.0, -166.5
132.0, -166.5
133.0, -166.5
134.0, -166.5
135.0, -166.5
136.0, -166.5
137.0, -166.5
138.0, -166.5
139.0, -166.5
140.0, -166.5
141.0, -166.5
142.0, -166.5
143.0, -166.5
144.0, -166.5
145.0, -166.5
146.0, -166.5
147.0, -165.5
148.0, -165.5
149.0, -165.5
150.0, -165.5
151.0, -165.5
152.0, -166.5
153.0, -166.5
154.0, -166.5
155.0, -166.5
156.0, -166.5
157.0, -166.5
158.0, -166.5
159.0, -166.5
160.0, -167.5
161.0, -167.5
162.0, -167.5
163.0, -166.5
164.0, -165.5
165.0, -165.5
166.0, -164.5
167.0, -164.5
168.0, -165.5
169.0, -165.5
170.0, -165.5
171.0, -165.5
172.0, -165.5
173.0, -165.5
174.0, -165.5
175.0, -165.5
176.0, -166.5
176.0, -167.5
175.0, -168.5
174.0, -168.5
173.0, -168.5
172.0, -168.5
171.0, -168.5
170.0, -168.5
169.0, -168.5
168.0, -169.5
168.0, -170.5
168.0, -171.5
168.0, -172.5
168.0, -173.5
168.0, -174.5
169.0, -175.5
170.0, -175.5
171.0, -175.5
172.0, -175.5
173.0, -175.5
174.0, -175.5
175.0, -175.5
176.0, -175.5
177.0, -175.5
178.0, -175.5
179.0, -175.5
180.0, -175.5
181.0, -175.5
182.0, -175.5
183.0, -174.5
183.0, -173.5
183.0, -172.5
183.0, -171.5
183.0, -170.5
183.0, -169.5
182.0, -168.5
181.0, -168.5
180.0, -167.5
180.0, -166.5
180.0, -165.5
180.0, -164.5
180.0, -163.5
180.0, -162.5
180.0, -161.5
180.0, -160.5
181.0, -159.5
182.0, -159.5
183.0, -159.5
184.0, -160.5
184.0, -161.5
184.0, -162.5
184.0, -163.5
184.0, -164.5
184.0, -165.5
184.0, -166.5
185.0, -167.5
186.0, -167.5
187.0, -167.5
188.0, -167.5
189.0, -167.5
190.0, -167.5
191.0, -166.5
191.0, -165.5
192.0, -164.5
193.0, -164.5
194.0, -164.5
195.0, -164.5
196.0, -164.5
197.0, -164.5
198.0, -164.5
199.0, -164.5
200.0, -164.5
201.0, -163.5
202.0, -163.5
203.0, -162.5
203.0, -161.5
202.0, -160.5
201.0, -160.5
200.0, -160.5
199.0, -160.5
198.0, -160.5
197.0, -160.5
196.0, -160.5
195.0, -160.5
194.0, -159.5
194.0, -158.5
195.0, -157.5
196.0, -157.5
197.0, -156.5
198.0, -156.5
199.0, -156.5
200.0, -156.5
201.0, -156.5
202.0, -156.5
203.0, -156.5
204.0, -156.5
205.0, -156.5
206.0, -156.5
207.0, -155.5
207.0, -154.5
207.0, -153.5
207.0, -152.5
208.0, -151.5
209.0, -151.5
210.0, -151.5
211.0, -152.5
211.0, -153.5
211.0, -154.5
211.0, -155.5
211.0, -156.5
211.0, -157.5
211.0, -158.5
211.0, -159.5
210.0, -160.5
211.0, -161.5
212.0, -161.5
213.0, -161.5
214.0, -161.5
215.0, -160.5
215.0, -159.5
215.0, -158.5
215.0, -157.5
216.0, -156.5
217.0, -156.5
218.0, -156.5
219.0, -156.5
220.0, -156.5
221.0, -156.5
222.0, -156.5
223.0, -156.5
224.0, -156.5
225.0, -156.5
226.0, -156.5
227.0, -156.5
228.0, -156.5
229.0, -156.5
230.0, -156.5
231.0, -155.5
231.0, -154.5
231.0, -153.5
231.0, -152.5
232.0, -151.5
233.0, -151.5
234.0, -151.5
235.0, -151.5
236.0, -151.5
237.0, -151.5
238.0, -151.5
239.0, -151.5
240.0, -151.5
241.0, -151.5
242.0, -151.5
243.0, -151.5
244.0, -151.5
245.0, -151.5
246.0, -151.5
247.0, -151.5
248.0, -151.5
249.0, -151.5
250.0, -150.5
251.0, -149.5
251.0, -148.5
252.0, -147.5
253.0, -146.5
254.0, -146.5
255.0, -145.5
256.0, -146.5
256.0, -147.5
256.0, -148.5
256.0, -149.5
256.0, -150.5
256.0, -151.5
256.0, -152.5
256.0, -153.5
256.0, -154.5
256.0, -155.5
256.0, -156.5
256.0, -157.5
256.0, -158.5
256.0, -159.5
256.0, -160.5
256.0, -161.5
256.0, -162.5
256.0, -163.5
256.0, -164.5
256.0, -165.5
256.0, -166.5
256.0, -167.5
256.0, -168.5
256.0, -169.5
256.0, -170.5
256.0, -171.5
256.0, -172.5
256.0, -173.5
256.0, -174.5
256.0, -175.5
256.0, -176.5
256.0, -177.5
256.0, -178.5
256.0, -179.5
256.0, -180.5
256.0, -181.5
256.0, -182.5
257.0, -183.5
258.0, -183.5
259.0, -183.5
260.0, -183.5
261.0, -183.5
262.0, -183.5
263.0, -183.5
264.0, -183.5
265.0, -182.5
265.0, -181.5
265.0, -180.5
265.0, -179.5
265.0, -178.5
265.0, -177.5
264.0, -176.5
263.0, -175.5
263.0, -174.5
263.0, -173.5
263.0, -172.5
263.0, -171.5
262.0, -170.5
261.0, -169.5
260.0, -168.5
261.0, -167.5
262.0, -167.5
263.0, -166.5
263.0, -165.5
264.0, -164.5
265.0, -164.5
266.0, -164.5
267.0, -164.5
268.0, -164.5
269.0, -164.5
270.0, -164.5
271.0, -164.5
272.0, -165.5
272.0, -166.5
272.0, -167.5
272.0, -168.5
273.0, -169.5
274.0, -169.5
275.0, -169.5
276.0, -169.5
277.0, -169.5
278.0, -169.5
279.0, -169.5
280.0, -168.5
279.0, -167.5
279.0, -166.5
279.0, -165.5
279.0, -164.5
279.0, -163.5
279.0, -162.5
279.0, -161.5
279.0, -160.5
280.0, -159.5
281.0, -159.5
282.0, -159.5
283.0, -159.5
284.0, -159.5
285.0, -159.5
286.0, -159.5
287.0, -158.5
287.0, -157.5
287.0, -156.5
287.0, -155.5
287.0, -154.5
287.0, -153.5
287.0, -152.5
287.0, -151.5
287.0, -150.5
287.0, -149.5
288.0, -148.5
289.0, -148.5
290.0, -148.5
291.0, -148.5
292.0, -148.5
293.0, -148.5
294.0, -148.5
295.0, -147.5
295.0, -146.5
295.0, -145.5
295.0, -144.5
295.0, -143.5
295.0, -142.5
295.0, -141.5
296.0, -140.5
297.0, -140.5
298.0, -140.5
299.0, -140.5
300.0, -140.5
301.0, -140.5
302.0, -140.5
303.0, -140.5
304.0, -141.5
304.0, -142.5
305.0, -143.5
306.0, -143.5
307.0, -143.5
308.0, -143.5
309.0, -143.5
310.0, -143.5
311.0, -143.5
312.0, -144.5
312.0, -145.5
313.0, -146.5
314.0, -146.5
315.0, -147.5
316.0, -148.5
316.0, -149.5
317.0, -150.5
318.0, -151.5
319.0, -151.5
320.0, -150.5
319.0, -149.5
319.0, -148.5
319.0, -147.5
319.0, -146.5
319.0, -145.5
319.0, -144.5
320.0, -143.5
321.0, -143.5
322.0, -143.5
323.0, -143.5
324.0, -143.5
325.0, -143.5
326.0, -143.5
327.0, -143.5
328.0, -143.5
329.0, -143.5
330.0, -143.5
331.0, -142.5
331.0, -141.5
330.0, -140.5
329.0, -140.5
328.0, -139.5
327.0, -138.5
327.0, -137.5
327.0, -136.5
327.0, -135.5
327.0, -134.5
327.0, -133.5
327.0, -132.5
327.0, -131.5
327.0, -130.5
327.0, -129.5
326.0, -128.5
325.0, -128.5
324.0, -128.5
323.0, -128.5
322.0, -128.5
321.0, -128.5
320.0, -128.5
319.0, -127.5
319.0, -126.5
319.0, -125.5
319.0, -124.5
318.0, -123.5
317.0, -123.5
316.0, -123.5
315.0, -123.5
314.0, -123.5
313.0, -123.5
312.0, -124.5
312.0, -125.5
312.0, -126.5
313.0, -127.5
314.0, -127.5
315.0, -128.5
315.0, -129.5
315.0, -130.5
315.0, -131.5
315.0, -132.5
315.0, -133.5
315.0, -134.5
316.0, -135.5
317.0, -135.5
318.0, -135.5
319.0, -135.5
320.0, -136.5
320.0, -137.5
320.0, -138.5
320.0, -139.5
320.0, -140.5
320.0, -141.5
319.0, -142.5
318.0, -142.5
317.0, -142.5
316.0, -142.5
315.0, -142.5
314.0, -142.5
313.0, -142.5
312.0, -142.5
311.0, -141.5
311.0, -140.5
311.0, -139.5
311.0, -138.5
311.0, -137.5
311.0, -136.5
311.0, -135.5
311.0, -134.5
311.0, -133.5
311.0, -132.5
311.0, -131.5
311.0, -130.5
311.0, -129.5
310.0, -128.5
309.0, -128.5
308.0, -128.5
307.0, -129.5
307.0, -130.5
307.0, -131.5
307.0, -132.5
307.0, -133.5
307.0, -134.5
307.0, -135.5
306.0, -136.5
305.0, -136.5
304.0, -136.5
303.0, -136.5
302.0, -136.5
301.0, -136.5
300.0, -136.5
299.0, -136.5
298.0, -136.5
297.0, -135.5
297.0, -134.5
297.0, -133.5
297.0, -132.5
297.0, -131.5
297.0, -130.5
297.0, -129.5
296.0, -128.5
295.0, -128.5
294.0, -129.5
294.0, -130.5
294.0, -131.5
294.0, -132.5
294.0, -133.5
294.0, -134.5
294.0, -135.5
293.0, -136.5
292.0, -136.5
291.0, -136.5
290.0, -136.5
289.0, -136.5
288.0, -136.5
287.0, -136.5
286.0, -136.5
285.0, -137.5
284.0, -138.5
284.0, -139.5
283.0, -140.5
282.0, -141.5
281.0, -141.5
280.0, -142.5
279.0, -141.5
279.0, -140.5
279.0, -139.5
279.0, -138.5
279.0, -137.5
278.0, -136.5
277.0, -136.5
276.0, -136.5
275.0, -136.5
274.0, -136.5
273.0, -136.5
272.0, -136.5
271.0, -136.5
270.0, -136.5
269.0, -136.5
268.0, -136.5
267.0, -136.5
266.0, -136.5
265.0, -136.5
264.0, -136.5
263.0, -135.5
263.0, -134.5
263.0, -133.5
263.0, -132.5
263.0, -131.5
263.0, -130.5
263.0, -129.5
262.0, -128.5
261.0, -128.5
260.0, -128.5
259.0, -128.5
258.0, -128.5
257.0, -128.5
256.0, -129.5
256.0, -130.5
255.0, -131.5
254.0, -131.5
253.0, -131.5
252.0, -131.5
251.0, -131.5
250.0, -131.5
249.0, -131.5
248.0, -131.5
247.0, -130.5
247.0, -129.5
247.0, -128.5
248.0, -127.5
249.0, -127.5
250.0, -127.5
251.0, -127.5
252.0, -127.5
253.0, -127.5
254.0, -127.5
255.0, -126.5
255.0, -125.5
255.0, -124.5
254.0, -123.5
253.0, -123.5
252.0, -123.5
251.0, -123.5
250.0, -123.5
249.0, -123.5
248.0, -123.5
247.0, -122.5
247.0, -121.5
246.0, -120.5
245.0, -120.5
244.0, -119.5
245.0, -118.5
245.0, -117.5
246.0, -116.5
247.0, -116.5
248.0, -117.5
249.0, -116.5
249.0, -115.5
249.0, -114.5
249.0, -113.5
249.0, -112.5
249.0, -111.5
250.0, -110.5
251.0, -109.5
251.0, -108.5
252.0, -107.5
253.0, -106.5
254.0, -106.5
255.0, -105.5
256.0, -106.5
257.0, -105.5
257.0, -104.5
258.0, -103.5
259.0, -103.5
260.0, -103.5
261.0, -103.5
262.0, -103.5
263.0, -103.5
264.0, -104.5
264.0, -105.5
264.0, -106.5
264.0, -107.5
264.0, -108.5
264.0, -109.5
264.0, -110.5
265.0, -111.5
266.0, -111.5
267.0, -111.5
268.0, -111.5
269.0, -111.5
270.0, -112.5
271.0, -112.5
272.0, -111.5
273.0, -111.5
274.0, -111.5
275.0, -111.5
276.0, -111.5
277.0, -111.5
278.0, -112.5
278.0, -113.5
278.0, -114.5
278.0, -115.5
278.0, -116.5
278.0, -117.5
278.0, -118.5
278.0, -119.5
277.0, -120.5
276.0, -120.5
275.0, -120.5
274.0, -120.5
273.0, -120.5
272.0, -120.5
271.0, -119.5
270.0, -119.5
269.0, -120.5
270.0, -121.5
271.0, -121.5
272.0, -122.5
272.0, -123.5
272.0, -124.5
272.0, -125.5
272.0, -126.5
272.0, -127.5
272.0, -128.5
273.0, -129.5
274.0, -129.5
275.0, -129.5
276.0, -129.5
277.0, -129.5
278.0, -129.5
279.0, -128.5
279.0, -127.5
279.0, -126.5
279.0, -125.5
279.0, -124.5
279.0, -123.5
279.0, -122.5
279.0, -121.5
279.0, -120.5
280.0, -119.5
281.0, -119.5
282.0, -118.5
283.0, -117.5
283.0, -116.5
284.0, -115.5
285.0, -114.5
286.0, -114.5
287.0, -113.5
288.0, -113.5
289.0, -113.5
290.0, -113.5
291.0, -113.5
292.0, -113.5
293.0, -113.5
294.0, -113.5
295.0, -113.5
296.0, -114.5
297.0, -115.5
298.0, -115.5
299.0, -114.5
299.0, -113.5
300.0, -112.5
301.0, -111.5
302.0, -111.5
303.0, -111.5
304.0, -112.5
305.0, -113.5
306.0, -113.5
307.0, -113.5
308.0, -113.5
309.0, -113.5
310.0, -113.5
311.0, -112.5
311.0, -111.5
311.0, -110.5
311.0, -109.5
311.0, -108.5
311.0, -107.5
311.0, -106.5
312.0, -105.5
313.0, -105.5
314.0, -105.5
315.0, -105.5
316.0, -105.5
317.0, -104.5
316.0, -103.5
316.0, -102.5
316.0, -101.5
316.0, -100.5
316.0, -99.5
316.0, -98.5
316.0, -97.5
315.0, -96.5
314.0, -96.5
313.0, -95.5
312.0, -95.5
311.0, -96.5
310.0, -96.5
309.0, -96.5
308.0, -95.5
308.0, -94.5
308.0, -93.5
308.0, -92.5
308.0, -91.5
308.0, -90.5
308.0, -89.5
307.0, -88.5
306.0, -88.5
305.0, -88.5
304.0, -89.5
304.0, -90.5
304.0, -91.5
304.0, -92.5
304.0, -93.5
304.0, -94.5
304.0, -95.5
303.0, -96.5
302.0, -96.5
301.0, -97.5
300.0, -98.5
300.0, -99.5
299.0, -100.5
298.0, -101.5
297.0, -101.5
296.0, -102.5
295.0, -101.5
295.0, -100.5
295.0, -99.5
295.0, -98.5
295.0, -97.5
295.0, -96.5
296.0, -95.5
297.0, -94.5
297.0, -93.5
297.0, -92.5
297.0, -91.5
297.0, -90.5
297.0, -89.5
297.0, -88.5
297.0, -87.5
297.0, -86.5
297.0, -85.5
297.0, -84.5
297.0, -83.5
297.0, -82.5
297.0, -81.5
297.0, -80.5
298.0, -79.5
299.0, -79.5
300.0, -79.5
301.0, -79.5
302.0, -79.5
303.0, -79.5
304.0, -79.5
305.0, -79.5
306.0, -79.5
307.0, -79.5
308.0, -79.5
309.0, -79.5
310.0, -79.5
311.0, -78.5
311.0, -77.5
311.0, -76.5
311.0, -75.5
311.0, -74.5
311.0, -73.5
311.0, -72.5
311.0, -71.5
311.0, -70.5
311.0, -69.5
312.0, -68.5
313.0, -68.5
314.0, -68.5
315.0, -68.5
316.0, -68.5
317.0, -68.5
318.0, -68.5
319.0, -68.5
320.0, -69.5
320.0, -70.5
320.0, -71.5
319.0, -72.5
318.0, -72.5
317.0, -72.5
316.0, -72.5
315.0, -73.5
315.0, -74.5
315.0, -75.5
315.0, -76.5
315.0, -77.5
315.0, -78.5
315.0, -79.5
314.0, -80.5
313.0, -80.5
312.0, -81.5
312.0, -82.5
312.0, -83.5
312.0, -84.5
312.0, -85.5
312.0, -86.5
312.0, -87.5
313.0, -88.5
314.0, -87.5
315.0, -87.5
316.0, -87.5
317.0, -87.5
318.0, -87.5
319.0, -86.5
319.0, -85.5
319.0, -84.5
319.0, -83.5
319.0, -82.5
319.0, -81.5
319.0, -80.5
319.0, -79.5
319.0, -78.5
319.0, -77.5
320.0, -76.5
321.0, -76.5
322.0, -76.5
323.0, -76.5
324.0, -76.5
325.0, -76.5
326.0, -76.5
327.0, -76.5
328.0, -77.5
328.0, -78.5
328.0, -79.5
328.0, -80.5
328.0, -81.5
328.0, -82.5
328.0, -83.5
328.0, -84.5
328.0, -85.5
328.0, -86.5
328.0, -87.5
329.0, -88.5
328.0, -89.5
328.0, -90.5
327.0, -91.5
326.0, -91.5
325.0, -91.5
324.0, -91.5
323.0, -91.5
322.0, -91.5
321.0, -91.5
320.0, -92.5
320.0, -93.5
320.0, -94.5
320.0, -95.5
320.0, -96.5
320.0, -97.5
320.0, -98.5
320.0, -99.5
320.0, -100.5
320.0, -101.5
320.0, -102.5
320.0, -103.5
319.0, -104.5
319.0, -105.5
320.0, -106.5
320.0, -107.5
320.0, -108.5
320.0, -109.5
320.0, -110.5
321.0, -111.5
322.0, -111.5
323.0, -111.5
324.0, -111.5
325.0, -111.5
326.0, -111.5
327.0, -111.5
328.0, -112.5
328.0, -113.5
328.0, -114.5
328.0, -115.5
329.0, -116.5
330.0, -116.5
331.0, -116.5
332.0, -116.5
333.0, -116.5
334.0, -116.5
335.0, -115.5
335.0, -114.5
335.0, -113.5
334.0, -112.5
333.0, -112.5
332.0, -112.5
331.0, -112.5
330.0, -112.5
329.0, -111.5
329.0, -110.5
329.0, -109.5
329.0, -108.5
329.0, -107.5
329.0, -106.5
329.0, -105.5
329.0, -104.5
330.0, -103.5
331.0, -103.5
332.0, -102.5
332.0, -101.5
332.0, -100.5
332.0, -99.5
332.0, -98.5
332.0, -97.5
332.0, -96.5
333.0, -95.5
334.0, -95.5
335.0, -95.5
336.0, -96.5
336.0, -97.5
336.0, -98.5
336.0, -99.5
336.0, -100.5
336.0, -101.5
336.0, -102.5
337.0, -103.5
338.0, -102.5
339.0, -101.5
339.0, -100.5
340.0, -99.5
341.0, -98.5
342.0, -98.5
343.0, -97.5
344.0, -98.5
344.0, -99.5
344.0, -100.5
344.0, -101.5
344.0, -102.5
345.0, -103.5
346.0, -103.5
347.0, -104.5
347.0, -105.5
347.0, -106.5
347.0, -107.5
347.0, -108.5
347.0, -109.5
347.0, -110.5
347.0, -111.5
346.0, -112.5
345.0, -112.5
344.0, -113.5
344.0, -114.5
344.0, -115.5
345.0, -116.5
346.0, -116.5
347.0, -116.5
348.0, -116.5
349.0, -116.5
350.0, -116.5
351.0, -116.5
352.0, -116.5
353.0, -116.5
354.0, -116.5
355.0, -116.5
356.0, -116.5
357.0, -116.5
358.0, -116.5
359.0, -116.5
360.0, -117.5
360.0, -118.5
360.0, -119.5
361.0, -120.5
362.0, -119.5
363.0, -119.5
364.0, -118.5
364.0, -117.5
364.0, -116.5
364.0, -115.5
364.0, -114.5
364.0, -113.5
364.0, -112.5
365.0, -111.5
366.0, -111.5
367.0, -111.5
368.0, -112.5
368.0, -113.5
368.0, -114.5
368.0, -115.5
369.0, -116.5
370.0, -116.5
371.0, -116.5
372.0, -116.5
373.0, -116.5
374.0, -116.5
375.0, -116.5
376.0, -117.5
377.0, -116.5
377.0, -115.5
377.0, -114.5
377.0, -113.5
377.0, -112.5
378.0, -111.5
379.0, -111.5
380.0, -111.5
381.0, -111.5
382.0, -111.5
383.0, -110.5
383.0, -109.5
383.0, -108.5
383.0, -107.5
383.0, -106.5
383.0, -105.5
382.0, -104.5
381.0, -104.5
380.0, -104.5
379.0, -104.5
378.0, -104.5
377.0, -104.5
376.0, -104.5
375.0, -103.5
375.0, -102.5
375.0, -101.5
376.0, -100.5
377.0, -100.5
378.0, -100.5
379.0, -100.5
380.0, -100.5
381.0, -100.5
382.0, -100.5
383.0, -100.5
384.0, -101.5
384.0, -102.5
385.0, -103.5
386.0, -103.5
387.0, -103.5
388.0, -103.5
389.0, -103.5
390.0, -103.5
391.0, -102.5
391.0, -101.5
391.0, -100.5
391.0, -99.5
391.0, -98.5
391.0, -97.5
391.0, -96.5
391.0, -95.5
391.0, -94.5
391.0, -93.5
391.0, -92.5
390.0, -91.5
389.0, -91.5
388.0, -91.5
387.0, -91.5
386.0, -91.5
385.0, -91.5
384.0, -91.5
383.0, -90.5
382.0, -91.5
382.0, -92.5
382.0, -93.5
382.0, -94.5
382.0, -95.5
381.0, -96.5
380.0, -96.5
379.0, -96.5
378.0, -96.5
377.0, -96.5
376.0, -96.5
375.0, -95.5
374.0, -95.5
373.0, -96.5
372.0, -96.5
371.0, -96.5
370.0, -96.5
369.0, -96.5
368.0, -96.5
367.0, -96.5
366.0, -96.5
365.0, -96.5
364.0, -96.5
363.0, -96.5
362.0, -96.5
361.0, -96.5
360.0, -97.5
360.0, -98.5
360.0, -99.5
360.0, -100.5
360.0, -101.5
360.0, -102.5
361.0, -103.5
362.0, -103.5
363.0, -103.5
364.0, -103.5
365.0, -103.5
366.0, -103.5
367.0, -103.5
368.0, -104.5
368.0, -105.5
368.0, -106.5
367.0, -107.5
366.0, -107.5
365.0, -107.5
364.0, -107.5
363.0, -107.5
362.0, -107.5
361.0, -107.5
360.0, -107.5
359.0, -106.5
359.0, -105.5
358.0, -104.5
357.0, -104.5
356.0, -103.5
356.0, -102.5
356.0, -101.5
356.0, -100.5
356.0, -99.5
356.0, -98.5
356.0, -97.5
355.0, -96.5
354.0, -96.5
353.0, -95.5
352.0, -95.5
351.0, -96.5
350.0, -96.5
349.0, -96.5
348.0, -96.5
347.0, -96.5
346.0, -96.5
345.0, -96.5
344.0, -96.5
343.0, -95.5
343.0, -94.5
343.0, -93.5
343.0, -92.5
343.0, -91.5
343.0, -90.5
343.0, -89.5
342.0, -88.5
341.0, -88.5
340.0, -88.5
339.0, -88.5
338.0, -88.5
337.0, -87.5
338.0, -86.5
339.0, -85.5
339.0, -84.5
340.0, -83.5
341.0, -82.5
342.0, -82.5
343.0, -81.5
342.0, -80.5
341.0, -80.5
340.0, -79.5
340.0, -78.5
340.0, -77.5
340.0, -76.5
340.0, -75.5
340.0, -74.5
340.0, -73.5
339.0, -72.5
338.0, -72.5
337.0, -72.5
336.0, -72.5
335.0, -71.5
335.0, -70.5
335.0, -69.5
336.0, -68.5
337.0, -68.5
338.0, -68.5
339.0, -68.5
340.0, -68.5
341.0, -68.5
342.0, -68.5
343.0, -68.5
344.0, -69.5
344.0, -70.5
344.0, -71.5
344.0, -72.5
344.0, -73.5
345.0, -74.5
346.0, -74.5
347.0, -75.5
348.0, -76.5
348.0, -77.5
349.0, -78.5
350.0, -79.5
351.0, -79.5
352.0, -80.5
353.0, -81.5
354.0, -81.5
355.0, -81.5
356.0, -81.5
357.0, -81.5
358.0, -81.5
359.0, -80.5
360.0, -79.5
361.0, -79.5
362.0, -79.5
363.0, -79.5
364.0, -79.5
365.0, -79.5
366.0, -79.5
367.0, -79.5
368.0, -79.5
369.0, -79.5
370.0, -79.5
371.0, -79.5
372.0, -79.5
373.0, -79.5
374.0, -79.5
375.0, -78.5
375.0, -77.5
375.0, -76.5
375.0, -75.5
375.0, -74.5
376.0, -73.5
377.0, -73.5
378.0, -72.5
377.0, -71.5
378.0, -70.5
379.0, -69.5
379.0, -68.5
380.0, -67.5
381.0, -66.5
382.0, -66.5
383.0, -65.5
384.0, -66.5
384.0, -67.5
385.0, -68.5
386.0, -68.5
387.0, -68.5
388.0, -68.5
389.0, -68.5
390.0, -68.5
391.0, -68.5
392.0, -69.5
392.0, -70.5
393.0, -71.5
394.0, -71.5
395.0, -71.5
396.0, -71.5
397.0, -71.5
398.0, -72.5
399.0, -72.5
400.0, -71.5
401.0, -71.5
402.0, -71.5
403.0, -71.5
404.0, -71.5
405.0, -71.5
406.0, -71.5
407.0, -71.5
408.0, -72.5
408.0, -73.5
408.0, -74.5
408.0, -75.5
408.0, -76.5
408.0, -77.5
408.0, -78.5
408.0, -79.5
408.0, -80.5
408.0, -81.5
408.0, -82.5
408.0, -83.5
408.0, -84.5
408.0, -85.5
408.0, -86.5
409.0, -87.5
410.0, -87.5
411.0, -87.5
412.0, -87.5
413.0, -87.5
414.0, -87.5
415.0, -87.5
416.0, -88.5
417.0, -88.5
418.0, -87.5
419.0, -87.5
420.0, -87.5
421.0, -87.5
422.0, -87.5
423.0, -87.5
424.0, -87.5
425.0, -87.5
426.0, -87.5
427.0, -87.5
428.0, -87.5
429.0, -87.5
430.0, -87.5
431.0, -87.5
432.0, -88.5
432.0, -89.5
432.0, -90.5
431.0, -91.5
430.0, -92.5
429.0, -92.5
428.0, -93.5
428.0, -94.5
429.0, -95.5
430.0, -95.5
431.0, -94.5
431.0, -93.5
432.0, -92.5
433.0, -92.5
434.0, -92.5
435.0, -92.5
436.0, -92.5
437.0, -92.5
438.0, -92.5
439.0, -91.5
439.0, -90.5
439.0, -89.5
438.0, -88.5
437.0, -88.5
436.0, -88.5
435.0, -88.5
434.0, -88.5
433.0, -87.5
433.0, -86.5
433.0, -85.5
433.0, -84.5
433.0, -83.5
433.0, -82.5
433.0, -81.5
433.0, -80.5
434.0, -79.5
435.0, -79.5
436.0, -79.5
437.0, -79.5
438.0, -79.5
439.0, -79.5
440.0, -79.5
441.0, -78.5
441.0, -77.5
441.0, -76.5
441.0, -75.5
440.0, -74.5
439.0, -75.5
438.0, -75.5
437.0, -75.5
436.0, -75.5
435.0, -75.5
434.0, -75.5
433.0, -75.5
432.0, -75.5
431.0, -74.5
431.0, -73.5
431.0, -72.5
432.0, -71.5
433.0, -71.5
434.0, -71.5
435.0, -71.5
436.0, -71.5
437.0, -71.5
438.0, -71.5
439.0, -71.5
440.0, -72.5
441.0, -72.5
442.0, -71.5
443.0, -71.5
444.0, -71.5
445.0, -71.5
446.0, -71.5
447.0, -70.5
447.0, -69.5
448.0, -68.5
449.0, -68.5
450.0, -68.5
451.0, -68.5
452.0, -68.5
453.0, -68.5
454.0, -68.5
455.0, -68.5
456.0, -69.5
456.0, -70.5
456.0, -71.5
456.0, -72.5
456.0, -73.5
456.0, -74.5
456.0, -75.5
456.0, -76.5
456.0, -77.5
456.0, -78.5
457.0, -79.5
458.0, -79.5
459.0, -79.5
460.0, -79.5
461.0, -79.5
462.0, -80.5
462.0, -81.5
462.0, -82.5
462.0, -83.5
462.0, -84.5
462.0, -85.5
462.0, -86.5
462.0, -87.5
461.0, -88.5
460.0, -88.5
459.0, -88.5
458.0, -88.5
457.0, -88.5
456.0, -89.5
456.0, -90.5
456.0, -91.5
456.0, -92.5
456.0, -93.5
456.0, -94.5
456.0, -95.5
456.0, -96.5
456.0, -97.5
456.0, -98.5
456.0, -99.5
456.0, -100.5
456.0, -101.5
455.0, -102.5
454.0, -102.5
453.0, -102.5
452.0, -102.5
451.0, -102.5
450.0, -102.5
449.0, -102.5
448.0, -103.5
448.0, -104.5
448.0, -105.5
448.0, -106.5
447.0, -107.5
446.0, -107.5
445.0, -107.5
444.0, -107.5
443.0, -107.5
442.0, -107.5
441.0, -107.5
440.0, -107.5
439.0, -106.5
439.0, -105.5
438.0, -104.5
437.0, -104.5
436.0, -103.5
436.0, -102.5
436.0, -101.5
436.0, -100.5
436.0, -99.5
436.0, -98.5
436.0, -97.5
435.0, -96.5
434.0, -96.5
433.0, -96.5
432.0, -97.5
432.0, -98.5
432.0, -99.5
432.0, -100.5
432.0, -101.5
432.0, -102.5
432.0, -103.5
432.0, -104.5
432.0, -105.5
432.0, -106.5
432.0, -107.5
432.0, -108.5
432.0, -109.5
432.0, -110.5
433.0, -111.5
434.0, -111.5
435.0, -112.5
435.0, -113.5
435.0, -114.5
435.0, -115.5
435.0, -116.5
435.0, -117.5
435.0, -118.5
436.0, -119.5
437.0, -119.5
438.0, -119.5
439.0, -119.5
440.0, -120.5
440.0, -121.5
440.0, -122.5
440.0, -123.5
440.0, -124.5
440.0, -125.5
440.0, -126.5
441.0, -127.5
442.0, -127.5
443.0, -127.5
444.0, -127.5
445.0, -127.5
446.0, -127.5
447.0, -126.5
447.0, -125.5
447.0, -124.5
447.0, -123.5
447.0, -122.5
447.0, -121.5
447.0, -120.5
447.0, -119.5
447.0, -118.5
447.0, -117.5
447.0, -116.5
447.0, -115.5
447.0, -114.5
447.0, -113.5
447.0, -112.5
448.0, -111.5
449.0, -111.5
450.0, -111.5
451.0, -111.5
452.0, -111.5
453.0, -111.5
454.0, -111.5
455.0, -110.5
455.0, -109.5
455.0, -108.5
455.0, -107.5
455.0, -106.5
456.0, -105.5
457.0, -105.5
458.0, -105.5
459.0, -105.5
460.0, -105.5
461.0, -105.5
462.0, -105.5
463.0, -104.5
464.0, -103.5
465.0, -103.5
466.0, -103.5
467.0, -104.5
467.0, -105.5
467.0, -106.5
467.0, -107.5
467.0, -108.5
467.0, -109.5
467.0, -110.5
467.0, -111.5
466.0, -112.5
465.0, -112.5
464.0, -112.5
463.0, -112.5
462.0, -112.5
461.0, -112.5
460.0, -112.5
459.0, -112.5
458.0, -112.5
457.0, -112.5
456.0, -113.5
456.0, -114.5
456.0, -115.5
456.0, -116.5
456.0, -117.5
456.0, -118.5
456.0, -119.5
457.0, -120.5
458.0, -119.5
459.0, -119.5
460.0, -119.5
461.0, -119.5
462.0, -119.5
463.0, -119.5
464.0, -119.5
465.0, -119.5
466.0, -119.5
467.0, -119.5
468.0, -118.5
468.0, -117.5
468.0, -116.5
468.0, -115.5
468.0, -114.5
468.0, -113.5
468.0, -112.5
469.0, -111.5
470.0, -111.5
471.0, -111.5
472.0, -111.5
473.0, -111.5
474.0, -111.5
475.0, -111.5
476.0, -111.5
477.0, -111.5
478.0, -111.5
479.0, -111.5
480.0, -111.5
481.0, -111.5
482.0, -111.5
483.0, -111.5
484.0, -111.5
485.0, -111.5
486.0, -111.5
487.0, -111.5
488.0, -112.5
489.0, -113.5
490.0, -113.5
491.0, -113.5
492.0, -113.5
493.0, -113.5
494.0, -113.5
495.0, -113.5
496.0, -114.5
496.0, -115.5
496.0, -116.5
496.0, -117.5
496.0, -118.5
497.0, -119.5
498.0, -119.5
499.0, -120.5
499.0, -121.5
499.0, -122.5
499.0, -123.5
499.0, -124.5
499.0, -125.5
499.0, -126.5
500.0, -127.5
501.0, -127.5
502.0, -127.5
503.0, -127.5
504.0, -128.5
504.0, -129.5
504.0, -130.5
503.0, -131.5
502.0, -131.5
501.0, -131.5
500.0, -131.5
499.0, -131.5
498.0, -131.5
497.0, -131.5
496.0, -132.5
496.0, -133.5
495.0, -134.5
496.0, -135.5
497.0, -135.5
498.0, -135.5
499.0, -136.5
499.0, -137.5
499.0, -138.5
499.0, -139.5
499.0, -140.5
499.0, -141.5
499.0, -142.5
499.0, -143.5
498.0, -144.5
497.0, -144.5
496.0, -145.5
497.0, -146.5
498.0, -146.5
499.0, -147.5
500.0, -148.5
500.0, -149.5
501.0, -150.5
502.0, -151.5
501.0, -152.5
500.0, -152.5
499.0, -152.5
498.0, -152.5
497.0, -152.5
496.0, -153.5
496.0, -154.5
496.0, -155.5
496.0, -156.5
496.0, -157.5
496.0, -158.5
497.0, -159.5
498.0, -159.5
499.0, -160.5
499.0, -161.5
499.0, -162.5
499.0, -163.5
499.0, -164.5
499.0, -165.5
499.0, -166.5
500.0, -167.5
501.0, -167.5
502.0, -168.5
502.0, -169.5
502.0, -170.5
502.0, -171.5
502.0, -172.5
503.0, -173.5
504.0, -172.5
505.0, -172.5
506.0, -172.5
507.0, -172.5
508.0, -172.5
509.0, -172.5
510.0, -172.5
511.0, -172.5
511.0, -171.5
511.0, -170.5
511.0, -169.5
511.0, -168.5
511.0, -167.5
511.0, -166.5
511.0, -165.5
511.0, -164.5
511.0, -163.5
511.0, -162.5
511.0, -161.5
511.0, -160.5
511.0, -159.5
511.0, -158.5
511.0, -157.5
511.0, -156.5
511.0, -155.5
511.0, -154.5
511.0, -153.5
511.0, -152.5
511.0, -151.5
511.0, -150.5
511.0, -149.5
511.0, -148.5
511.0, -147.5
511.0, -146.5
511.0, -145.5
511.0, -144.5
511.0, -143.5
511.0, -142.5
511.0, -141.5
511.0, -140.5
511.0, -139.5
511.0, -138.5
511.0, -137.5
511.0, -136.5
511.0, -135.5
511.0, -134.5
511.0, -133.5
511.0, -132.5
511.0, -131.5
511.0, -130.5
511.0, -129.5
511.0, -128.5
511.0, -127.5
511.0, -126.5
511.0, -125.5
511.0, -124.5
511.0, -123.5
511.0, -122.5
511.0, -121.5
511.0, -120.5
511.0, -119.5
511.0, -118.5
511.0, -117.5
511.0, -116.5
511.0, -115.5
511.0, -114.5
511.0, -113.5
511.0, -112.5
511.0, -111.5
511.0, -110.5
511.0, -109.5
511.0, -108.5
511.0, -107.5
511.0, -106.5
511.0, -105.5
511.0, -104.5
511.0, -103.5
511.0, -102.5
511.0, -101.5
511.0, -100.5
511.0, -99.5
511.0, -98.5
511.0, -97.5
511.0, -96.5
511.0, -95.5
511.0, -94.5
511.0, -93.5
511.0, -92.5
511.0, -91.5
511.0, -90.5
511.0, -89.5
511.0, -88.5
511.0, -87.5
511.0, -86.5
511.0, -85.5
511.0, -84.5
511.0, -83.5
511.0, -82.5
511.0, -81.5
511.0, -80.5
511.0, -79.5
511.0, -78.5
511.0, -77.5
511.0, -76.5
511.0, -75.5
511.0, -74.5
511.0, -73.5
511.0, -72.5
511.0, -71.5
511.0, -70.5
511.0, -69.5
511.0, -68.5
511.0, -67.5
511.0, -66.5
511.0, -65.5
511.0, -64.5
511.0, -63.5
511.0, -62.5
511.0, -61.5
511.0, -60.5
511.0, -59.5
511.0, -58.5
511.0, -57.5
511.0, -56.5
511.0, -55.5
511.0, -54.5
511.0, -53.5
511.0, -52.5
511.0, -51.5
511.0, -50.5
511.0, -49.5
511.0, -48.5
511.0, -47.5
511.0, -46.5
511.0, -45.5
511.0, -44.5
511.0, -43.5
511.0, -42.5
511.0, -41.5
511.0, -40.5
511.0, -39.5
511.0, -38.5
511.0, -37.5
511.0, -36.5
511.0, -35.5
511.0, -34.5
511.0, -33.5
511.0, -32.5
511.0, -31.5
511.0, -30.5
511.0, -29.5
511.0, -28.5
511.0, -27.5
511.0, -26.5
511.0, -25.5
511.0, -24.5
511.0, -23.5
511.0, -22.5
511.0, -21.5
511.0, -20.5
511.0, -19.5
511.0, -18.5
511.0, -17.5
511.0, -16.5
511.0, -15.5
511.0, -14.5
511.0, -13.5
511.0, -12.5
511.0, -11.5
511.0, -10.5
511.0, -9.5
511.0, -8.5
511.0, -7.5
511.0, -6.5
511.0, -5.5
511.0, -4.5
511.0, -3.5
511.0, -2.5
511.0, -1.5
511.0, -0.5
511.0, 0.5
511.0, 1.5
511.0, 2.5
511.0, 3.5
511.0, 4.5
511.0, 5.5
511.0, 6.5
511.0, 7.5
511.0, 8.5
511.0, 9.5
511.0, 10.5
511.0, 11.5
511.0, 12.5
511.0, 13.5
511.0, 14.5
511.0, 15.5
511.0, 16.5
511.0, 17.5
511.0, 18.5
511.0, 19.5
511.0, 20.5
511.0, 21.5
511.0, 22.5
511.0, 23.5
511.0, 24.5
511.0, 25.5
511.0, 26.5
511.0, 27.5
511.0, 28.5
511.0, 29.5
511.0, 30.5
511.0, 31.5
511.0, 32.5
511.0, 33.5
511.0, 34.5
511.0, 35.5
511.0, 36.5
511.0, 37.5
511.0, 38.5
511.0, 39.5
511.0, 40.5
511.0, 41.5
511.0, 42.5
511.0, 43.5
511.0, 44.5
511.0, 45.5
511.0, 46.5
511.0, 47.5
511.0, 48.5
511.0, 49.5
511.0, 50.5
511.0, 51.5
511.0, 52.5
511.0, 53.5
511.0, 54.5
511.0, 55.5
511.0, 56.5
511.0, 57.5
511.0, 58.5
511.0, 59.5
511.0, 60.5
511.0, 61.5
511.0, 62.5
511.0, 63.5
511.0, 64.5
511.0, 65.5
511.0, 66.5
511.0, 67.5
511.0, 68.5
511.0, 69.5
511.0, 70.5
511.0, 71.5
511.0, 72.5
511.0, 73.5
511.0, 74.5
511.0, 75.5
511.0, 76.5
511.0, 77.5
511.0, 78.5
511.0, 79.5
511.0, 80.5
511.0, 81.5
511.0, 82.5
511.0, 83.5
511.0, 84.5
511.0, 85.5
511.0, 86.5
511.0, 87.5
511.0, 88.5
511.0, 89.5
511.0, 90.5
511.0, 91.5
511.0, 92.5
511.0, 93.5
511.0, 94.5
511.0, 95.5
511.0, 96.5
511.0, 97.5
511.0, 98.5
511.0, 99.5
511.0, 100.5
511.0, 101.5
511.0, 102.5
511.0, 103.5
511.0, 104.5
511.0, 105.5
511.0, 106.5
511.0, 107.5
511.0, 108.5
511.0, 109.5
511.0, 110.5
511.0, 111.5
511.0, 112.5
511.0, 113.5
511.0, 114.5
511.0, 115.5
511.0, 116.5
511.0, 117.5
511.0, 118.5
511.0, 119.5
511.0, 120.5
511.0, 121.5
511.0, 122.5
511.0, 123.5
511.0, 124.5
511.0, 125.5
511.0, 126.5
511.0, 127.5
511.0, 128.5
511.0, 129.5
511.0, 130.5
511.0, 131.5
511.0, 132.5
511.0, 133.5
511.0, 134.5
511.0, 135.5
511.0, 136.5
511.0, 137.5
511.0, 138.5
511.0, 139.5
511.0, 140.5
511.0, 141.5
511.0, 142.5
511.0, 143.5
511.0, 144.5
511.0, 145.5
511.0, 146.5
511.0, 147.5
511.0, 148.5
511.0, 149.5
511.0, 150.5
511.0, 151.5
511.0, 152.5
511.0, 153.5
511.0, 154.5
511.0, 155.5
511.0, 156.5
511.0, 157.5
511.0, 158.5
511.0, 159.5
511.0, 160.5
511.0, 161.5
511.0, 162.5
511.0, 163.5
511.0, 164.5
511.0, 165.5
511.0, 166.5
511.0, 167.5
511.0, 168.5
511.0, 169.5
511.0, 170.5
511.0, 171.5
511.0, 172.5
511.0, 173.5
511.0, 174.5
511.0, 175.5
511.0, 176.5
511.0, 177.5
511.0, 178.5
511.0, 179.5
511.0, 180.5
511.0, 181.5
511.0, 182.5
511.0, 183.5
511.0, 184.5
511.0, 185.5
511.0, 186.5
511.0, 187.5
511.0, 188.5
511.0, 189.5
511.0, 190.5
511.0, 191.5
511.0, 192.5
511.0, 193.5
511.0, 194.5
511.0, 195.5
511.0, 196.5
511.0, 197.5
511.0, 198.5
511.0, 199.5
511.0, 200.5
511.0, 201.5
511.0, 202.5
511.0, 203.5
511.0, 204.5
511.0, 205.5
511.0, 206.5
511.0, 207.5
511.0, 208.5
511.0, 209.5
511.0, 210.5
511.0, 211.5
511.0, 212.5
511.0, 213.5
511.0, 214.5
511.0, 215.5
511.0, 216.5
511.0, 217.5
511.0, 218.5
511.0, 219.5
511.0, 220.5
511.0, 221.5
511.0, 222.5
511.0, 223.5
511.0, 224.5
511.0, 225.5
511.0, 226.5
511.0, 227.5
511.0, 228.5
511.0, 229.5
511.0, 230.5
511.0, 231.5
511.0, 232.5
511.0, 233.5
511.0, 234.5
511.0, 235.5
511.0, 236.5
511.0, 237.5
511.0, 238.5
511.0, 239.5
511.0, 240.5
511.0, 241.5
511.0, 242.5
511.0, 243.5
511.0, 244.5
511.0, 245.5
511.0, 246.5
511.0, 247.5
511.0, 248.5
511.0, 249.5
511.0, 250.5
511.0, 251.5
511.0, 252.5
511.0, 253.5
511.0, 254.5
511.0, 255.5
511.0, 256.5
511.0, 257.5
511.0, 258.5
511.0, 259.5
511.0, 260.5
511.0, 261.5
511.0, 262.5
511.0, 263.5
511.0, 264.5
511.0, 265.5
511.0, 266.5
511.0, 267.5
511.0, 268.5
511.0, 269.5
511.0, 270.5
511.0, 271.5
511.0, 272.5
511.0, 273.5
511.0, 274.5
511.0, 275.5
511.0, 276.5
511.0, 277.5
511.0, 278.5
511.0, 279.5
510.0, 279.5
509.0, 279.5
508.0, 279.5
507.0, 279.5
507.0, 278.5
507.0, 277.5
507.0, 276.5
507.0, 275.5
507.0, 274.5
507.0, 273.5
507.0, 272.5
507.0, 271.5
507.0, 270.5
507.0, 269.5
507.0, 268.5
507.0, 267.5
507.0, 266.5
507.0, 265.5
507.0, 264.5
507.0, 263.5
506.0, 262.5
505.0, 261.5
504.0, 260.5
503.0, 261.5
503.0, 262.5
503.0, 263.5
503.0, 264.5
503.0, 265.5
503.0, 266.5
503.0, 267.5
502.0, 268.5
501.0, 268.5
500.0, 268.5
499.0, 268.5
498.0, 268.5
497.0, 268.5
496.0, 267.5
496.0, 266.5
495.0, 265.5
494.0, 265.5
493.0, 265.5
492.0, 265.5
491.0, 265.5
490.0, 265.5
489.0, 265.5
488.0, 265.5
487.0, 265.5
486.0, 266.5
485.0, 266.5
484.0, 267.5
483.0, 268.5
483.0, 269.5
482.0, 270.5
481.0, 271.5
482.0, 272.5
481.0, 273.5
480.0, 273.5
479.0, 274.5
479.0, 275.5
479.0, 276.5
479.0, 277.5
479.0, 278.5
479.0, 279.5
478.0, 279.5
477.0, 279.5
476.0, 279.5
475.0, 279.5
474.0, 279.5
473.0, 279.5
472.0, 279.5
472.0, 278.5
472.0, 277.5
472.0, 276.5
472.0, 275.5
472.0, 274.5
472.0, 273.5
472.0, 272.5
472.0, 271.5
472.0, 270.5
472.0, 269.5
471.0, 268.5
470.0, 268.5
469.0, 268.5
468.0, 268.5
467.0, 268.5
466.0, 268.5
465.0, 268.5
464.0, 268.5
463.0, 268.5
462.0, 267.5
461.0, 267.5
460.0, 266.5
460.0, 265.5
461.0, 264.5
462.0, 264.5
463.0, 264.5
464.0, 263.5
464.0, 262.5
464.0, 261.5
463.0, 260.5
462.0, 260.5
461.0, 260.5
460.0, 260.5
459.0, 260.5
458.0, 260.5
457.0, 260.5
456.0, 260.5
455.0, 260.5
454.0, 260.5
453.0, 260.5
452.0, 260.5
451.0, 260.5
450.0, 260.5
449.0, 260.5
448.0, 260.5
447.0, 261.5
447.0, 262.5
446.0, 263.5
445.0, 263.5
444.0, 263.5
443.0, 263.5
442.0, 263.5
441.0, 263.5
440.0, 262.5
440.0, 261.5
440.0, 260.5
440.0, 259.5
440.0, 258.5
440.0, 257.5
440.0, 256.5
440.0, 255.5
440.0, 254.5
440.0, 253.5
439.0, 252.5
438.0, 252.5
437.0, 252.5
436.0, 252.5
435.0, 252.5
434.0, 252.5
433.0, 252.5
432.0, 252.5
431.0, 253.5
431.0, 254.5
431.0, 255.5
431.0, 256.5
430.0, 257.5
429.0, 257.5
428.0, 257.5
427.0, 257.5
426.0, 257.5
425.0, 257.5
424.0, 256.5
423.0, 255.5
422.0, 255.5
421.0, 255.5
420.0, 255.5
419.0, 255.5
418.0, 255.5
417.0, 255.5
416.0, 255.5
415.0, 255.5
414.0, 255.5
413.0, 255.5
412.0, 255.5
411.0, 255.5
410.0, 255.5
409.0, 255.5
408.0, 255.5
407.0, 256.5
406.0, 257.5
405.0, 257.5
404.0, 257.5
403.0, 257.5
402.0, 257.5
401.0, 257.5
400.0, 257.5
399.0, 258.5
399.0, 259.5
399.0, 260.5
399.0, 261.5
399.0, 262.5
398.0, 263.5
397.0, 263.5
396.0, 263.5
395.0, 263.5
394.0, 263.5
393.0, 263.5
392.0, 262.5
392.0, 261.5
392.0, 260.5
392.0, 259.5
392.0, 258.5
392.0, 257.5
392.0, 256.5
392.0, 255.5
392.0, 254.5
392.0, 253.5
392.0, 252.5
392.0, 251.5
392.0, 250.5
392.0, 249.5
392.0, 248.5
392.0, 247.5
392.0, 246.5
392.0, 245.5
392.0, 244.5
392.0, 243.5
392.0, 242.5
391.0, 241.5
390.0, 241.5
389.0, 241.5
388.0, 241.5
387.0, 241.5
386.0, 241.5
385.0, 241.5
384.0, 240.5
384.0, 239.5
384.0, 238.5
384.0, 237.5
384.0, 236.5
384.0, 235.5
384.0, 234.5
384.0, 233.5
384.0, 232.5
383.0, 231.5
382.0, 231.5
381.0, 231.5
380.0, 231.5
379.0, 231.5
378.0, 231.5
377.0, 232.5
376.0, 231.5
376.0, 230.5
376.0, 229.5
375.0, 228.5
374.0, 227.5
373.0, 227.5
372.0, 226.5
372.0, 225.5
371.0, 224.5
370.0, 223.5
369.0, 223.5
368.0, 222.5
368.0, 221.5
368.0, 220.5
368.0, 219.5
368.0, 218.5
368.0, 217.5
369.0, 216.5
370.0, 216.5
371.0, 215.5
371.0, 214.5
371.0, 213.5
371.0, 212.5
371.0, 211.5
371.0, 210.5
371.0, 209.5
371.0, 208.5
370.0, 207.5
369.0, 207.5
368.0, 206.5
368.0, 205.5
368.0, 204.5
368.0, 203.5
368.0, 202.5
367.0, 201.5
366.0, 202.5
365.0, 202.5
364.0, 203.5
363.0, 204.5
363.0, 205.5
362.0, 206.5
361.0, 207.5
362.0, 208.5
363.0, 208.5
364.0, 208.5
365.0, 208.5
366.0, 208.5
367.0, 209.5
367.0, 210.5
367.0, 211.5
367.0, 212.5
367.0, 213.5
367.0, 214.5
366.0, 215.5
365.0, 215.5
364.0, 215.5
363.0, 215.5
362.0, 215.5
361.0, 215.5
360.0, 215.5
359.0, 215.5
358.0, 215.5
357.0, 215.5
356.0, 215.5
355.0, 215.5
354.0, 214.5
353.0, 213.5
352.0, 212.5
351.0, 212.5
350.0, 212.5
349.0, 212.5
348.0, 212.5
347.0, 212.5
346.0, 212.5
345.0, 212.5
344.0, 212.5
343.0, 213.5
343.0, 214.5
342.0, 215.5
341.0, 215.5
340.0, 215.5
339.0, 215.5
338.0, 215.5
337.0, 215.5
336.0, 214.5
336.0, 213.5
336.0, 212.5
336.0, 211.5
336.0, 210.5
336.0, 209.5
336.0, 208.5
336.0, 207.5
336.0, 206.5
336.0, 205.5
336.0, 204.5
337.0, 203.5
338.0, 203.5
339.0, 203.5
340.0, 203.5
341.0, 203.5
342.0, 203.5
343.0, 203.5
344.0, 202.5
344.0, 201.5
344.0, 200.5
343.0, 199.5
342.0, 199.5
341.0, 199.5
340.0, 199.5
339.0, 199.5
338.0, 199.5
337.0, 199.5
336.0, 199.5
335.0, 200.5
334.0, 201.5
333.0, 201.5
332.0, 201.5
331.0, 201.5
330.0, 201.5
329.0, 201.5
328.0, 200.5
328.0, 199.5
328.0, 198.5
328.0, 197.5
328.0, 196.5
328.0, 195.5
328.0, 194.5
327.0, 193.5
326.0, 193.5
325.0, 193.5
324.0, 193.5
323.0, 193.5
322.0, 193.5
321.0, 193.5
320.0, 192.5
320.0, 191.5
320.0, 190.5
320.0, 189.5
320.0, 188.5
320.0, 187.5
320.0, 186.5
319.0, 185.5
319.0, 184.5
320.0, 183.5
320.0, 182.5
320.0, 181.5
320.0, 180.5
320.0, 179.5
320.0, 178.5
320.0, 177.5
321.0, 176.5
322.0, 176.5
323.0, 176.5
324.0, 176.5
325.0, 176.5
326.0, 176.5
327.0, 177.5
327.0, 178.5
327.0, 179.5
327.0, 180.5
327.0, 181.5
327.0, 182.5
327.0, 183.5
327.0, 184.5
327.0, 185.5
327.0, 186.5
327.0, 187.5
327.0, 188.5
327.0, 189.5
327.0, 190.5
327.0, 191.5
328.0, 192.5
329.0, 192.5
330.0, 192.5
331.0, 192.5
332.0, 192.5
333.0, 192.5
334.0, 192.5
335.0, 192.5
336.0, 192.5
337.0, 192.5
338.0, 192.5
339.0, 192.5
340.0, 192.5
341.0, 192.5
342.0, 192.5
343.0, 193.5
343.0, 194.5
343.0, 195.5
343.0, 196.5
343.0, 197.5
344.0, 198.5
345.0, 198.5
346.0, 198.5
347.0, 198.5
348.0, 198.5
349.0, 198.5
350.0, 198.5
351.0, 198.5
352.0, 198.5
353.0, 197.5
354.0, 197.5
355.0, 196.5
356.0, 195.5
356.0, 194.5
357.0, 193.5
358.0, 192.5
357.0, 191.5
356.0, 191.5
355.0, 191.5
354.0, 191.5
353.0, 191.5
352.0, 190.5
352.0, 189.5
352.0, 188.5
352.0, 187.5
352.0, 186.5
352.0, 185.5
352.0, 184.5
352.0, 183.5
352.0, 182.5
352.0, 181.5
352.0, 180.5
352.0, 179.5
352.0, 178.5
352.0, 177.5
352.0, 176.5
352.0, 175.5
352.0, 174.5
352.0, 173.5
351.0, 172.5
350.0, 172.5
349.0, 172.5
348.0, 172.5
347.0, 172.5
346.0, 172.5
345.0, 172.5
344.0, 172.5
343.0, 172.5
342.0, 172.5
341.0, 172.5
340.0, 172.5
339.0, 172.5
338.0, 172.5
337.0, 172.5
336.0, 171.5
336.0, 170.5
335.0, 169.5
334.0, 169.5
333.0, 169.5
332.0, 169.5
331.0, 169.5
330.0, 169.5
329.0, 169.5
328.0, 168.5
328.0, 167.5
329.0, 166.5
330.0, 166.5
331.0, 166.5
332.0, 166.5
333.0, 166.5
334.0, 166.5
335.0, 166.5
336.0, 165.5
336.0, 164.5
336.0, 163.5
336.0, 162.5
336.0, 161.5
336.0, 160.5
337.0, 159.5
338.0, 160.5
339.0, 160.5
340.0, 160.5
341.0, 160.5
342.0, 160.5
343.0, 160.5
344.0, 159.5
345.0, 158.5
346.0, 158.5
347.0, 158.5
348.0, 158.5
349.0, 158.5
350.0, 158.5
351.0, 158.5
352.0, 157.5
352.0, 156.5
353.0, 155.5
354.0, 155.5
355.0, 155.5
356.0, 155.5
357.0, 155.5
358.0, 155.5
359.0, 156.5
359.0, 157.5
360.0, 158.5
361.0, 158.5
362.0, 158.5
363.0, 158.5
364.0, 158.5
365.0, 158.5
366.0, 158.5
367.0, 159.5
367.0, 160.5
367.0, 161.5
367.0, 162.5
368.0, 163.5
369.0, 163.5
370.0, 163.5
371.0, 163.5
372.0, 163.5
373.0, 163.5
374.0, 163.5
375.0, 163.5
376.0, 162.5
377.0, 163.5
377.0, 164.5
377.0, 165.5
377.0, 166.5
376.0, 167.5
375.0, 168.5
375.0, 169.5
375.0, 170.5
375.0, 171.5
374.0, 172.5
373.0, 172.5
372.0, 172.5
371.0, 172.5
370.0, 172.5
369.0, 172.5
368.0, 172.5
367.0, 173.5
367.0, 174.5
366.0, 175.5
365.0, 175.5
364.0, 175.5
363.0, 174.5
363.0, 173.5
363.0, 172.5
363.0, 171.5
363.0, 170.5
363.0, 169.5
363.0, 168.5
362.0, 167.5
361.0, 167.5
360.0, 166.5
360.0, 165.5
359.0, 164.5
358.0, 164.5
357.0, 164.5
356.0, 164.5
355.0, 164.5
354.0, 164.5
353.0, 164.5
352.0, 164.5
351.0, 165.5
351.0, 166.5
351.0, 167.5
352.0, 168.5
353.0, 168.5
354.0, 168.5
355.0, 168.5
356.0, 168.5
357.0, 168.5
358.0, 168.5
359.0, 169.5
359.0, 170.5
359.0, 171.5
359.0, 172.5
359.0, 173.5
359.0, 174.5
359.0, 175.5
359.0, 176.5
359.0, 177.5
359.0, 178.5
359.0, 179.5
359.0, 180.5
359.0, 181.5
359.0, 182.5
359.0, 183.5
359.0, 184.5
359.0, 185.5
359.0, 186.5
359.0, 187.5
359.0, 188.5
359.0, 189.5
360.0, 190.5
360.0, 191.5
359.0, 192.5
359.0, 193.5
359.0, 194.5
359.0, 195.5
359.0, 196.5
359.0, 197.5
359.0, 198.5
359.0, 199.5
360.0, 200.5
361.0, 200.5
362.0, 200.5
363.0, 200.5
364.0, 200.5
365.0, 200.5
366.0, 200.5
367.0, 201.5
368.0, 200.5
369.0, 200.5
370.0, 200.5
371.0, 200.5
372.0, 200.5
373.0, 200.5
374.0, 200.5
375.0, 200.5
376.0, 200.5
377.0, 200.5
378.0, 200.5
379.0, 200.5
380.0, 200.5
381.0, 200.5
382.0, 200.5
383.0, 201.5
382.0, 202.5
381.0, 202.5
380.0, 203.5
379.0, 204.5
379.0, 205.5
378.0, 206.5
377.0, 207.5
378.0, 208.5
379.0, 208.5
380.0, 208.5
381.0, 208.5
382.0, 208.5
383.0, 208.5
384.0, 208.5
385.0, 208.5
386.0, 208.5
387.0, 208.5
388.0, 209.5
388.0, 210.5
388.0, 211.5
388.0, 212.5
388.0, 213.5
388.0, 214.5
388.0, 215.5
389.0, 216.5
390.0, 216.5
391.0, 217.5
391.0, 218.5
391.0, 219.5
391.0, 220.5
391.0, 221.5
391.0, 222.5
391.0, 223.5
391.0, 224.5
391.0, 225.5
391.0, 226.5
391.0, 227.5
391.0, 228.5
391.0, 229.5
392.0, 230.5
393.0, 229.5
394.0, 229.5
395.0, 228.5
396.0, 227.5
396.0, 226.5
397.0, 225.5
398.0, 224.5
399.0, 225.5
399.0, 226.5
399.0, 227.5
399.0, 228.5
399.0, 229.5
400.0, 230.5
401.0, 230.5
402.0, 230.5
403.0, 230.5
404.0, 230.5
405.0, 230.5
406.0, 230.5
407.0, 231.5
408.0, 232.5
409.0, 232.5
410.0, 232.5
411.0, 232.5
412.0, 232.5
413.0, 232.5
414.0, 232.5
415.0, 232.5
416.0, 232.5
417.0, 232.5
418.0, 232.5
419.0, 232.5
420.0, 233.5
420.0, 234.5
420.0, 235.5
420.0, 236.5
420.0, 237.5
420.0, 238.5
420.0, 239.5
421.0, 240.5
422.0, 240.5
423.0, 241.5
423.0, 242.5
423.0, 243.5
422.0, 244.5
421.0, 244.5
420.0, 244.5
419.0, 244.5
418.0, 244.5
417.0, 244.5
416.0, 243.5
416.0, 242.5
416.0, 241.5
416.0, 240.5
415.0, 239.5
414.0, 239.5
413.0, 239.5
412.0, 239.5
411.0, 239.5
410.0, 239.5
409.0, 240.5
410.0, 241.5
411.0, 242.5
411.0, 243.5
412.0, 244.5
413.0, 245.5
414.0, 245.5
415.0, 246.5
415.0, 247.5
416.0, 248.5
417.0, 248.5
418.0, 248.5
419.0, 248.5
420.0, 248.5
421.0, 248.5
422.0, 248.5
423.0, 248.5
424.0, 248.5
425.0, 248.5
426.0, 248.5
427.0, 248.5
428.0, 248.5
429.0, 248.5
430.0, 248.5
431.0, 248.5
432.0, 247.5
432.0, 246.5
432.0, 245.5
432.0, 244.5
433.0, 243.5
434.0, 243.5
435.0, 243.5
436.0, 243.5
437.0, 243.5
438.0, 243.5
439.0, 243.5
440.0, 242.5
440.0, 241.5
441.0, 240.5
442.0, 240.5
443.0, 240.5
444.0, 240.5
445.0, 240.5
446.0, 240.5
447.0, 240.5
448.0, 240.5
449.0, 240.5
450.0, 240.5
451.0, 240.5
452.0, 240.5
453.0, 240.5
454.0, 240.5
455.0, 240.5
456.0, 240.5
457.0, 240.5
458.0, 240.5
459.0, 240.5
460.0, 240.5
461.0, 240.5
462.0, 240.5
463.0, 241.5
463.0, 242.5
463.0, 243.5
463.0, 244.5
463.0, 245.5
464.0, 246.5
465.0, 246.5
466.0, 246.5
467.0, 246.5
468.0, 246.5
469.0, 246.5
470.0, 246.5
471.0, 246.5
472.0, 247.5
471.0, 248.5
471.0, 249.5
471.0, 250.5
471.0, 251.5
471.0, 252.5
471.0, 253.5
471.0, 254.5
471.0, 255.5
472.0, 256.5
473.0, 256.5
474.0, 256.5
475.0, 256.5
476.0, 256.5
477.0, 256.5
478.0, 256.5
479.0, 256.5
480.0, 255.5
480.0, 254.5
480.0, 253.5
480.0, 252.5
481.0, 251.5
482.0, 251.5
483.0, 251.5
484.0, 251.5
485.0, 251.5
486.0, 251.5
487.0, 251.5
488.0, 250.5
488.0, 249.5
488.0, 248.5
488.0, 247.5
488.0, 246.5
488.0, 245.5
488.0, 244.5
488.0, 243.5
488.0, 242.5
488.0, 241.5
489.0, 240.5
490.0, 240.5
491.0, 240.5
492.0, 240.5
493.0, 240.5
494.0, 240.5
495.0, 241.5
495.0, 242.5
495.0, 243.5
495.0, 244.5
495.0, 245.5
496.0, 246.5
497.0, 245.5
498.0, 245.5
499.0, 244.5
500.0, 243.5
500.0, 242.5
501.0, 241.5
502.0, 240.5
501.0, 239.5
500.0, 239.5
499.0, 238.5
499.0, 237.5
499.0, 236.5
499.0, 235.5
499.0, 234.5
499.0, 233.5
499.0, 232.5
498.0, 231.5
497.0, 231.5
496.0, 230.5
495.0, 231.5
494.0, 230.5
495.0, 229.5
496.0, 230.5
497.0, 229.5
498.0, 229.5
499.0, 228.5
500.0, 227.5
500.0, 226.5
501.0, 225.5
502.0, 224.5
502.0, 223.5
501.0, 222.5
500.0, 221.5
500.0, 220.5
499.0, 219.5
498.0, 218.5
497.0, 218.5
496.0, 217.5
495.0, 218.5
495.0, 219.5
494.0, 220.5
493.0, 220.5
492.0, 220.5
491.0, 220.5
490.0, 220.5
489.0, 220.5
488.0, 220.5
487.0, 221.5
487.0, 222.5
486.0, 223.5
485.0, 223.5
484.0, 223.5
483.0, 223.5
482.0, 223.5
481.0, 224.5
480.0, 224.5
479.0, 223.5
478.0, 223.5
477.0, 223.5
476.0, 223.5
475.0, 223.5
474.0, 223.5
473.0, 223.5
472.0, 222.5
472.0, 221.5
472.0, 220.5
472.0, 219.5
472.0, 218.5
472.0, 217.5
472.0, 216.5
471.0, 215.5
470.0, 215.5
469.0, 215.5
468.0, 216.5
468.0, 217.5
468.0, 218.5
468.0, 219.5
468.0, 220.5
468.0, 221.5
468.0, 222.5
468.0, 223.5
468.0, 224.5
468.0, 225.5
468.0, 226.5
468.0, 227.5
468.0, 228.5
468.0, 229.5
468.0, 230.5
468.0, 231.5
469.0, 232.5
470.0, 232.5
471.0, 232.5
472.0, 232.5
473.0, 232.5
474.0, 232.5
475.0, 232.5
476.0, 232.5
477.0, 232.5
478.0, 232.5
479.0, 232.5
480.0, 231.5
481.0, 231.5
482.0, 232.5
483.0, 232.5
484.0, 232.5
485.0, 232.5
486.0, 232.5
487.0, 233.5
487.0, 234.5
487.0, 235.5
487.0, 236.5
487.0, 237.5
487.0, 238.5
486.0, 239.5
485.0, 239.5
484.0, 240.5
484.0, 241.5
484.0, 242.5
484.0, 243.5
484.0, 244.5
484.0, 245.5
484.0, 246.5
483.0, 247.5
482.0, 247.5
481.0, 247.5
480.0, 247.5
479.0, 246.5
480.0, 245.5
480.0, 244.5
480.0, 243.5
480.0, 242.5
480.0, 241.5
480.0, 240.5
479.0, 239.5
478.0, 239.5
477.0, 239.5
476.0, 239.5
475.0, 239.5
474.0, 239.5
473.0, 239.5
472.0, 239.5
471.0, 239.5
470.0, 239.5
469.0, 239.5
468.0, 239.5
467.0, 239.5
466.0, 239.5
465.0, 239.5
464.0, 238.5
464.0, 237.5
464.0, 236.5
464.0, 235.5
464.0, 234.5
464.0, 233.5
464.0, 232.5
464.0, 231.5
464.0, 230.5
464.0, 229.5
463.0, 228.5
462.0, 228.5
461.0, 228.5
460.0, 228.5
459.0, 228.5
458.0, 228.5
457.0, 228.5
456.0, 228.5
455.0, 229.5
455.0, 230.5
455.0, 231.5
455.0, 232.5
454.0, 233.5
453.0, 233.5
452.0, 233.5
451.0, 233.5
450.0, 232.5
451.0, 231.5
451.0, 230.5
451.0, 229.5
451.0, 228.5
451.0, 227.5
451.0, 226.5
451.0, 225.5
451.0, 224.5
451.0, 223.5
451.0, 222.5
451.0, 221.5
451.0, 220.5
451.0, 219.5
451.0, 218.5
451.0, 217.5
451.0, 216.5
450.0, 215.5
449.0, 215.5
448.0, 215.5
447.0, 216.5
447.0, 217.5
447.0, 218.5
447.0, 219.5
447.0, 220.5
447.0, 221.5
447.0, 222.5
447.0, 223.5
447.0, 224.5
447.0, 225.5
447.0, 226.5
447.0, 227.5
447.0, 228.5
447.0, 229.5
447.0, 230.5
446.0, 231.5
445.0, 230.5
444.0, 229.5
444.0, 228.5
443.0, 227.5
442.0, 226.5
441.0, 226.5
440.0, 225.5
440.0, 224.5
440.0, 223.5
440.0, 222.5
440.0, 221.5
440.0, 220.5
440.0, 219.5
440.0, 218.5
440.0, 217.5
440.0, 216.5
439.0, 215.5
438.0, 215.5
437.0, 215.5
436.0, 215.5
435.0, 215.5
434.0, 215.5
433.0, 215.5
432.0, 214.5
432.0, 213.5
432.0, 212.5
432.0, 211.5
432.0, 210.5
432.0, 209.5
433.0, 208.5
434.0, 208.5
435.0, 208.5
436.0, 208.5
437.0, 208.5
438.0, 208.5
439.0, 208.5
440.0, 208.5
441.0, 208.5
442.0, 208.5
443.0, 208.5
444.0, 208.5
445.0, 208.5
446.0, 208.5
447.0, 208.5
448.0, 207.5
448.0, 206.5
448.0, 205.5
448.0, 204.5
448.0, 203.5
448.0, 202.5
448.0, 201.5
449.0, 200.5
450.0, 200.5
451.0, 200.5
452.0, 200.5
453.0, 200.5
454.0, 200.5
455.0, 200.5
456.0, 200.5
457.0, 200.5
458.0, 200.5
459.0, 200.5
460.0, 200.5
461.0, 200.5
462.0, 200.5
463.0, 200.5
464.0, 200.5
465.0, 200.5
466.0, 200.5
467.0, 200.5
468.0, 200.5
469.0, 200.5
470.0, 200.5
471.0, 200.5
472.0, 200.5
473.0, 200.5
474.0, 200.5
475.0, 199.5
475.0, 198.5
475.0, 197.5
475.0, 196.5
475.0, 195.5
475.0, 194.5
475.0, 193.5
475.0, 192.5
474.0, 191.5
473.0, 191.5
472.0, 190.5
471.0, 191.5
470.0, 191.5
469.0, 191.5
468.0, 191.5
467.0, 191.5
466.0, 191.5
465.0, 191.5
464.0, 191.5
463.0, 192.5
463.0, 193.5
463.0, 194.5
463.0, 195.5
462.0, 196.5
461.0, 196.5
460.0, 196.5
459.0, 196.5
458.0, 196.5
457.0, 196.5
456.0, 195.5
456.0, 194.5
455.0, 193.5
455.0, 192.5
456.0, 191.5
456.0, 190.5
456.0, 189.5
456.0, 188.5
456.0, 187.5
456.0, 186.5
456.0, 185.5
456.0, 184.5
456.0, 183.5
456.0, 182.5
456.0, 181.5
455.0, 180.5
454.0, 180.5
453.0, 180.5
452.0, 180.5
451.0, 180.5
450.0, 180.5
449.0, 180.5
448.0, 180.5
447.0, 181.5
447.0, 182.5
447.0, 183.5
448.0, 184.5
449.0, 184.5
450.0, 184.5
451.0, 184.5
452.0, 185.5
452.0, 186.5
452.0, 187.5
452.0, 188.5
452.0, 189.5
452.0, 190.5
452.0, 191.5
453.0, 192.5
452.0, 193.5
451.0, 193.5
450.0, 193.5
449.0, 193.5
448.0, 192.5
447.0, 191.5
446.0, 191.5
445.0, 191.5
444.0, 191.5
443.0, 190.5
443.0, 189.5
443.0, 188.5
443.0, 187.5
443.0, 186.5
443.0, 185.5
443.0, 184.5
442.0, 183.5
441.0, 183.5
440.0, 182.5
440.0, 181.5
440.0, 180.5
440.0, 179.5
440.0, 178.5
440.0, 177.5
440.0, 176.5
439.0, 175.5
438.0, 175.5
437.0, 175.5
436.0, 176.5
436.0, 177.5
436.0, 178.5
436.0, 179.5
436.0, 180.5
436.0, 181.5
436.0, 182.5
436.0, 183.5
437.0, 184.5
438.0, 184.5
439.0, 185.5
438.0, 186.5
437.0, 186.5
436.0, 187.5
435.0, 188.5
435.0, 189.5
434.0, 190.5
433.0, 191.5
432.0, 190.5
432.0, 189.5
432.0, 188.5
432.0, 187.5
432.0, 186.5
432.0, 185.5
432.0, 184.5
432.0, 183.5
432.0, 182.5
432.0, 181.5
431.0, 180.5
430.0, 179.5
429.0, 179.5
428.0, 178.5
428.0, 177.5
427.0, 176.5
427.0, 175.5
427.0, 174.5
427.0, 173.5
427.0, 172.5
427.0, 171.5
427.0, 170.5
427.0, 169.5
427.0, 168.5
426.0, 167.5
425.0, 167.5
424.0, 167.5
423.0, 168.5
423.0, 169.5
423.0, 170.5
423.0, 171.5
423.0, 172.5
423.0, 173.5
423.0, 174.5
423.0, 175.5
423.0, 176.5
423.0, 177.5
423.0, 178.5
423.0, 179.5
423.0, 180.5
423.0, 181.5
423.0, 182.5
422.0, 183.5
421.0, 183.5
420.0, 183.5
419.0, 183.5
418.0, 183.5
417.0, 184.5
418.0, 185.5
419.0, 186.5
419.0, 187.5
420.0, 188.5
421.0, 189.5
422.0, 189.5
423.0, 190.5
422.0, 191.5
421.0, 191.5
420.0, 191.5
419.0, 191.5
418.0, 191.5
417.0, 192.5
418.0, 193.5
419.0, 194.5
419.0, 195.5
420.0, 196.5
421.0, 197.5
422.0, 197.5
423.0, 198.5
423.0, 199.5
423.0, 200.5
423.0, 201.5
423.0, 202.5
423.0, 203.5
423.0, 204.5
423.0, 205.5
423.0, 206.5
423.0, 207.5
423.0, 208.5
423.0, 209.5
423.0, 210.5
423.0, 211.5
423.0, 212.5
423.0, 213.5
423.0, 214.5
423.0, 215.5
423.0, 216.5
423.0, 217.5
423.0, 218.5
423.0, 219.5
422.0, 220.5
421.0, 220.5
420.0, 220.5
419.0, 220.5
418.0, 220.5
417.0, 220.5
416.0, 219.5
416.0, 218.5
416.0, 217.5
416.0, 216.5
416.0, 215.5
416.0, 214.5
416.0, 213.5
416.0, 212.5
416.0, 211.5
416.0, 210.5
415.0, 209.5
414.0, 209.5
413.0, 209.5
412.0, 209.5
411.0, 209.5
410.0, 209.5
409.0, 209.5
408.0, 208.5
408.0, 207.5
408.0, 206.5
408.0, 205.5
408.0, 204.5
408.0, 203.5
408.0, 202.5
408.0, 201.5
408.0, 200.5
407.0, 199.5
406.0, 199.5
405.0, 199.5
404.0, 199.5
403.0, 199.5
402.0, 199.5
401.0, 199.5
400.0, 198.5
400.0, 197.5
400.0, 196.5
400.0, 195.5
400.0, 194.5
399.0, 193.5
398.0, 193.5
397.0, 192.5
398.0, 191.5
397.0, 190.5
396.0, 189.5
396.0, 188.5
395.0, 187.5
394.0, 186.5
393.0, 186.5
392.0, 185.5
391.0, 186.5
391.0, 187.5
391.0, 188.5
391.0, 189.5
391.0, 190.5
391.0, 191.5
392.0, 192.5
392.0, 193.5
391.0, 194.5
391.0, 195.5
391.0, 196.5
391.0, 197.5
391.0, 198.5
390.0, 199.5
389.0, 199.5
388.0, 199.5
387.0, 199.5
386.0, 199.5
385.0, 199.5
384.0, 198.5
384.0, 197.5
384.0, 196.5
384.0, 195.5
384.0, 194.5
384.0, 193.5
384.0, 192.5
383.0, 191.5
382.0, 191.5
381.0, 191.5
380.0, 191.5
379.0, 191.5
378.0, 191.5
377.0, 191.5
376.0, 190.5
376.0, 189.5
376.0, 188.5
376.0, 187.5
376.0, 186.5
376.0, 185.5
377.0, 184.5
378.0, 184.5
379.0, 184.5
380.0, 184.5
381.0, 184.5
382.0, 184.5
383.0, 184.5
384.0, 183.5
384.0, 182.5
384.0, 181.5
383.0, 180.5
382.0, 180.5
381.0, 180.5
380.0, 180.5
379.0, 180.5
378.0, 180.5
377.0, 180.5
376.0, 179.5
376.0, 178.5
376.0, 177.5
377.0, 176.5
378.0, 176.5
379.0, 175.5
379.0, 174.5
379.0, 173.5
379.0, 172.5
379.0, 171.5
379.0, 170.5
379.0, 169.5
380.0, 168.5
381.0, 168.5
382.0, 168.5
383.0, 168.5
384.0, 168.5
385.0, 168.5
386.0, 168.5
387.0, 168.5
388.0, 168.5
389.0, 168.5
390.0, 168.5
391.0, 168.5
392.0, 168.5
393.0, 168.5
394.0, 168.5
395.0, 168.5
396.0, 168.5
397.0, 168.5
398.0, 168.5
399.0, 168.5
400.0, 168.5
401.0, 168.5
402.0, 168.5
403.0, 168.5
404.0, 168.5
405.0, 168.5
406.0, 168.5
407.0, 168.5
408.0, 167.5
408.0, 166.5
408.0, 165.5
408.0, 164.5
408.0, 163.5
408.0, 162.5
408.0, 161.5
408.0, 160.5
408.0, 159.5
408.0, 158.5
408.0, 157.5
407.0, 156.5
406.0, 156.5
405.0, 156.5
404.0, 156.5
403.0, 156.5
402.0, 156.5
401.0, 156.5
400.0, 156.5
399.0, 157.5
398.0, 156.5
398.0, 155.5
398.0, 154.5
398.0, 153.5
399.0, 152.5
400.0, 151.5
400.0, 150.5
400.0, 149.5
399.0, 148.5
398.0, 148.5
397.0, 148.5
396.0, 148.5
395.0, 148.5
394.0, 148.5
393.0, 148.5
392.0, 148.5
391.0, 149.5
391.0, 150.5
390.0, 151.5
389.0, 151.5
388.0, 151.5
387.0, 151.5
386.0, 151.5
385.0, 151.5
384.0, 151.5
383.0, 151.5
382.0, 151.5
381.0, 151.5
380.0, 151.5
379.0, 151.5
378.0, 151.5
377.0, 151.5
376.0, 151.5
375.0, 151.5
374.0, 151.5
373.0, 151.5
372.0, 151.5
371.0, 151.5
370.0, 151.5
369.0, 151.5
368.0, 150.5
368.0, 149.5
368.0, 148.5
368.0, 147.5
368.0, 146.5
367.0, 145.5
366.0, 145.5
365.0, 145.5
364.0, 145.5
363.0, 145.5
362.0, 145.5
361.0, 145.5
360.0, 145.5
359.0, 146.5
359.0, 147.5
359.0, 148.5
359.0, 149.5
359.0, 150.5
358.0, 151.5
357.0, 151.5
356.0, 151.5
355.0, 151.5
354.0, 151.5
353.0, 151.5
352.0, 150.5
352.0, 149.5
352.0, 148.5
352.0, 147.5
352.0, 146.5
351.0, 145.5
351.0, 144.5
352.0, 143.5
352.0, 142.5
352.0, 141.5
352.0, 140.5
352.0, 139.5
352.0, 138.5
352.0, 137.5
352.0, 136.5
351.0, 135.5
350.0, 135.5
349.0, 135.5
348.0, 135.5
347.0, 134.5
347.0, 133.5
347.0, 132.5
347.0, 131.5
347.0, 130.5
347.0, 129.5
347.0, 128.5
346.0, 127.5
345.0, 127.5
344.0, 127.5
343.0, 128.5
343.0, 129.5
343.0, 130.5
343.0, 131.5
342.0, 132.5
341.0, 132.5
340.0, 132.5
339.0, 132.5
338.0, 132.5
337.0, 132.5
336.0, 132.5
335.0, 133.5
335.0, 134.5
335.0, 135.5
335.0, 136.5
335.0, 137.5
335.0, 138.5
335.0, 139.5
335.0, 140.5
335.0, 141.5
335.0, 142.5
334.0, 143.5
333.0, 143.5
332.0, 143.5
331.0, 143.5
330.0, 143.5
329.0, 143.5
328.0, 142.5
328.0, 141.5
327.0, 140.5
326.0, 140.5
325.0, 140.5
324.0, 140.5
323.0, 140.5
322.0, 140.5
321.0, 140.5
320.0, 140.5
319.0, 141.5
319.0, 142.5
318.0, 143.5
317.0, 143.5
316.0, 143.5
315.0, 143.5
314.0, 143.5
313.0, 143.5
312.0, 142.5
312.0, 141.5
312.0, 140.5
312.0, 139.5
312.0, 138.5
312.0, 137.5
313.0, 136.5
314.0, 136.5
315.0, 135.5
315.0, 134.5
315.0, 133.5
315.0, 132.5
315.0, 131.5
315.0, 130.5
315.0, 129.5
315.0, 128.5
315.0, 127.5
315.0, 126.5
315.0, 125.5
315.0, 124.5
315.0, 123.5
315.0, 122.5
315.0, 121.5
315.0, 120.5
314.0, 119.5
313.0, 119.5
312.0, 118.5
312.0, 117.5
312.0, 116.5
312.0, 115.5
312.0, 114.5
312.0, 113.5
312.0, 112.5
311.0, 111.5
310.0, 111.5
309.0, 111.5
308.0, 111.5
307.0, 111.5
306.0, 111.5
305.0, 111.5
304.0, 110.5
304.0, 109.5
304.0, 108.5
304.0, 107.5
304.0, 106.5
304.0, 105.5
304.0, 104.5
303.0, 103.5
302.0, 103.5
301.0, 103.5
300.0, 103.5
299.0, 103.5
298.0, 103.5
297.0, 103.5
296.0, 103.5
295.0, 104.5
294.0, 104.5
293.0, 103.5
292.0, 103.5
291.0, 103.5
290.0, 103.5
289.0, 103.5
288.0, 103.5
287.0, 103.5
286.0, 103.5
285.0, 103.5
284.0, 103.5
283.0, 102.5
283.0, 101.5
283.0, 100.5
283.0, 99.5
283.0, 98.5
283.0, 97.5
283.0, 96.5
282.0, 95.5
281.0, 95.5
280.0, 94.5
280.0, 93.5
280.0, 92.5
280.0, 91.5
280.0, 90.5
280.0, 89.5
280.0, 88.5
279.0, 87.5
278.0, 87.5
277.0, 87.5
276.0, 88.5
276.0, 89.5
276.0, 90.5
276.0, 91.5
276.0, 92.5
276.0, 93.5
276.0, 94.5
275.0, 95.5
274.0, 95.5
273.0, 96.5
274.0, 97.5
275.0, 98.5
275.0, 99.5
276.0, 100.5
277.0, 101.5
278.0, 101.5
279.0, 102.5
279.0, 103.5
279.0, 104.5
279.0, 105.5
279.0, 106.5
279.0, 107.5
279.0, 108.5
279.0, 109.5
279.0, 110.5
278.0, 111.5
277.0, 111.5
276.0, 111.5
275.0, 111.5
274.0, 111.5
273.0, 112.5
274.0, 113.5
275.0, 114.5
275.0, 115.5
276.0, 116.5
277.0, 117.5
278.0, 117.5
279.0, 118.5
280.0, 117.5
280.0, 116.5
280.0, 115.5
280.0, 114.5
280.0, 113.5
281.0, 112.5
282.0, 112.5
283.0, 112.5
284.0, 112.5
285.0, 112.5
286.0, 112.5
287.0, 113.5
287.0, 114.5
287.0, 115.5
287.0, 116.5
287.0, 117.5
287.0, 118.5
286.0, 119.5
285.0, 119.5
284.0, 120.5
284.0, 121.5
284.0, 122.5
284.0, 123.5
284.0, 124.5
284.0, 125.5
284.0, 126.5
284.0, 127.5
285.0, 128.5
286.0, 128.5
287.0, 128.5
288.0, 127.5
288.0, 126.5
288.0, 125.5
288.0, 124.5
288.0, 123.5
288.0, 122.5
288.0, 121.5
289.0, 120.5
290.0, 120.5
291.0, 120.5
292.0, 120.5
293.0, 120.5
294.0, 120.5
295.0, 121.5
295.0, 122.5
295.0, 123.5
295.0, 124.5
295.0, 125.5
295.0, 126.5
295.0, 127.5
296.0, 128.5
297.0, 128.5
298.0, 128.5
299.0, 128.5
300.0, 128.5
301.0, 128.5
302.0, 128.5
303.0, 128.5
304.0, 127.5
304.0, 126.5
304.0, 125.5
304.0, 124.5
304.0, 123.5
304.0, 122.5
304.0, 121.5
305.0, 120.5
306.0, 120.5
307.0, 120.5
308.0, 121.5
308.0, 122.5
308.0, 123.5
308.0, 124.5
308.0, 125.5
308.0, 126.5
308.0, 127.5
309.0, 128.5
310.0, 128.5
311.0, 129.5
311.0, 130.5
311.0, 131.5
311.0, 132.5
311.0, 133.5
311.0, 134.5
310.0, 135.5
309.0, 135.5
308.0, 136.5
308.0, 137.5
308.0, 138.5
308.0, 139.5
308.0, 140.5
308.0, 141.5
308.0, 142.5
308.0, 143.5
309.0, 144.5
310.0, 144.5
311.0, 145.5
311.0, 146.5
311.0, 147.5
310.0, 148.5
309.0, 148.5
308.0, 148.5
307.0, 148.5
306.0, 148.5
305.0, 148.5
304.0, 147.5
304.0, 146.5
304.0, 145.5
304.0, 144.5
303.0, 143.5
302.0, 143.5
301.0, 143.5
300.0, 143.5
299.0, 143.5
298.0, 143.5
297.0, 143.5
296.0, 143.5
295.0, 143.5
294.0, 143.5
293.0, 143.5
292.0, 143.5
291.0, 143.5
290.0, 143.5
289.0, 143.5
288.0, 142.5
288.0, 141.5
288.0, 140.5
288.0, 139.5
288.0, 138.5
288.0, 137.5
288.0, 136.5
287.0, 135.5
286.0, 135.5
285.0, 135.5
284.0, 136.5
284.0, 137.5
284.0, 138.5
284.0, 139.5
284.0, 140.5
284.0, 141.5
284.0, 142.5
283.0, 143.5
282.0, 143.5
281.0, 143.5
280.0, 143.5
279.0, 143.5
278.0, 143.5
277.0, 143.5
276.0, 143.5
275.0, 143.5
274.0, 143.5
273.0, 143.5
272.0, 142.5
272.0, 141.5
272.0, 140.5
272.0, 139.5
272.0, 138.5
272.0, 137.5
272.0, 136.5
272.0, 135.5
272.0, 134.5
272.0, 133.5
272.0, 132.5
272.0, 131.5
272.0, 130.5
272.0, 129.5
272.0, 128.5
271.0, 127.5
270.0, 127.5
269.0, 127.5
268.0, 127.5
267.0, 127.5
266.0, 127.5
265.0, 127.5
264.0, 127.5
263.0, 128.5
263.0, 129.5
263.0, 130.5
263.0, 131.5
263.0, 132.5
263.0, 133.5
263.0, 134.5
263.0, 135.5
264.0, 136.5
265.0, 136.5
266.0, 136.5
267.0, 136.5
268.0, 137.5
268.0, 138.5
268.0, 139.5
268.0, 140.5
268.0, 141.5
268.0, 142.5
268.0, 143.5
269.0, 144.5
270.0, 144.5
271.0, 145.5
271.0, 146.5
271.0, 147.5
271.0, 148.5
271.0, 149.5
272.0, 150.5
272.0, 151.5
271.0, 152.5
271.0, 153.5
271.0, 154.5
272.0, 155.5
273.0, 155.5
274.0, 155.5
275.0, 155.5
276.0, 155.5
277.0, 155.5
278.0, 155.5
279.0, 155.5
280.0, 155.5
281.0, 155.5
282.0, 155.5
283.0, 155.5
284.0, 155.5
285.0, 155.5
286.0, 155.5
287.0, 155.5
288.0, 154.5
288.0, 153.5
289.0, 152.5
290.0, 152.5
291.0, 152.5
292.0, 152.5
293.0, 152.5
294.0, 152.5
295.0, 153.5
295.0, 154.5
295.0, 155.5
295.0, 156.5
295.0, 157.5
296.0, 158.5
296.0, 159.5
295.0, 160.5
295.0, 161.5
295.0, 162.5
295.0, 163.5
295.0, 164.5
295.0, 165.5
295.0, 166.5
295.0, 167.5
295.0, 168.5
295.0, 169.5
295.0, 170.5
295.0, 171.5
295.0, 172.5
295.0, 173.5
295.0, 174.5
295.0, 175.5
295.0, 176.5
295.0, 177.5
295.0, 178.5
295.0, 179.5
295.0, 180.5
295.0, 181.5
295.0, 182.5
295.0, 183.5
294.0, 184.5
293.0, 183.5
292.0, 183.5
291.0, 183.5
290.0, 183.5
289.0, 183.5
288.0, 182.5
288.0, 181.5
288.0, 180.5
288.0, 179.5
288.0, 178.5
288.0, 177.5
289.0, 176.5
290.0, 176.5
291.0, 175.5
291.0, 174.5
291.0, 173.5
291.0, 172.5
291.0, 171.5
291.0, 170.5
291.0, 169.5
291.0, 168.5
290.0, 167.5
289.0, 167.5
288.0, 167.5
287.0, 168.5
287.0, 169.5
287.0, 170.5
287.0, 171.5
287.0, 172.5
287.0, 173.5
287.0, 174.5
286.0, 175.5
285.0, 175.5
284.0, 175.5
283.0, 175.5
282.0, 175.5
281.0, 176.5
280.0, 175.5
280.0, 174.5
280.0, 173.5
279.0, 172.5
278.0, 172.5
277.0, 172.5
276.0, 172.5
275.0, 172.5
274.0, 172.5
273.0, 172.5
272.0, 172.5
271.0, 173.5
271.0, 174.5
271.0, 175.5
272.0, 176.5
273.0, 177.5
273.0, 178.5
273.0, 179.5
273.0, 180.5
273.0, 181.5
273.0, 182.5
272.0, 183.5
271.0, 183.5
270.0, 182.5
270.0, 181.5
270.0, 180.5
270.0, 179.5
270.0, 178.5
270.0, 177.5
270.0, 176.5
269.0, 175.5
268.0, 175.5
267.0, 175.5
266.0, 175.5
265.0, 175.5
264.0, 174.5
264.0, 173.5
264.0, 172.5
264.0, 171.5
264.0, 170.5
264.0, 169.5
265.0, 168.5
266.0, 168.5
267.0, 168.5
268.0, 168.5
269.0, 168.5
270.0, 167.5
270.0, 166.5
270.0, 165.5
270.0, 164.5
270.0, 163.5
270.0, 162.5
270.0, 161.5
270.0, 160.5
269.0, 159.5
268.0, 159.5
267.0, 159.5
266.0, 159.5
265.0, 159.5
264.0, 159.5
263.0, 160.5
263.0, 161.5
263.0, 162.5
263.0, 163.5
263.0, 164.5
263.0, 165.5
263.0, 166.5
262.0, 167.5
261.0, 167.5
260.0, 167.5
259.0, 166.5
259.0, 165.5
259.0, 164.5
259.0, 163.5
259.0, 162.5
259.0, 161.5
259.0, 160.5
259.0, 159.5
259.0, 158.5
259.0, 157.5
259.0, 156.5
259.0, 155.5
259.0, 154.5
259.0, 153.5
260.0, 152.5
261.0, 152.5
262.0, 152.5
263.0, 152.5
264.0, 152.5
265.0, 152.5
266.0, 152.5
267.0, 151.5
267.0, 150.5
267.0, 149.5
267.0, 148.5
267.0, 147.5
267.0, 146.5
267.0, 145.5
267.0, 144.5
266.0, 143.5
265.0, 143.5
264.0, 143.5
263.0, 144.5
263.0, 145.5
263.0, 146.5
263.0, 147.5
262.0, 148.5
261.0, 148.5
260.0, 148.5
259.0, 148.5
258.0, 148.5
257.0, 148.5
256.0, 148.5
255.0, 149.5
255.0, 150.5
255.0, 151.5
255.0, 152.5
255.0, 153.5
255.0, 154.5
255.0, 155.5
254.0, 156.5
253.0, 156.5
252.0, 156.5
251.0, 156.5
250.0, 156.5
249.0, 156.5
248.0, 156.5
247.0, 157.5
247.0, 158.5
246.0, 159.5
245.0, 159.5
244.0, 160.5
244.0, 161.5
244.0, 162.5
244.0, 163.5
244.0, 164.5
244.0, 165.5
244.0, 166.5
244.0, 167.5
245.0, 168.5
246.0, 168.5
247.0, 168.5
248.0, 167.5
249.0, 166.5
250.0, 166.5
251.0, 166.5
252.0, 166.5
253.0, 166.5
254.0, 166.5
255.0, 167.5
256.0, 168.5
257.0, 169.5
257.0, 170.5
257.0, 171.5
257.0, 172.5
257.0, 173.5
257.0, 174.5
257.0, 175.5
257.0, 176.5
258.0, 177.5
259.0, 178.5
259.0, 179.5
260.0, 180.5
261.0, 181.5
262.0, 181.5
263.0, 182.5
262.0, 183.5
261.0, 183.5
260.0, 183.5
259.0, 183.5
258.0, 183.5
257.0, 183.5
256.0, 183.5
255.0, 184.5
255.0, 185.5
255.0, 186.5
256.0, 187.5
257.0, 187.5
258.0, 187.5
259.0, 187.5
260.0, 187.5
261.0, 187.5
262.0, 187.5
263.0, 187.5
264.0, 186.5
265.0, 187.5
265.0, 188.5
265.0, 189.5
265.0, 190.5
265.0, 191.5
266.0, 192.5
267.0, 192.5
268.0, 192.5
269.0, 192.5
270.0, 192.5
271.0, 192.5
272.0, 191.5
273.0, 190.5
274.0, 190.5
275.0, 190.5
276.0, 190.5
277.0, 190.5
278.0, 190.5
279.0, 191.5
279.0, 192.5
279.0, 193.5
279.0, 194.5
279.0, 195.5
279.0, 196.5
279.0, 197.5
279.0, 198.5
278.0, 199.5
277.0, 199.5
276.0, 199.5
275.0, 199.5
274.0, 199.5
273.0, 199.5
272.0, 198.5
272.0, 197.5
271.0, 196.5
270.0, 196.5
269.0, 196.5
268.0, 196.5
267.0, 196.5
266.0, 196.5
265.0, 196.5
264.0, 195.5
264.0, 194.5
264.0, 193.5
264.0, 192.5
263.0, 191.5
262.0, 191.5
261.0, 191.5
260.0, 191.5
259.0, 191.5
258.0, 191.5
257.0, 191.5
256.0, 191.5
255.0, 191.5
254.0, 191.5
253.0, 191.5
252.0, 191.5
251.0, 191.5
250.0, 191.5
249.0, 191.5
248.0, 191.5
247.0, 192.5
247.0, 193.5
247.0, 194.5
247.0, 195.5
247.0, 196.5
247.0, 197.5
247.0, 198.5
247.0, 199.5
248.0, 200.5
249.0, 200.5
250.0, 200.5
251.0, 200.5
252.0, 201.5
252.0, 202.5
252.0, 203.5
252.0, 204.5
252.0, 205.5
252.0, 206.5
252.0, 207.5
253.0, 208.5
254.0, 208.5
255.0, 208.5
256.0, 208.5
257.0, 208.5
258.0, 208.5
259.0, 207.5
259.0, 206.5
259.0, 205.5
259.0, 204.5
259.0, 203.5
259.0, 202.5
259.0, 201.5
260.0, 200.5
261.0, 200.5
262.0, 200.5
263.0, 200.5
264.0, 200.5
265.0, 200.5
266.0, 200.5
267.0, 200.5
268.0, 200.5
269.0, 200.5
270.0, 200.5
271.0, 201.5
271.0, 202.5
272.0, 203.5
273.0, 203.5
274.0, 203.5
275.0, 203.5
276.0, 203.5
277.0, 203.5
278.0, 203.5
279.0, 203.5
280.0, 202.5
280.0, 201.5
281.0, 200.5
282.0, 201.5
283.0, 202.5
283.0, 203.5
284.0, 204.5
285.0, 205.5
286.0, 205.5
287.0, 206.5
288.0, 205.5
288.0, 204.5
288.0, 203.5
288.0, 202.5
288.0, 201.5
289.0, 200.5
290.0, 200.5
291.0, 200.5
292.0, 200.5
293.0, 200.5
294.0, 200.5
295.0, 200.5
296.0, 200.5
297.0, 200.5
298.0, 200.5
299.0, 200.5
300.0, 200.5
301.0, 200.5
302.0, 200.5
303.0, 200.5
304.0, 200.5
305.0, 200.5
306.0, 200.5
307.0, 200.5
308.0, 200.5
309.0, 200.5
310.0, 200.5
311.0, 201.5
311.0, 202.5
311.0, 203.5
311.0, 204.5
311.0, 205.5
311.0, 206.5
311.0, 207.5
312.0, 208.5
313.0, 208.5
314.0, 208.5
315.0, 208.5
316.0, 209.5
316.0, 210.5
316.0, 211.5
316.0, 212.5
316.0, 213.5
316.0, 214.5
316.0, 215.5
317.0, 216.5
318.0, 216.5
319.0, 217.5
319.0, 218.5
319.0, 219.5
319.0, 220.5
319.0, 221.5
319.0, 222.5
319.0, 223.5
319.0, 224.5
319.0, 225.5
319.0, 226.5
319.0, 227.5
318.0, 228.5
317.0, 228.5
316.0, 228.5
315.0, 228.5
314.0, 228.5
313.0, 228.5
312.0, 228.5
311.0, 229.5
311.0, 230.5
310.0, 231.5
309.0, 231.5
308.0, 231.5
307.0, 231.5
306.0, 231.5
305.0, 231.5
304.0, 230.5
304.0, 229.5
304.0, 228.5
304.0, 227.5
304.0, 226.5
303.0, 225.5
303.0, 224.5
304.0, 223.5
304.0, 222.5
304.0, 221.5
304.0, 220.5
304.0, 219.5
304.0, 218.5
304.0, 217.5
304.0, 216.5
304.0, 215.5
304.0, 214.5
304.0, 213.5
304.0, 212.5
304.0, 211.5
304.0, 210.5
304.0, 209.5
304.0, 208.5
304.0, 207.5
304.0, 206.5
304.0, 205.5
303.0, 204.5
302.0, 204.5
301.0, 204.5
300.0, 204.5
299.0, 204.5
298.0, 204.5
297.0, 204.5
296.0, 204.5
295.0, 205.5
295.0, 206.5
294.0, 207.5
293.0, 207.5
292.0, 208.5
292.0, 209.5
292.0, 210.5
292.0, 211.5
292.0, 212.5
292.0, 213.5
292.0, 214.5
292.0, 215.5
293.0, 216.5
294.0, 216.5
295.0, 217.5
295.0, 218.5
295.0, 219.5
295.0, 220.5
295.0, 221.5
295.0, 222.5
294.0, 223.5
293.0, 223.5
292.0, 223.5
291.0, 223.5
290.0, 223.5
289.0, 223.5
288.0, 222.5
288.0, 221.5
288.0, 220.5
288.0, 219.5
288.0, 218.5
287.0, 217.5
286.0, 218.5
285.0, 218.5
284.0, 219.5
283.0, 220.5
283.0, 221.5
282.0, 222.5
281.0, 223.5
280.0, 222.5
280.0, 221.5
280.0, 220.5
280.0, 219.5
280.0, 218.5
280.0, 217.5
280.0, 216.5
279.0, 215.5
278.0, 215.5
277.0, 214.5
276.0, 213.5
276.0, 212.5
275.0, 211.5
274.0, 210.5
273.0, 210.5
272.0, 209.5
272.0, 208.5
271.0, 207.5
270.0, 207.5
269.0, 207.5
268.0, 207.5
267.0, 207.5
266.0, 207.5
265.0, 207.5
264.0, 207.5
263.0, 208.5
263.0, 209.5
263.0, 210.5
263.0, 211.5
263.0, 212.5
263.0, 213.5
263.0, 214.5
263.0, 215.5
264.0, 216.5
265.0, 217.5
265.0, 218.5
265.0, 219.5
265.0, 220.5
265.0, 221.5
265.0, 222.5
265.0, 223.5
264.0, 224.5
263.0, 223.5
262.0, 223.5
261.0, 223.5
260.0, 223.5
259.0, 223.5
258.0, 223.5
257.0, 223.5
256.0, 222.5
256.0, 221.5
255.0, 220.5
254.0, 220.5
253.0, 220.5
252.0, 220.5
251.0, 220.5
250.0, 220.5
249.0, 220.5
248.0, 219.5
248.0, 218.5
248.0, 217.5
248.0, 216.5
247.0, 215.5
246.0, 215.5
245.0, 215.5
244.0, 215.5
243.0, 215.5
242.0, 215.5
241.0, 215.5
240.0, 214.5
240.0, 213.5
239.0, 212.5
238.0, 212.5
237.0, 212.5
236.0, 212.5
235.0, 212.5
234.0, 212.5
233.0, 212.5
232.0, 211.5
232.0, 210.5
231.0, 209.5
230.0, 210.5
229.0, 210.5
228.0, 211.5
227.0, 212.5
227.0, 213.5
226.0, 214.5
225.0, 215.5
226.0, 216.5
227.0, 216.5
228.0, 216.5
229.0, 216.5
230.0, 216.5
231.0, 217.5
231.0, 218.5
231.0, 219.5
231.0, 220.5
231.0, 221.5
231.0, 222.5
230.0, 223.5
229.0, 223.5
228.0, 223.5
227.0, 223.5
226.0, 223.5
225.0, 223.5
224.0, 223.5
223.0, 224.5
222.0, 225.5
221.0, 224.5
222.0, 223.5
222.0, 222.5
222.0, 221.5
222.0, 220.5
222.0, 219.5
222.0, 218.5
222.0, 217.5
222.0, 216.5
221.0, 215.5
220.0, 215.5
219.0, 215.5
218.0, 215.5
217.0, 215.5
216.0, 214.5
216.0, 213.5
216.0, 212.5
216.0, 211.5
216.0, 210.5
216.0, 209.5
216.0, 208.5
215.0, 207.5
214.0, 207.5
213.0, 207.5
212.0, 207.5
211.0, 207.5
210.0, 207.5
209.0, 207.5
208.0, 207.5
207.0, 207.5
206.0, 207.5
205.0, 207.5
204.0, 207.5
203.0, 207.5
202.0, 207.5
201.0, 207.5
200.0, 207.5
199.0, 208.5
199.0, 209.5
199.0, 210.5
199.0, 211.5
199.0, 212.5
199.0, 213.5
199.0, 214.5
199.0, 215.5
199.0, 216.5
199.0, 217.5
199.0, 218.5
199.0, 219.5
199.0, 220.5
199.0, 221.5
199.0, 222.5
199.0, 223.5
199.0, 224.5
199.0, 225.5
199.0, 226.5
199.0, 227.5
199.0, 228.5
199.0, 229.5
199.0, 230.5
198.0, 231.5
197.0, 231.5
196.0, 231.5
195.0, 231.5
194.0, 231.5
193.0, 231.5
192.0, 230.5
192.0, 229.5
192.0, 228.5
192.0, 227.5
192.0, 226.5
191.0, 225.5
191.0, 224.5
192.0, 223.5
192.0, 222.5
192.0, 221.5
192.0, 220.5
192.0, 219.5
192.0, 218.5
191.0, 217.5
191.0, 216.5
192.0, 215.5
192.0, 214.5
192.0, 213.5
192.0, 212.5
192.0, 211.5
192.0, 210.5
192.0, 209.5
193.0, 208.5
194.0, 208.5
195.0, 207.5
195.0, 206.5
195.0, 205.5
195.0, 204.5
195.0, 203.5
195.0, 202.5
195.0, 201.5
196.0, 200.5
197.0, 200.5
198.0, 200.5
199.0, 200.5
200.0, 200.5
201.0, 200.5
202.0, 200.5
203.0, 200.5
204.0, 200.5
205.0, 200.5
206.0, 200.5
207.0, 200.5
208.0, 199.5
208.0, 198.5
208.0, 197.5
208.0, 196.5
209.0, 195.5
210.0, 195.5
211.0, 195.5
212.0, 195.5
213.0, 195.5
214.0, 195.5
215.0, 196.5
215.0, 197.5
215.0, 198.5
215.0, 199.5
216.0, 200.5
217.0, 200.5
218.0, 200.5
219.0, 200.5
220.0, 201.5
220.0, 202.5
220.0, 203.5
220.0, 204.5
220.0, 205.5
220.0, 206.5
220.0, 207.5
221.0, 208.5
222.0, 208.5
223.0, 208.5
224.0, 207.5
224.0, 206.5
224.0, 205.5
224.0, 204.5
224.0, 203.5
224.0, 202.5
224.0, 201.5
225.0, 200.5
226.0, 200.5
227.0, 200.5
228.0, 200.5
229.0, 200.5
230.0, 200.5
231.0, 200.5
232.0, 200.5
233.0, 201.5
233.0, 202.5
233.0, 203.5
233.0, 204.5
233.0, 205.5
233.0, 206.5
233.0, 207.5
234.0, 208.5
235.0, 208.5
236.0, 208.5
237.0, 208.5
238.0, 208.5
239.0, 208.5
240.0, 207.5
240.0, 206.5
240.0, 205.5
240.0, 204.5
240.0, 203.5
240.0, 202.5
240.0, 201.5
240.0, 200.5
240.0, 199.5
240.0, 198.5
240.0, 197.5
240.0, 196.5
240.0, 195.5
240.0, 194.5
240.0, 193.5
240.0, 192.5
239.0, 191.5
238.0, 191.5
237.0, 191.5
236.0, 192.5
235.0, 193.5
235.0, 194.5
234.0, 195.5
233.0, 195.5
232.0, 194.5
232.0, 193.5
232.0, 192.5
231.0, 191.5
231.0, 190.5
232.0, 189.5
232.0, 188.5
233.0, 187.5
234.0, 187.5
235.0, 187.5
236.0, 187.5
237.0, 187.5
238.0, 187.5
239.0, 187.5
240.0, 186.5
240.0, 185.5
241.0, 184.5
242.0, 184.5
243.0, 183.5
243.0, 182.5
243.0, 181.5
243.0, 180.5
243.0, 179.5
243.0, 178.5
243.0, 177.5
243.0, 176.5
242.0, 175.5
241.0, 175.5
240.0, 175.5
239.0, 176.5
239.0, 177.5
239.0, 178.5
239.0, 179.5
239.0, 180.5
239.0, 181.5
239.0, 182.5
238.0, 183.5
237.0, 183.5
236.0, 183.5
235.0, 183.5
234.0, 183.5
233.0, 183.5
232.0, 183.5
231.0, 183.5
230.0, 183.5
229.0, 183.5
228.0, 183.5
227.0, 183.5
226.0, 183.5
225.0, 183.5
224.0, 182.5
224.0, 181.5
223.0, 180.5
222.0, 180.5
221.0, 180.5
220.0, 180.5
219.0, 180.5
218.0, 180.5
217.0, 180.5
216.0, 180.5
215.0, 181.5
215.0, 182.5
214.0, 183.5
213.0, 183.5
212.0, 183.5
211.0, 183.5
210.0, 183.5
209.0, 183.5
208.0, 183.5
207.0, 183.5
206.0, 183.5
205.0, 183.5
204.0, 183.5
203.0, 183.5
202.0, 183.5
201.0, 183.5
200.0, 183.5
199.0, 183.5
198.0, 183.5
197.0, 183.5
196.0, 183.5
195.0, 183.5
194.0, 183.5
193.0, 183.5
192.0, 182.5
192.0, 181.5
192.0, 180.5
192.0, 179.5
192.0, 178.5
192.0, 177.5
193.0, 176.5
194.0, 176.5
195.0, 176.5
196.0, 176.5
197.0, 176.5
198.0, 176.5
199.0, 176.5
200.0, 175.5
200.0, 174.5
200.0, 173.5
199.0, 172.5
198.0, 172.5
197.0, 172.5
196.0, 172.5
195.0, 172.5
194.0, 172.5
193.0, 172.5
192.0, 171.5
192.0, 170.5
192.0, 169.5
193.0, 168.5
194.0, 168.5
195.0, 168.5
196.0, 168.5
197.0, 168.5
198.0, 168.5
199.0, 168.5
200.0, 167.5
200.0, 166.5
200.0, 165.5
200.0, 164.5
200.0, 163.5
200.0, 162.5
200.0, 161.5
200.0, 160.5
199.0, 159.5
198.0, 159.5
197.0, 159.5
196.0, 159.5
195.0, 159.5
194.0, 159.5
193.0, 159.5
192.0, 158.5
192.0, 157.5
192.0, 156.5
193.0, 155.5
194.0, 155.5
195.0, 155.5
196.0, 155.5
197.0, 155.5
198.0, 155.5
199.0, 155.5
200.0, 154.5
200.0, 153.5
201.0, 152.5
202.0, 152.5
203.0, 152.5
204.0, 152.5
205.0, 152.5
206.0, 151.5
207.0, 151.5
208.0, 152.5
209.0, 152.5
210.0, 152.5
211.0, 152.5
212.0, 152.5
213.0, 152.5
214.0, 152.5
215.0, 153.5
215.0, 154.5
215.0, 155.5
215.0, 156.5
215.0, 157.5
215.0, 158.5
215.0, 159.5
215.0, 160.5
215.0, 161.5
215.0, 162.5
216.0, 163.5
217.0, 163.5
218.0, 163.5
219.0, 163.5
220.0, 163.5
221.0, 163.5
222.0, 163.5
223.0, 163.5
224.0, 162.5
224.0, 161.5
225.0, 160.5
226.0, 160.5
227.0, 160.5
228.0, 160.5
229.0, 160.5
230.0, 160.5
231.0, 161.5
231.0, 162.5
232.0, 163.5
233.0, 164.5
234.0, 164.5
235.0, 165.5
235.0, 166.5
236.0, 167.5
237.0, 168.5
238.0, 168.5
239.0, 168.5
240.0, 167.5
240.0, 166.5
240.0, 165.5
240.0, 164.5
240.0, 163.5
240.0, 162.5
240.0, 161.5
240.0, 160.5
240.0, 159.5
240.0, 158.5
240.0, 157.5
240.0, 156.5
240.0, 155.5
240.0, 154.5
239.0, 153.5
238.0, 153.5
237.0, 153.5
236.0, 153.5
235.0, 153.5
234.0, 152.5
235.0, 151.5
235.0, 150.5
235.0, 149.5
235.0, 148.5
235.0, 147.5
235.0, 146.5
235.0, 145.5
235.0, 144.5
234.0, 143.5
233.0, 143.5
232.0, 143.5
231.0, 144.5
231.0, 145.5
231.0, 146.5
231.0, 147.5
231.0, 148.5
231.0, 149.5
231.0, 150.5
230.0, 151.5
229.0, 151.5
228.0, 151.5
227.0, 150.5
227.0, 149.5
227.0, 148.5
227.0, 147.5
227.0, 146.5
227.0, 145.5
227.0, 144.5
226.0, 143.5
225.0, 143.5
224.0, 142.5
224.0, 141.5
224.0, 140.5
224.0, 139.5
224.0, 138.5
224.0, 137.5
225.0, 136.5
226.0, 136.5
227.0, 136.5
228.0, 136.5
229.0, 136.5
230.0, 136.5
231.0, 136.5
232.0, 135.5
232.0, 134.5
232.0, 133.5
231.0, 132.5
230.0, 132.5
229.0, 132.5
228.0, 132.5
227.0, 132.5
226.0, 132.5
225.0, 132.5
224.0, 132.5
223.0, 133.5
223.0, 134.5
222.0, 135.5
221.0, 135.5
220.0, 135.5
219.0, 135.5
218.0, 135.5
217.0, 135.5
216.0, 135.5
215.0, 136.5
215.0, 137.5
215.0, 138.5
214.0, 139.5
213.0, 139.5
212.0, 138.5
212.0, 137.5
211.0, 136.5
210.0, 135.5
209.0, 135.5
208.0, 134.5
208.0, 133.5
208.0, 132.5
208.0, 131.5
208.0, 130.5
208.0, 129.5
209.0, 128.5
210.0, 128.5
211.0, 128.5
212.0, 128.5
213.0, 128.5
214.0, 128.5
215.0, 128.5
216.0, 128.5
217.0, 128.5
218.0, 128.5
219.0, 128.5
220.0, 128.5
221.0, 128.5
222.0, 128.5
223.0, 128.5
224.0, 127.5
224.0, 126.5
224.0, 125.5
224.0, 124.5
224.0, 123.5
224.0, 122.5
224.0, 121.5
225.0, 120.5
226.0, 120.5
227.0, 120.5
228.0, 120.5
229.0, 120.5
230.0, 120.5
231.0, 121.5
231.0, 122.5
232.0, 123.5
233.0, 123.5
234.0, 123.5
235.0, 123.5
236.0, 123.5
237.0, 123.5
238.0, 123.5
239.0, 123.5
240.0, 122.5
240.0, 121.5
240.0, 120.5
240.0, 119.5
240.0, 118.5
240.0, 117.5
240.0, 116.5
240.0, 115.5
240.0, 114.5
240.0, 113.5
241.0, 112.5
242.0, 112.5
243.0, 112.5
244.0, 112.5
245.0, 112.5
246.0, 112.5
247.0, 112.5
248.0, 111.5
248.0, 110.5
248.0, 109.5
247.0, 108.5
246.0, 108.5
245.0, 108.5
244.0, 108.5
243.0, 108.5
242.0, 108.5
241.0, 108.5
240.0, 108.5
239.0, 109.5
239.0, 110.5
238.0, 111.5
237.0, 111.5
236.0, 111.5
235.0, 110.5
235.0, 109.5
235.0, 108.5
235.0, 107.5
235.0, 106.5
235.0, 105.5
235.0, 104.5
234.0, 103.5
233.0, 103.5
232.0, 102.5
232.0, 101.5
231.0, 100.5
230.0, 100.5
229.0, 100.5
228.0, 100.5
227.0, 100.5
226.0, 100.5
225.0, 100.5
224.0, 100.5
223.0, 100.5
222.0, 100.5
221.0, 100.5
220.0, 100.5
219.0, 100.5
218.0, 100.5
217.0, 100.5
216.0, 100.5
215.0, 100.5
214.0, 100.5
213.0, 100.5
212.0, 100.5
211.0, 100.5
210.0, 100.5
209.0, 100.5
208.0, 100.5
207.0, 100.5
206.0, 99.5
205.0, 99.5
204.0, 98.5
204.0, 97.5
203.0, 96.5
202.0, 95.5
201.0, 95.5
200.0, 94.5
200.0, 93.5
200.0, 92.5
200.0, 91.5
200.0, 90.5
200.0, 89.5
201.0, 88.5
202.0, 88.5
203.0, 88.5
204.0, 88.5
205.0, 88.5
206.0, 88.5
207.0, 89.5
207.0, 90.5
207.0, 91.5
207.0, 92.5
207.0, 93.5
207.0, 94.5
207.0, 95.5
208.0, 96.5
209.0, 96.5
210.0, 96.5
211.0, 95.5
211.0, 94.5
211.0, 93.5
211.0, 92.5
211.0, 91.5
211.0, 90.5
211.0, 89.5
211.0, 88.5
210.0, 87.5
209.0, 87.5
208.0, 86.5
208.0, 85.5
208.0, 84.5
208.0, 83.5
208.0, 82.5
208.0, 81.5
209.0, 80.5
210.0, 80.5
211.0, 80.5
212.0, 80.5
213.0, 80.5
214.0, 80.5
215.0, 81.5
215.0, 82.5
215.0, 83.5
215.0, 84.5
215.0, 85.5
215.0, 86.5
215.0, 87.5
216.0, 88.5
217.0, 88.5
218.0, 88.5
219.0, 87.5
220.0, 86.5
220.0, 85.5
221.0, 84.5
222.0, 84.5
223.0, 83.5
224.0, 83.5
225.0, 83.5
226.0, 83.5
227.0, 83.5
228.0, 83.5
229.0, 83.5
230.0, 83.5
231.0, 83.5
232.0, 82.5
233.0, 83.5
233.0, 84.5
233.0, 85.5
233.0, 86.5
233.0, 87.5
234.0, 88.5
235.0, 88.5
236.0, 89.5
236.0, 90.5
236.0, 91.5
236.0, 92.5
236.0, 93.5
236.0, 94.5
236.0, 95.5
237.0, 96.5
238.0, 96.5
239.0, 96.5
240.0, 95.5
240.0, 94.5
240.0, 93.5
240.0, 92.5
240.0, 91.5
240.0, 90.5
240.0, 89.5
241.0, 88.5
242.0, 89.5
243.0, 90.5
243.0, 91.5
244.0, 92.5
245.0, 93.5
246.0, 93.5
247.0, 94.5
246.0, 95.5
245.0, 95.5
244.0, 96.5
244.0, 97.5
244.0, 98.5
244.0, 99.5
244.0, 100.5
244.0, 101.5
244.0, 102.5
244.0, 103.5
245.0, 104.5
246.0, 104.5
247.0, 104.5
248.0, 103.5
248.0, 102.5
248.0, 101.5
248.0, 100.5
248.0, 99.5
248.0, 98.5
248.0, 97.5
249.0, 96.5
250.0, 96.5
251.0, 96.5
252.0, 97.5
252.0, 98.5
252.0, 99.5
252.0, 100.5
252.0, 101.5
252.0, 102.5
252.0, 103.5
253.0, 104.5
254.0, 104.5
255.0, 105.5
255.0, 106.5
255.0, 107.5
255.0, 108.5
255.0, 109.5
255.0, 110.5
255.0, 111.5
256.0, 112.5
257.0, 112.5
258.0, 112.5
259.0, 112.5
260.0, 112.5
261.0, 112.5
262.0, 112.5
263.0, 113.5
263.0, 114.5
263.0, 115.5
263.0, 116.5
263.0, 117.5
264.0, 118.5
265.0, 118.5
266.0, 118.5
267.0, 118.5
268.0, 118.5
269.0, 118.5
270.0, 118.5
271.0, 118.5
272.0, 117.5
272.0, 116.5
272.0, 115.5
272.0, 114.5
272.0, 113.5
272.0, 112.5
271.0, 111.5
270.0, 111.5
269.0, 111.5
268.0, 111.5
267.0, 111.5
266.0, 111.5
265.0, 111.5
264.0, 110.5
264.0, 109.5
264.0, 108.5
264.0, 107.5
264.0, 106.5
264.0, 105.5
264.0, 104.5
265.0, 103.5
266.0, 104.5
267.0, 104.5
268.0, 104.5
269.0, 104.5
270.0, 104.5
271.0, 104.5
272.0, 103.5
272.0, 102.5
272.0, 101.5
272.0, 100.5
272.0, 99.5
272.0, 98.5
272.0, 97.5
273.0, 96.5
272.0, 95.5
272.0, 94.5
272.0, 93.5
271.0, 92.5
270.0, 91.5
269.0, 91.5
268.0, 90.5
268.0, 89.5
269.0, 88.5
270.0, 88.5
271.0, 88.5
272.0, 87.5
272.0, 86.5
272.0, 85.5
272.0, 84.5
272.0, 83.5
272.0, 82.5
272.0, 81.5
272.0, 80.5
271.0, 79.5
270.0, 79.5
269.0, 79.5
268.0, 79.5
267.0, 79.5
266.0, 79.5
265.0, 79.5
264.0, 79.5
263.0, 80.5
263.0, 81.5
263.0, 82.5
263.0, 83.5
262.0, 84.5
261.0, 84.5
260.0, 84.5
259.0, 84.5
258.0, 84.5
257.0, 84.5
256.0, 84.5
255.0, 85.5
255.0, 86.5
254.0, 87.5
253.0, 87.5
252.0, 87.5
251.0, 87.5
250.0, 87.5
249.0, 87.5
248.0, 86.5
248.0, 85.5
248.0, 84.5
248.0, 83.5
248.0, 82.5
248.0, 81.5
249.0, 80.5
250.0, 80.5
251.0, 80.5
252.0, 80.5
253.0, 80.5
254.0, 80.5
255.0, 80.5
256.0, 79.5
256.0, 78.5
256.0, 77.5
256.0, 76.5
256.0, 75.5
256.0, 74.5
256.0, 73.5
256.0, 72.5
255.0, 71.5
254.0, 71.5
253.0, 71.5
252.0, 71.5
251.0, 71.5
250.0, 71.5
249.0, 71.5
248.0, 71.5
247.0, 72.5
247.0, 73.5
247.0, 74.5
247.0, 75.5
246.0, 76.5
245.0, 76.5
244.0, 76.5
243.0, 76.5
242.0, 76.5
241.0, 76.5
240.0, 75.5
240.0, 74.5
240.0, 73.5
241.0, 72.5
242.0, 72.5
243.0, 71.5
243.0, 70.5
243.0, 69.5
243.0, 68.5
243.0, 67.5
243.0, 66.5
243.0, 65.5
244.0, 64.5
245.0, 64.5
246.0, 63.5
245.0, 62.5
244.0, 61.5
244.0, 60.5
243.0, 59.5
242.0, 58.5
241.0, 58.5
240.0, 57.5
239.0, 58.5
239.0, 59.5
239.0, 60.5
239.0, 61.5
239.0, 62.5
238.0, 63.5
237.0, 63.5
236.0, 64.5
236.0, 65.5
236.0, 66.5
236.0, 67.5
236.0, 68.5
236.0, 69.5
236.0, 70.5
235.0, 71.5
234.0, 71.5
233.0, 71.5
232.0, 71.5
231.0, 71.5
230.0, 71.5
229.0, 71.5
228.0, 71.5
227.0, 71.5
226.0, 71.5
225.0, 71.5
224.0, 70.5
224.0, 69.5
224.0, 68.5
224.0, 67.5
224.0, 66.5
224.0, 65.5
224.0, 64.5
223.0, 63.5
222.0, 63.5
221.0, 63.5
220.0, 63.5
219.0, 63.5
218.0, 63.5
217.0, 63.5
216.0, 62.5
216.0, 61.5
215.0, 60.5
214.0, 60.5
213.0, 60.5
212.0, 60.5
211.0, 60.5
210.0, 60.5
209.0, 60.5
208.0, 60.5
207.0, 59.5
206.0, 59.5
205.0, 59.5
204.0, 60.5
203.0, 61.5
202.0, 62.5
201.0, 63.5
200.0, 62.5
200.0, 61.5
200.0, 60.5
199.0, 59.5
198.0, 60.5
197.0, 61.5
196.0, 61.5
195.0, 61.5
194.0, 61.5
193.0, 60.5
192.0, 59.5
191.0, 60.5
190.0, 60.5
189.0, 61.5
188.0, 61.5
187.0, 60.5
186.0, 60.5
185.0, 59.5
184.0, 60.5
183.0, 60.5
182.0, 60.5
181.0, 60.5
180.0, 60.5
179.0, 61.5
180.0, 62.5
181.0, 62.5
182.0, 62.5
183.0, 62.5
184.0, 62.5
185.0, 62.5
186.0, 63.5
187.0, 63.5
188.0, 64.5
189.0, 64.5
190.0, 63.5
191.0, 63.5
192.0, 62.5
193.0, 63.5
194.0, 64.5
195.0, 64.5
196.0, 64.5
197.0, 64.5
198.0, 63.5
199.0, 64.5
199.0, 65.5
199.0, 66.5
199.0, 67.5
199.0, 68.5
199.0, 69.5
199.0, 70.5
198.0, 71.5
197.0, 71.5
196.0, 71.5
195.0, 71.5
194.0, 71.5
193.0, 71.5
192.0, 70.5
192.0, 69.5
192.0, 68.5
192.0, 67.5
191.0, 66.5
190.0, 66.5
189.0, 67.5
188.0, 67.5
187.0, 68.5
186.0, 68.5
185.0, 69.5
184.0, 69.5
183.0, 68.5
182.0, 69.5
181.0, 69.5
180.0, 70.5
180.0, 71.5
181.0, 72.5
182.0, 72.5
183.0, 73.5
183.0, 74.5
183.0, 75.5
183.0, 76.5
183.0, 77.5
183.0, 78.5
182.0, 79.5
181.0, 79.5
180.0, 79.5
179.0, 79.5
178.0, 79.5
177.0, 80.5
176.0, 79.5
176.0, 78.5
176.0, 77.5
175.0, 76.5
174.0, 76.5
173.0, 76.5
172.0, 76.5
171.0, 76.5
170.0, 76.5
169.0, 76.5
168.0, 76.5
167.0, 75.5
166.0, 75.5
165.0, 75.5
164.0, 75.5
163.0, 75.5
162.0, 75.5
161.0, 75.5
160.0, 75.5
159.0, 76.5
158.0, 76.5
157.0, 76.5
156.0, 77.5
155.0, 77.5
154.0, 78.5
154.0, 79.5
155.0, 80.5
154.0, 81.5
153.0, 81.5
152.0, 81.5
151.0, 82.5
151.0, 83.5
151.0, 84.5
151.0, 85.5
151.0, 86.5
150.0, 87.5
149.0, 87.5
148.0, 87.5
147.0, 87.5
146.0, 87.5
145.0, 87.5
144.0, 86.5
144.0, 85.5
144.0, 84.5
144.0, 83.5
144.0, 82.5
144.0, 81.5
145.0, 80.5
146.0, 80.5
147.0, 80.5
148.0, 80.5
149.0, 80.5
150.0, 80.5
151.0, 80.5
152.0, 79.5
152.0, 78.5
152.0, 77.5
152.0, 76.5
151.0, 75.5
150.0, 75.5
149.0, 75.5
148.0, 75.5
147.0, 75.5
146.0, 75.5
145.0, 75.5
144.0, 75.5
143.0, 76.5
143.0, 77.5
143.0, 78.5
142.0, 79.5
141.0, 79.5
140.0, 80.5
140.0, 81.5
140.0, 82.5
140.0, 83.5
140.0, 84.5
140.0, 85.5
140.0, 86.5
140.0, 87.5
141.0, 88.5
142.0, 88.5
143.0, 89.5
143.0, 90.5
143.0, 91.5
142.0, 92.5
141.0, 92.5
140.0, 92.5
139.0, 92.5
138.0, 92.5
137.0, 92.5
136.0, 91.5
136.0, 90.5
136.0, 89.5
136.0, 88.5
135.0, 87.5
134.0, 87.5
133.0, 87.5
132.0, 88.5
132.0, 89.5
132.0, 90.5
132.0, 91.5
132.0, 92.5
132.0, 93.5
132.0, 94.5
131.0, 95.5
130.0, 95.5
129.0, 95.5
128.0, 95.5
127.0, 95.5
126.0, 95.5
125.0, 96.5
125.0, 97.5
125.0, 98.5
126.0, 99.5
127.0, 100.5
127.0, 101.5
127.0, 102.5
127.0, 103.5
128.0, 104.5
129.0, 104.5
130.0, 105.5
131.0, 106.5
131.0, 107.5
132.0, 108.5
133.0, 109.5
134.0, 109.5
135.0, 110.5
134.0, 111.5
133.0, 111.5
132.0, 112.5
132.0, 113.5
132.0, 114.5
133.0, 115.5
133.0, 116.5
134.0, 117.5
135.0, 118.5
135.0, 119.5
136.0, 120.5
137.0, 120.5
138.0, 120.5
139.0, 120.5
140.0, 120.5
141.0, 120.5
142.0, 120.5
143.0, 120.5
144.0, 119.5
145.0, 118.5
146.0, 118.5
147.0, 118.5
148.0, 118.5
149.0, 119.5
148.0, 120.5
148.0, 121.5
148.0, 122.5
148.0, 123.5
148.0, 124.5
148.0, 125.5
148.0, 126.5
148.0, 127.5
148.0, 128.5
148.0, 129.5
148.0, 130.5
148.0, 131.5
148.0, 132.5
148.0, 133.5
148.0, 134.5
147.0, 135.5
146.0, 135.5
145.0, 136.5
146.0, 137.5
147.0, 138.5
147.0, 139.5
148.0, 140.5
149.0, 141.5
150.0, 141.5
151.0, 142.5
152.0, 141.5
152.0, 140.5
152.0, 139.5
152.0, 138.5
152.0, 137.5
152.0, 136.5
152.0, 135.5
152.0, 134.5
152.0, 133.5
152.0, 132.5
152.0, 131.5
152.0, 130.5
152.0, 129.5
152.0, 128.5
152.0, 127.5
153.0, 126.5
154.0, 126.5
155.0, 126.5
156.0, 126.5
157.0, 126.5
158.0, 126.5
159.0, 126.5
160.0, 125.5
160.0, 124.5
160.0, 123.5
160.0, 122.5
160.0, 121.5
160.0, 120.5
160.0, 119.5
161.0, 118.5
162.0, 118.5
163.0, 118.5
164.0, 118.5
165.0, 118.5
166.0, 118.5
167.0, 119.5
168.0, 120.5
169.0, 120.5
170.0, 120.5
171.0, 120.5
172.0, 120.5
173.0, 120.5
174.0, 120.5
175.0, 120.5
176.0, 119.5
176.0, 118.5
176.0, 117.5
175.0, 116.5
174.0, 115.5
173.0, 115.5
172.0, 114.5
172.0, 113.5
171.0, 112.5
171.0, 111.5
171.0, 110.5
171.0, 109.5
171.0, 108.5
171.0, 107.5
171.0, 106.5
171.0, 105.5
172.0, 104.5
173.0, 104.5
174.0, 104.5
175.0, 104.5
176.0, 103.5
176.0, 102.5
176.0, 101.5
176.0, 100.5
176.0, 99.5
176.0, 98.5
176.0, 97.5
176.0, 96.5
175.0, 95.5
174.0, 94.5
174.0, 93.5
174.0, 92.5
174.0, 91.5
174.0, 90.5
174.0, 89.5
175.0, 88.5
176.0, 87.5
177.0, 88.5
178.0, 89.5
179.0, 90.5
179.0, 91.5
180.0, 92.5
181.0, 93.5
182.0, 93.5
183.0, 94.5
184.0, 93.5
185.0, 92.5
186.0, 92.5
187.0, 93.5
187.0, 94.5
188.0, 95.5
189.0, 96.5
190.0, 96.5
191.0, 97.5
191.0, 98.5
191.0, 99.5
191.0, 100.5
191.0, 101.5
191.0, 102.5
191.0, 103.5
191.0, 104.5
191.0, 105.5
191.0, 106.5
191.0, 107.5
191.0, 108.5
191.0, 109.5
192.0, 110.5
192.0, 111.5
191.0, 112.5
191.0, 113.5
191.0, 114.5
192.0, 115.5
193.0, 115.5
194.0, 115.5
195.0, 115.5
196.0, 115.5
197.0, 115.5
198.0, 115.5
199.0, 115.5
200.0, 115.5
201.0, 116.5
202.0, 116.5
203.0, 117.5
203.0, 118.5
204.0, 119.5
205.0, 120.5
206.0, 120.5
207.0, 121.5
207.0, 122.5
207.0, 123.5
207.0, 124.5
207.0, 125.5
207.0, 126.5
206.0, 127.5
205.0, 127.5
204.0, 127.5
203.0, 127.5
202.0, 127.5
201.0, 127.5
200.0, 127.5
199.0, 128.5
199.0, 129.5
199.0, 130.5
199.0, 131.5
199.0, 132.5
199.0, 133.5
199.0, 134.5
199.0, 135.5
199.0, 136.5
199.0, 137.5
199.0, 138.5
199.0, 139.5
199.0, 140.5
199.0, 141.5
199.0, 142.5
199.0, 143.5
199.0, 144.5
199.0, 145.5
199.0, 146.5
199.0, 147.5
199.0, 148.5
199.0, 149.5
199.0, 150.5
198.0, 151.5
197.0, 151.5
196.0, 151.5
195.0, 151.5
194.0, 151.5
193.0, 151.5
192.0, 150.5
192.0, 149.5
192.0, 148.5
192.0, 147.5
192.0, 146.5
192.0, 145.5
192.0, 144.5
191.0, 143.5
190.0, 143.5
189.0, 143.5
188.0, 143.5
187.0, 143.5
186.0, 143.5
185.0, 143.5
184.0, 143.5
183.0, 144.5
183.0, 145.5
183.0, 146.5
183.0, 147.5
182.0, 148.5
181.0, 148.5
180.0, 148.5
179.0, 148.5
178.0, 148.5
177.0, 148.5
176.0, 147.5
176.0, 146.5
176.0, 145.5
176.0, 144.5
176.0, 143.5
176.0, 142.5
176.0, 141.5
175.0, 140.5
174.0, 140.5
173.0, 140.5
172.0, 140.5
171.0, 140.5
170.0, 140.5
169.0, 140.5
168.0, 140.5
167.0, 141.5
167.0, 142.5
167.0, 143.5
167.0, 144.5
167.0, 145.5
167.0, 146.5
167.0, 147.5
166.0, 148.5
165.0, 148.5
164.0, 148.5
163.0, 148.5
162.0, 148.5
161.0, 148.5
160.0, 147.5
160.0, 146.5
159.0, 145.5
158.0, 145.5
157.0, 145.5
156.0, 145.5
155.0, 145.5
154.0, 145.5
153.0, 145.5
152.0, 144.5
151.0, 143.5
150.0, 143.5
149.0, 143.5
148.0, 143.5
147.0, 143.5
146.0, 143.5
145.0, 143.5
144.0, 143.5
143.0, 144.5
143.0, 145.5
143.0, 146.5
143.0, 147.5
143.0, 148.5
143.0, 149.5
143.0, 150.5
142.0, 151.5
141.0, 151.5
140.0, 151.5
139.0, 151.5
138.0, 151.5
137.0, 151.5
136.0, 150.5
136.0, 149.5
136.0, 148.5
136.0, 147.5
136.0, 146.5
136.0, 145.5
136.0, 144.5
135.0, 143.5
134.0, 142.5
134.0, 141.5
134.0, 140.5
134.0, 139.5
134.0, 138.5
134.0, 137.5
134.0, 136.5
133.0, 135.5
132.0, 135.5
131.0, 135.5
130.0, 136.5
130.0, 137.5
130.0, 138.5
130.0, 139.5
130.0, 140.5
130.0, 141.5
130.0, 142.5
130.0, 143.5
131.0, 144.5
132.0, 144.5
133.0, 145.5
133.0, 146.5
133.0, 147.5
133.0, 148.5
133.0, 149.5
133.0, 150.5
133.0, 151.5
132.0, 152.5
132.0, 153.5
132.0, 154.5
132.0, 155.5
132.0, 156.5
132.0, 157.5
132.0, 158.5
131.0, 159.5
130.0, 159.5
129.0, 159.5
128.0, 159.5
127.0, 160.5
127.0, 161.5
127.0, 162.5
127.0, 163.5
127.0, 164.5
127.0, 165.5
126.0, 166.5
127.0, 167.5
128.0, 168.5
129.0, 168.5
130.0, 168.5
131.0, 168.5
132.0, 169.5
132.0, 170.5
132.0, 171.5
132.0, 172.5
132.0, 173.5
132.0, 174.5
132.0, 175.5
133.0, 176.5
134.0, 176.5
135.0, 176.5
136.0, 175.5
136.0, 174.5
136.0, 173.5
136.0, 172.5
136.0, 171.5
136.0, 170.5
136.0, 169.5
137.0, 168.5
138.0, 168.5
139.0, 167.5
139.0, 166.5
139.0, 165.5
139.0, 164.5
139.0, 163.5
139.0, 162.5
139.0, 161.5
140.0, 160.5
141.0, 160.5
142.0, 160.5
143.0, 161.5
143.0, 162.5
143.0, 163.5
143.0, 164.5
143.0, 165.5
143.0, 166.5
143.0, 167.5
144.0, 168.5
145.0, 168.5
146.0, 168.5
147.0, 168.5
148.0, 168.5
149.0, 168.5
150.0, 168.5
151.0, 168.5
152.0, 167.5
152.0, 166.5
152.0, 165.5
153.0, 164.5
154.0, 164.5
155.0, 165.5
155.0, 166.5
156.0, 167.5
157.0, 168.5
158.0, 168.5
159.0, 168.5
160.0, 168.5
161.0, 168.5
162.0, 168.5
163.0, 168.5
164.0, 169.5
164.0, 170.5
164.0, 171.5
164.0, 172.5
164.0, 173.5
164.0, 174.5
164.0, 175.5
165.0, 176.5
166.0, 176.5
167.0, 177.5
167.0, 178.5
167.0, 179.5
167.0, 180.5
167.0, 181.5
167.0, 182.5
167.0, 183.5
167.0, 184.5
167.0, 185.5
167.0, 186.5
167.0, 187.5
166.0, 188.5
165.0, 188.5
164.0, 188.5
163.0, 188.5
162.0, 188.5
161.0, 188.5
160.0, 187.5
160.0, 186.5
160.0, 185.5
160.0, 184.5
159.0, 183.5
158.0, 183.5
157.0, 183.5
156.0, 183.5
155.0, 183.5
154.0, 183.5
153.0, 183.5
152.0, 182.5
152.0, 181.5
152.0, 180.5
152.0, 179.5
152.0, 178.5
152.0, 177.5
152.0, 176.5
151.0, 175.5
150.0, 175.5
149.0, 175.5
148.0, 176.5
148.0, 177.5
148.0, 178.5
148.0, 179.5
148.0, 180.5
148.0, 181.5
148.0, 182.5
147.0, 183.5
146.0, 183.5
145.0, 183.5
144.0, 183.5
143.0, 183.5
142.0, 183.5
141.0, 183.5
140.0, 183.5
139.0, 183.5
138.0, 183.5
137.0, 184.5
137.0, 185.5
137.0, 186.5
137.0, 187.5
137.0, 188.5
137.0, 189.5
137.0, 190.5
136.0, 191.5
135.0, 191.5
134.0, 191.5
133.0, 191.5
132.0, 192.5
132.0, 193.5
132.0, 194.5
132.0, 195.5
132.0, 196.5
132.0, 197.5
132.0, 198.5
132.0, 199.5
132.0, 200.5
132.0, 201.5
132.0, 202.5
132.0, 203.5
132.0, 204.5
132.0, 205.5
132.0, 206.5
132.0, 207.5
133.0, 208.5
134.0, 208.5
135.0, 208.5
136.0, 207.5
136.0, 206.5
136.0, 205.5
136.0, 204.5
136.0, 203.5
136.0, 202.5
136.0, 201.5
137.0, 200.5
138.0, 200.5
139.0, 200.5
140.0, 200.5
141.0, 200.5
142.0, 200.5
143.0, 201.5
143.0, 202.5
143.0, 203.5
143.0, 204.5
143.0, 205.5
143.0, 206.5
142.0, 207.5
141.0, 207.5
140.0, 208.5
140.0, 209.5
140.0, 210.5
140.0, 211.5
140.0, 212.5
140.0, 213.5
140.0, 214.5
140.0, 215.5
141.0, 216.5
142.0, 216.5
143.0, 216.5
144.0, 216.5
145.0, 216.5
146.0, 216.5
147.0, 216.5
148.0, 217.5
148.0, 218.5
148.0, 219.5
148.0, 220.5
148.0, 221.5
148.0, 222.5
148.0, 223.5
149.0, 224.5
150.0, 224.5
151.0, 225.5
151.0, 226.5
150.0, 227.5
149.0, 227.5
148.0, 226.5
148.0, 225.5
147.0, 224.5
146.0, 223.5
145.0, 223.5
144.0, 223.5
143.0, 223.5
142.0, 223.5
141.0, 223.5
140.0, 223.5
139.0, 222.5
139.0, 221.5
139.0, 220.5
139.0, 219.5
139.0, 218.5
139.0, 217.5
139.0, 216.5
138.0, 215.5
137.0, 215.5
136.0, 214.5
136.0, 213.5
135.0, 212.5
134.0, 212.5
133.0, 212.5
132.0, 212.5
131.0, 212.5
130.0, 212.5
129.0, 212.5
128.0, 211.5
128.0, 210.5
127.0, 209.5
126.0, 209.5
125.0, 209.5
124.0, 209.5
123.0, 209.5
122.0, 209.5
121.0, 209.5
120.0, 208.5
119.0, 207.5
118.0, 207.5
117.0, 207.5
116.0, 207.5
115.0, 207.5
114.0, 207.5
113.0, 207.5
112.0, 206.5
112.0, 205.5
112.0, 204.5
111.0, 203.5
110.0, 203.5
109.0, 204.5
108.0, 205.5
108.0, 206.5
107.0, 207.5
106.0, 207.5
105.0, 207.5
104.0, 207.5
103.0, 206.5
102.0, 206.5
101.0, 206.5
100.0, 207.5
101.0, 208.5
101.0, 209.5
101.0, 210.5
102.0, 211.5
103.0, 212.5
103.0, 213.5
103.0, 214.5
103.0, 215.5
103.0, 216.5
103.0, 217.5
102.0, 218.5
101.0, 218.5
100.0, 219.5
99.0, 220.5
99.0, 221.5
98.0, 222.5
97.0, 223.5
96.0, 223.5
95.0, 223.5
94.0, 223.5
93.0, 223.5
92.0, 223.5
91.0, 224.5
92.0, 225.5
92.0, 226.5
92.0, 227.5
92.0, 228.5
92.0, 229.5
92.0, 230.5
92.0, 231.5
93.0, 232.5
92.0, 233.5
91.0, 233.5
90.0, 233.5
89.0, 233.5
88.0, 232.5
87.0, 231.5
86.0, 231.5
85.0, 230.5
84.0, 229.5
83.0, 229.5
82.0, 229.5
81.0, 229.5
80.0, 229.5
79.0, 230.5
78.0, 231.5
79.0, 232.5
79.0, 233.5
79.0, 234.5
78.0, 235.5
77.0, 235.5
76.0, 236.5
75.0, 237.5
74.0, 238.5
73.0, 239.5
73.0, 240.5
73.0, 241.5
73.0, 242.5
73.0, 243.5
73.0, 244.5
73.0, 245.5
73.0, 246.5
73.0, 247.5
73.0, 248.5
73.0, 249.5
73.0, 250.5
73.0, 251.5
73.0, 252.5
73.0, 253.5
73.0, 254.5
72.0, 255.5
71.0, 255.5
70.0, 255.5
69.0, 255.5
68.0, 255.5
67.0, 255.5
66.0, 255.5
65.0, 255.5
64.0, 255.5
63.0, 255.5
62.0, 255.5
61.0, 255.5
60.0, 255.5
59.0, 255.5
58.0, 255.5
57.0, 255.5
56.0, 255.5
55.0, 255.5
54.0, 255.5
53.0, 255.5
52.0, 255.5
51.0, 255.5
50.0, 255.5
49.0, 255.5
48.0, 254.5
48.0, 253.5
47.0, 252.5
46.0, 252.5
45.0, 252.5
44.0, 252.5
43.0, 252.5
42.0, 252.5
41.0, 252.5
40.0, 251.5
39.0, 250.5
38.0, 250.5
37.0, 250.5
36.0, 250.5
35.0, 250.5
34.0, 251.5
33.0, 251.5
32.0, 251.5
31.0, 250.5
30.0, 250.5
29.0, 251.5
28.0, 251.5
27.0, 251.5
26.0, 251.5
25.0, 251.5
24.0, 251.5
23.0, 251.5
22.0, 251.5
21.0, 250.5
20.0, 250.5
19.0, 250.5
18.0, 250.5
17.0, 250.5
16.0, 250.5
15.0, 251.5
15.0, 252.5
15.0, 253.5
16.0, 254.5
16.0, 255.5
15.0, 256.5
14.0, 257.5
13.0, 257.5
12.0, 257.5
11.0, 257.5
10.0, 257.5
9.0, 257.5
8.0, 257.5
7.0, 258.5
7.0, 259.5
7.0, 260.5
7.0, 261.5
7.0, 262.5
7.0, 263.5
7.0, 264.5
7.0, 265.5
7.0, 266.5
7.0, 267.5
7.0, 268.5
7.0, 269.5
7.0, 270.5
6.0, 271.5
5.0, 271.5
4.0, 271.5
3.0, 271.5
2.0, 271.5
1.0, 272.5
0.0, 271.5
0.0, 270.5
0.0, 269.5
0.0, 268.5
0.0, 267.5
0.0, 266.5
0.0, 265.5
0.0, 264.5
-1.0, 263.5
-2.0, 263.5
-3.0, 263.5
-4.0, 263.5
-5.0, 263.5
-6.0, 263.5
-7.0, 263.5
-8.0, 263.5
-9.0, 263.5
-10.0, 263.5
-11.0, 263.5
-12.0, 263.5
-13.0, 263.5
-14.0, 263.5
-15.0, 263.5
-16.0, 262.5
-16.0, 261.5
-16.0, 260.5
-16.0, 259.5
-16.0, 258.5
-17.0, 257.5
-18.0, 258.5
-19.0, 258.5
-20.0, 259.5
-21.0, 260.5
-21.0, 261.5
-22.0, 262.5
-23.0, 263.5
-24.0, 262.5
-24.0, 261.5
-25.0, 260.5
-26.0, 259.5
-27.0, 259.5
-28.0, 258.5
-28.0, 257.5
-29.0, 256.5
-30.0, 255.5
-29.0, 254.5
-28.0, 254.5
-27.0, 254.5
-26.0, 254.5
-25.0, 254.5
-24.0, 253.5
-23.0, 253.5
-22.0, 253.5
-21.0, 253.5
-20.0, 253.5
-19.0, 254.5
-18.0, 254.5
-17.0, 254.5
-16.0, 253.5
-16.0, 252.5
-16.0, 251.5
-17.0, 250.5
-18.0, 250.5
-19.0, 250.5
-20.0, 250.5
-21.0, 250.5
-22.0, 250.5
-23.0, 250.5
-24.0, 250.5
-25.0, 251.5
-26.0, 251.5
-27.0, 251.5
-28.0, 251.5
-29.0, 251.5
-30.0, 251.5
-31.0, 251.5
-32.0, 251.5
-33.0, 252.5
-33.0, 253.5
-32.0, 254.5
-33.0, 255.5
-34.0, 255.5
-35.0, 255.5
-36.0, 255.5
-37.0, 255.5
-38.0, 255.5
-39.0, 255.5
-40.0, 255.5
-41.0, 256.5
-41.0, 257.5
-41.0, 258.5
-41.0, 259.5
-41.0, 260.5
-41.0, 261.5
-41.0, 262.5
-42.0, 263.5
-43.0, 263.5
-44.0, 263.5
-45.0, 263.5
-46.0, 263.5
-47.0, 263.5
-48.0, 262.5
-48.0, 261.5
-48.0, 260.5
-48.0, 259.5
-48.0, 258.5
-49.0, 257.5
-50.0, 257.5
-51.0, 257.5
-52.0, 257.5
-53.0, 257.5
-54.0, 256.5
-53.0, 255.5
-53.0, 254.5
-53.0, 253.5
-53.0, 252.5
-53.0, 251.5
-53.0, 250.5
-53.0, 249.5
-53.0, 248.5
-52.0, 247.5
-51.0, 248.5
-50.0, 248.5
-49.0, 248.5
-48.0, 247.5
-49.0, 246.5
-50.0, 245.5
-51.0, 244.5
-52.0, 244.5
-53.0, 245.5
-54.0, 246.5
-55.0, 246.5
-56.0, 245.5
-57.0, 244.5
-58.0, 244.5
-59.0, 244.5
-60.0, 245.5
-61.0, 246.5
-62.0, 247.5
-61.0, 248.5
-60.0, 248.5
-59.0, 248.5
-58.0, 248.5
-57.0, 249.5
-57.0, 250.5
-57.0, 251.5
-57.0, 252.5
-57.0, 253.5
-57.0, 254.5
-57.0, 255.5
-56.0, 256.5
-56.0, 257.5
-57.0, 258.5
-57.0, 259.5
-57.0, 260.5
-57.0, 261.5
-57.0, 262.5
-58.0, 263.5
-59.0, 263.5
-60.0, 263.5
-61.0, 263.5
-62.0, 263.5
-63.0, 263.5
-64.0, 263.5
-65.0, 263.5
-66.0, 263.5
-67.0, 263.5
-68.0, 263.5
-69.0, 263.5
-70.0, 263.5
-71.0, 263.5
-72.0, 262.5
-72.0, 261.5
-72.0, 260.5
-72.0, 259.5
-72.0, 258.5
-72.0, 257.5
-71.0, 256.5
-70.0, 256.5
-69.0, 256.5
-68.0, 256.5
-67.0, 256.5
-66.0, 256.5
-65.0, 256.5
-64.0, 255.5
-64.0, 254.5
-64.0, 253.5
-64.0, 252.5
-64.0, 251.5
-64.0, 250.5
-64.0, 249.5
-64.0, 248.5
-65.0, 247.5
-66.0, 247.5
-67.0, 247.5
-68.0, 247.5
-69.0, 247.5
-70.0, 246.5
-71.0, 245.5
-72.0, 244.5
-73.0, 245.5
-73.0, 246.5
-74.0, 247.5
-75.0, 246.5
-76.0, 245.5
-76.0, 244.5
-77.0, 243.5
-78.0, 242.5
-79.0, 242.5
-80.0, 241.5
-81.0, 242.5
-82.0, 241.5
-82.0, 240.5
-83.0, 239.5
-84.0, 239.5
-85.0, 239.5
-86.0, 239.5
-87.0, 239.5
-88.0, 238.5
-88.0, 237.5
-89.0, 236.5
-90.0, 236.5
-91.0, 236.5
-92.0, 236.5
-93.0, 236.5
-94.0, 236.5
-95.0, 236.5
-96.0, 236.5
-97.0, 237.5
-97.0, 238.5
-97.0, 239.5
-97.0, 240.5
-97.0, 241.5
-97.0, 242.5
-97.0, 243.5
-97.0, 244.5
-97.0, 245.5
-97.0, 246.5
-98.0, 247.5
-99.0, 247.5
-100.0, 247.5
-101.0, 247.5
-102.0, 247.5
-103.0, 247.5
-104.0, 247.5
-105.0, 247.5
-106.0, 247.5
-107.0, 247.5
-108.0, 247.5
-109.0, 246.5
-109.0, 245.5
-109.0, 244.5
-109.0, 243.5
-109.0, 242.5
-109.0, 241.5
-108.0, 240.5
-107.0, 240.5
-106.0, 240.5
-105.0, 240.5
-104.0, 239.5
-104.0, 238.5
-104.0, 237.5
-104.0, 236.5
-104.0, 235.5
-104.0, 234.5
-104.0, 233.5
-104.0, 232.5
-104.0, 231.5
-104.0, 230.5
-104.0, 229.5
-103.0, 228.5
-102.0, 228.5
-101.0, 229.5
-101.0, 230.5
-100.0, 231.5
-99.0, 232.5
-98.0, 232.5
-97.0, 232.5
-96.0, 232.5
-95.0, 232.5
-94.0, 232.5
-93.0, 232.5
-92.0, 232.5
-91.0, 232.5
-90.0, 232.5
-89.0, 233.5
-89.0, 234.5
-88.0, 235.5
-87.0, 235.5
-86.0, 235.5
-85.0, 235.5
-84.0, 235.5
-83.0, 235.5
-82.0, 235.5
-81.0, 236.5
-81.0, 237.5
-81.0, 238.5
-81.0, 239.5
-80.0, 240.5
-79.0, 240.5
-78.0, 240.5
-77.0, 240.5
-76.0, 240.5
-75.0, 239.5
-76.0, 238.5
-76.0, 237.5
-77.0, 236.5
-78.0, 235.5
-79.0, 235.5
-80.0, 234.5
-80.0, 233.5
-80.0, 232.5
-79.0, 231.5
-79.0, 230.5
-80.0, 229.5
-81.0, 230.5
-82.0, 230.5
-83.0, 230.5
-84.0, 231.5
-85.0, 231.5
-86.0, 231.5
-87.0, 231.5
-88.0, 230.5
-88.0, 229.5
-88.0, 228.5
-88.0, 227.5
-87.0, 226.5
-87.0, 225.5
-87.0, 224.5
-88.0, 223.5
-87.0, 222.5
-88.0, 221.5
-89.0, 221.5
-90.0, 221.5
-91.0, 222.5
-92.0, 222.5
-93.0, 223.5
-94.0, 223.5
-95.0, 223.5
-96.0, 223.5
-97.0, 223.5
-98.0, 223.5
-99.0, 223.5
-100.0, 223.5
-101.0, 223.5
-102.0, 223.5
-103.0, 223.5
-104.0, 222.5
-104.0, 221.5
-104.0, 220.5
-104.0, 219.5
-104.0, 218.5
-105.0, 217.5
-106.0, 217.5
-107.0, 217.5
-108.0, 217.5
-109.0, 217.5
-110.0, 217.5
-111.0, 217.5
-112.0, 217.5
-113.0, 217.5
-114.0, 218.5
-115.0, 218.5
-116.0, 219.5
-117.0, 220.5
-117.0, 221.5
-118.0, 222.5
-119.0, 223.5
-120.0, 222.5
-120.0, 221.5
-120.0, 220.5
-120.0, 219.5
-120.0, 218.5
-120.0, 217.5
-119.0, 216.5
-118.0, 216.5
-117.0, 216.5
-116.0, 216.5
-115.0, 216.5
-114.0, 216.5
-113.0, 216.5
-112.0, 215.5
-112.0, 214.5
-112.0, 213.5
-112.0, 212.5
-112.0, 211.5
-112.0, 210.5
-112.0, 209.5
-111.0, 208.5
-110.0, 208.5
-109.0, 208.5
-108.0, 207.5
-108.0, 206.5
-109.0, 205.5
-109.0, 204.5
-110.0, 203.5
-111.0, 202.5
-112.0, 202.5
-113.0, 203.5
-114.0, 203.5
-115.0, 203.5
-116.0, 202.5
-116.0, 201.5
-115.0, 200.5
-114.0, 199.5
-114.0, 198.5
-115.0, 197.5
-116.0, 196.5
-117.0, 195.5
-118.0, 194.5
-119.0, 193.5
-118.0, 192.5
-117.0, 191.5
-118.0, 190.5
-118.0, 189.5
-119.0, 188.5
-120.0, 188.5
-121.0, 189.5
-121.0, 190.5
-122.0, 191.5
-123.0, 191.5
-124.0, 191.5
-125.0, 191.5
-126.0, 191.5
-127.0, 192.5
-128.0, 191.5
-128.0, 190.5
-128.0, 189.5
-128.0, 188.5
-128.0, 187.5
-128.0, 186.5
-128.0, 185.5
-127.0, 184.5
-126.0, 183.5
-126.0, 182.5
-126.0, 181.5
-126.0, 180.5
-126.0, 179.5
-126.0, 178.5
-126.0, 177.5
-126.0, 176.5
-125.0, 175.5
-126.0, 174.5
-126.0, 173.5
-126.0, 172.5
-127.0, 171.5
-128.0, 170.5
-129.0, 171.5
-129.0, 172.5
-129.0, 173.5
-129.0, 174.5
-129.0, 175.5
-129.0, 176.5
-129.0, 177.5
-129.0, 178.5
-129.0, 179.5
-129.0, 180.5
-129.0, 181.5
-129.0, 182.5
-130.0, 183.5
-131.0, 183.5
-132.0, 183.5
-133.0, 183.5
-134.0, 183.5
-135.0, 183.5
-136.0, 183.5
-137.0, 184.5
-137.0, 185.5
-137.0, 186.5
-137.0, 187.5
-137.0, 188.5
-137.0, 189.5
-137.0, 190.5
-138.0, 191.5
-139.0, 191.5
-140.0, 191.5
-141.0, 191.5
-142.0, 191.5
-143.0, 192.5
-144.0, 192.5
-145.0, 191.5
-145.0, 190.5
-144.0, 189.5
-144.0, 188.5
-144.0, 187.5
-144.0, 186.5
-144.0, 185.5
-144.0, 184.5
-144.0, 183.5
-144.0, 182.5
-144.0, 181.5
-144.0, 180.5
-144.0, 179.5
-144.0, 178.5
-144.0, 177.5
-144.0, 176.5
-145.0, 175.5
-146.0, 175.5
-147.0, 175.5
-148.0, 176.5
-148.0, 177.5
-148.0, 178.5
-148.0, 179.5
-148.0, 180.5
-148.0, 181.5
-148.0, 182.5
-149.0, 183.5
-150.0, 183.5
-151.0, 183.5
-152.0, 182.5
-152.0, 181.5
-152.0, 180.5
-152.0, 179.5
-152.0, 178.5
-152.0, 177.5
-152.0, 176.5
-153.0, 175.5
-154.0, 175.5
-155.0, 175.5
-156.0, 175.5
-157.0, 175.5
-158.0, 175.5
-159.0, 175.5
-160.0, 175.5
-161.0, 176.5
-161.0, 177.5
-161.0, 178.5
-161.0, 179.5
-162.0, 180.5
-163.0, 180.5
-164.0, 180.5
-165.0, 180.5
-166.0, 180.5
-167.0, 180.5
-168.0, 180.5
-169.0, 181.5
-169.0, 182.5
-169.0, 183.5
-169.0, 184.5
-169.0, 185.5
-169.0, 186.5
-169.0, 187.5
-169.0, 188.5
-169.0, 189.5
-169.0, 190.5
-169.0, 191.5
-168.0, 192.5
-167.0, 192.5
-166.0, 192.5
-165.0, 192.5
-164.0, 192.5
-163.0, 192.5
-162.0, 192.5
-161.0, 193.5
-161.0, 194.5
-161.0, 195.5
-161.0, 196.5
-161.0, 197.5
-161.0, 198.5
-161.0, 199.5
-160.0, 200.5
-159.0, 200.5
-158.0, 200.5
-157.0, 200.5
-156.0, 200.5
-155.0, 200.5
-154.0, 200.5
-153.0, 200.5
-152.0, 199.5
-152.0, 198.5
-152.0, 197.5
-151.0, 196.5
-150.0, 196.5
-149.0, 197.5
-149.0, 198.5
-148.0, 199.5
-147.0, 200.5
-146.0, 200.5
-145.0, 200.5
-144.0, 199.5
-143.0, 199.5
-142.0, 200.5
-141.0, 200.5
-140.0, 200.5
-139.0, 200.5
-138.0, 200.5
-137.0, 200.5
-136.0, 199.5
-135.0, 199.5
-134.0, 200.5
-133.0, 200.5
-132.0, 200.5
-131.0, 200.5
-130.0, 200.5
-129.0, 201.5
-129.0, 202.5
-128.0, 203.5
-127.0, 204.5
-126.0, 204.5
-125.0, 205.5
-125.0, 206.5
-126.0, 207.5
-127.0, 207.5
-128.0, 207.5
-129.0, 208.5
-129.0, 209.5
-129.0, 210.5
-129.0, 211.5
-130.0, 212.5
-131.0, 212.5
-132.0, 212.5
-133.0, 212.5
-134.0, 212.5
-135.0, 212.5
-136.0, 211.5
-136.0, 210.5
-136.0, 209.5
-136.0, 208.5
-137.0, 207.5
-138.0, 207.5
-139.0, 207.5
-140.0, 207.5
-141.0, 207.5
-142.0, 207.5
-143.0, 207.5
-144.0, 207.5
-145.0, 208.5
-145.0, 209.5
-145.0, 210.5
-145.0, 211.5
-145.0, 212.5
-145.0, 213.5
-145.0, 214.5
-145.0, 215.5
-145.0, 216.5
-146.0, 217.5
-147.0, 217.5
-148.0, 217.5
-149.0, 217.5
-150.0, 217.5
-151.0, 217.5
-152.0, 216.5
-153.0, 215.5
-154.0, 215.5
-155.0, 215.5
-156.0, 215.5
-157.0, 214.5
-157.0, 213.5
-157.0, 212.5
-157.0, 211.5
-157.0, 210.5
-157.0, 209.5
-157.0, 208.5
-158.0, 207.5
-159.0, 207.5
-160.0, 207.5
-161.0, 208.5
-161.0, 209.5
-161.0, 210.5
-161.0, 211.5
-161.0, 212.5
-161.0, 213.5
-161.0, 214.5
-162.0, 215.5
-163.0, 215.5
-164.0, 216.5
-164.0, 217.5
-164.0, 218.5
-164.0, 219.5
-164.0, 220.5
-164.0, 221.5
-164.0, 222.5
-164.0, 223.5
-163.0, 224.5
-162.0, 224.5
-161.0, 224.5
-160.0, 223.5
-159.0, 222.5
-158.0, 222.5
-157.0, 222.5
-156.0, 222.5
-155.0, 222.5
-154.0, 222.5
-153.0, 223.5
-152.0, 224.5
-151.0, 224.5
-150.0, 224.5
-149.0, 224.5
-148.0, 224.5
-147.0, 224.5
-146.0, 224.5
-145.0, 224.5
-144.0, 224.5
-143.0, 224.5
-142.0, 225.5
-141.0, 226.5
-141.0, 227.5
-140.0, 228.5
-139.0, 229.5
-138.0, 229.5
-137.0, 230.5
-137.0, 231.5
-137.0, 232.5
-138.0, 233.5
-139.0, 233.5
-140.0, 233.5
-141.0, 233.5
-142.0, 233.5
-143.0, 233.5
-144.0, 232.5
-145.0, 231.5
-146.0, 231.5
-147.0, 231.5
-148.0, 232.5
-148.0, 233.5
-148.0, 234.5
-148.0, 235.5
-148.0, 236.5
-148.0, 237.5
-148.0, 238.5
-149.0, 239.5
-150.0, 239.5
-151.0, 239.5
-152.0, 238.5
-152.0, 237.5
-152.0, 236.5
-152.0, 235.5
-152.0, 234.5
-152.0, 233.5
-152.0, 232.5
-153.0, 231.5
-154.0, 231.5
-155.0, 231.5
-156.0, 232.5
-156.0, 233.5
-156.0, 234.5
-156.0, 235.5
-156.0, 236.5
-156.0, 237.5
-156.0, 238.5
-156.0, 239.5
-156.0, 240.5
-156.0, 241.5
-156.0, 242.5
-156.0, 243.5
-156.0, 244.5
-156.0, 245.5
-156.0, 246.5
-156.0, 247.5
-155.0, 248.5
-154.0, 248.5
-153.0, 249.5
-153.0, 250.5
-152.0, 251.5
-151.0, 251.5
-150.0, 251.5
-149.0, 251.5
-148.0, 251.5
-147.0, 251.5
-146.0, 251.5
-145.0, 251.5
-144.0, 250.5
-144.0, 249.5
-143.0, 248.5
-142.0, 248.5
-141.0, 248.5
-140.0, 248.5
-139.0, 248.5
-138.0, 248.5
-137.0, 249.5
-137.0, 250.5
-137.0, 251.5
-137.0, 252.5
-137.0, 253.5
-137.0, 254.5
-137.0, 255.5
-136.0, 256.5
-135.0, 256.5
-134.0, 256.5
-133.0, 256.5
-132.0, 256.5
-131.0, 256.5
-130.0, 256.5
-129.0, 256.5
-128.0, 255.5
-128.0, 254.5
-128.0, 253.5
-128.0, 252.5
-128.0, 251.5
-128.0, 250.5
-128.0, 249.5
-128.0, 248.5
-127.0, 247.5
-126.0, 248.5
-125.0, 248.5
-124.0, 248.5
-123.0, 248.5
-122.0, 248.5
-121.0, 249.5
-121.0, 250.5
-121.0, 251.5
-121.0, 252.5
-121.0, 253.5
-121.0, 254.5
-121.0, 255.5
-121.0, 256.5
-122.0, 257.5
-123.0, 257.5
-124.0, 257.5
-125.0, 257.5
-126.0, 257.5
-127.0, 257.5
-128.0, 257.5
-129.0, 258.5
-129.0, 259.5
-129.0, 260.5
-129.0, 261.5
-129.0, 262.5
-130.0, 263.5
-131.0, 263.5
-132.0, 263.5
-133.0, 263.5
-134.0, 263.5
-135.0, 263.5
-136.0, 263.5
-137.0, 263.5
-138.0, 263.5
-139.0, 263.5
-140.0, 263.5
-141.0, 263.5
-142.0, 263.5
-143.0, 263.5
-144.0, 262.5
-144.0, 261.5
-144.0, 260.5
-144.0, 259.5
-144.0, 258.5
-144.0, 257.5
-144.0, 256.5
-145.0, 255.5
-146.0, 255.5
-147.0, 255.5
-148.0, 256.5
-148.0, 257.5
-148.0, 258.5
-148.0, 259.5
-148.0, 260.5
-148.0, 261.5
-148.0, 262.5
-148.0, 263.5
-147.0, 264.5
-146.0, 264.5
-145.0, 265.5
-145.0, 266.5
-145.0, 267.5
-145.0, 268.5
-145.0, 269.5
-145.0, 270.5
-145.0, 271.5
-145.0, 272.5
-145.0, 273.5
-145.0, 274.5
-145.0, 275.5
-145.0, 276.5
-145.0, 277.5
-145.0, 278.5
-145.0, 279.5
-146.0, 279.5
-147.0, 279.5
-148.0, 279.5
-149.0, 279.5
-150.0, 279.5
-151.0, 279.5
-152.0, 279.5
-153.0, 279.5
-154.0, 279.5
-155.0, 279.5
-156.0, 279.5
-157.0, 279.5
-158.0, 279.5
-159.0, 279.5
-160.0, 279.5
-161.0, 279.5
-162.0, 279.5
-163.0, 279.5
-164.0, 279.5
-165.0, 279.5
-166.0, 279.5
-167.0, 279.5

CONTORNO 2
TIPO: HUECO
PROFUNDIDAD: 1
PUNTOS: 73

263.0, -144.5
264.0, -143.5
265.0, -143.5
266.0, -143.5
267.0, -143.5
268.0, -143.5
269.0, -143.5
270.0, -143.5
271.0, -143.5
272.0, -143.5
273.0, -143.5
274.0, -143.5
275.0, -143.5
276.0, -143.5
277.0, -143.5
278.0, -143.5
279.0, -143.5
280.0, -144.5
280.0, -145.5
280.0, -146.5
279.0, -147.5
278.0, -147.5
277.0, -147.5
276.0, -147.5
275.0, -147.5
274.0, -147.5
273.0, -147.5
272.0, -148.5
272.0, -149.5
271.0, -150.5
272.0, -151.5
273.0, -151.5
274.0, -151.5
275.0, -151.5
276.0, -151.5
277.0, -151.5
278.0, -152.5
278.0, -153.5
278.0, -154.5
278.0, -155.5
278.0, -156.5
278.0, -157.5
278.0, -158.5
278.0, -159.5
277.0, -160.5
276.0, -160.5
275.0, -160.5
274.0, -160.5
273.0, -160.5
272.0, -160.5
271.0, -160.5
270.0, -160.5
269.0, -160.5
268.0, -160.5
267.0, -160.5
266.0, -160.5
265.0, -160.5
264.0, -160.5
263.0, -159.5
263.0, -158.5
263.0, -157.5
263.0, -156.5
263.0, -155.5
263.0, -154.5
263.0, -153.5
263.0, -152.5
264.0, -151.5
264.0, -150.5
263.0, -149.5
263.0, -148.5
263.0, -147.5
263.0, -146.5
263.0, -145.5

CONTORNO 3
TIPO: HUECO
PROFUNDIDAD: 1
PUNTOS: 50

222.0, -140.5
223.0, -139.5
224.0, -140.5
225.0, -140.5
226.0, -140.5
227.0, -140.5
228.0, -140.5
229.0, -140.5
230.0, -140.5
231.0, -140.5
232.0, -141.5
232.0, -142.5
232.0, -143.5
231.0, -144.5
230.0, -144.5
229.0, -144.5
228.0, -144.5
227.0, -144.5
226.0, -144.5
225.0, -144.5
224.0, -145.5
224.0, -146.5
223.0, -147.5
222.0, -147.5
221.0, -147.5
220.0, -147.5
219.0, -147.5
218.0, -147.5
217.0, -147.5
216.0, -148.5
216.0, -149.5
216.0, -150.5
216.0, -151.5
215.0, -152.5
214.0, -152.5
213.0, -152.5
212.0, -151.5
212.0, -150.5
212.0, -149.5
213.0, -148.5
213.0, -147.5
214.0, -146.5
215.0, -145.5
215.0, -144.5
216.0, -143.5
217.0, -143.5
218.0, -142.5
219.0, -141.5
220.0, -141.5
221.0, -140.5

CONTORNO 4
TIPO: HUECO
PROFUNDIDAD: 1
PUNTOS: 98

-33.0, -128.5
-32.0, -127.5
-31.0, -127.5
-30.0, -127.5
-29.0, -127.5
-28.0, -127.5
-27.0, -127.5
-26.0, -127.5
-25.0, -127.5
-24.0, -128.5
-24.0, -129.5
-24.0, -130.5
-24.0, -131.5
-24.0, -132.5
-24.0, -133.5
-25.0, -134.5
-25.0, -135.5
-24.0, -136.5
-24.0, -137.5
-24.0, -138.5
-24.0, -139.5
-24.0, -140.5
-24.0, -141.5
-24.0, -142.5
-24.0, -143.5
-23.0, -144.5
-23.0, -145.5
-23.0, -146.5
-23.0, -147.5
-23.0, -148.5
-23.0, -149.5
-23.0, -150.5
-23.0, -151.5
-23.0, -152.5
-23.0, -153.5
-23.0, -154.5
-23.0, -155.5
-23.0, -156.5
-23.0, -157.5
-23.0, -158.5
-23.0, -159.5
-23.0, -160.5
-23.0, -161.5
-23.0, -162.5
-23.0, -163.5
-23.0, -164.5
-23.0, -165.5
-23.0, -166.5
-23.0, -167.5
-24.0, -168.5
-25.0, -168.5
-26.0, -168.5
-27.0, -168.5
-28.0, -167.5
-28.0, -166.5
-28.0, -165.5
-28.0, -164.5
-28.0, -163.5
-28.0, -162.5
-28.0, -161.5
-28.0, -160.5
-27.0, -159.5
-26.0, -159.5
-25.0, -158.5
-25.0, -157.5
-25.0, -156.5
-25.0, -155.5
-25.0, -154.5
-25.0, -153.5
-25.0, -152.5
-25.0, -151.5
-25.0, -150.5
-25.0, -149.5
-25.0, -148.5
-25.0, -147.5
-25.0, -146.5
-25.0, -145.5
-26.0, -144.5
-27.0, -144.5
-28.0, -143.5
-28.0, -142.5
-28.0, -141.5
-28.0, -140.5
-28.0, -139.5
-28.0, -138.5
-28.0, -137.5
-28.0, -136.5
-27.0, -135.5
-28.0, -134.5
-29.0, -134.5
-30.0, -134.5
-31.0, -134.5
-32.0, -134.5
-33.0, -133.5
-33.0, -132.5
-33.0, -131.5
-33.0, -130.5
-33.0, -129.5

CONTORNO 5
TIPO: HUECO
PROFUNDIDAD: 1
PUNTOS: 58

-35.0, -109.5
-34.0, -108.5
-33.0, -108.5
-32.0, -109.5
-32.0, -110.5
-32.0, -111.5
-32.0, -112.5
-32.0, -113.5
-32.0, -114.5
-32.0, -115.5
-32.0, -116.5
-32.0, -117.5
-32.0, -118.5
-32.0, -119.5
-33.0, -120.5
-34.0, -120.5
-35.0, -120.5
-36.0, -120.5
-37.0, -121.5
-37.0, -122.5
-37.0, -123.5
-37.0, -124.5
-37.0, -125.5
-37.0, -126.5
-37.0, -127.5
-38.0, -128.5
-39.0, -128.5
-40.0, -128.5
-41.0, -127.5
-41.0, -126.5
-41.0, -125.5
-41.0, -124.5
-42.0, -123.5
-43.0, -123.5
-44.0, -123.5
-45.0, -123.5
-46.0, -123.5
-47.0, -123.5
-48.0, -123.5
-49.0, -122.5
-49.0, -121.5
-49.0, -120.5
-48.0, -119.5
-47.0, -119.5
-46.0, -119.5
-45.0, -119.5
-44.0, -118.5
-43.0, -117.5
-42.0, -116.5
-41.0, -115.5
-41.0, -114.5
-41.0, -113.5
-41.0, -112.5
-40.0, -111.5
-39.0, -111.5
-38.0, -111.5
-37.0, -111.5
-36.0, -110.5

CONTORNO 6
TIPO: HUECO
PROFUNDIDAD: 1
PUNTOS: 160

-377.0, -88.5
-376.0, -87.5
-375.0, -87.5
-374.0, -87.5
-373.0, -88.5
-373.0, -89.5
-373.0, -90.5
-373.0, -91.5
-373.0, -92.5
-373.0, -93.5
-373.0, -94.5
-372.0, -95.5
-371.0, -95.5
-370.0, -95.5
-369.0, -95.5
-368.0, -96.5
-368.0, -97.5
-368.0, -98.5
-368.0, -99.5
-367.0, -100.5
-366.0, -100.5
-365.0, -100.5
-364.0, -100.5
-363.0, -100.5
-362.0, -100.5
-361.0, -100.5
-360.0, -101.5
-360.0, -102.5
-360.0, -103.5
-360.0, -104.5
-360.0, -105.5
-360.0, -106.5
-360.0, -107.5
-360.0, -108.5
-360.0, -109.5
-360.0, -110.5
-360.0, -111.5
-361.0, -112.5
-362.0, -112.5
-363.0, -112.5
-364.0, -111.5
-364.0, -110.5
-364.0, -109.5
-364.0, -108.5
-364.0, -107.5
-364.0, -106.5
-364.0, -105.5
-365.0, -104.5
-366.0, -104.5
-367.0, -104.5
-368.0, -105.5
-368.0, -106.5
-368.0, -107.5
-368.0, -108.5
-368.0, -109.5
-368.0, -110.5
-368.0, -111.5
-369.0, -112.5
-370.0, -112.5
-371.0, -112.5
-372.0, -111.5
-372.0, -110.5
-372.0, -109.5
-372.0, -108.5
-372.0, -107.5
-372.0, -106.5
-372.0, -105.5
-373.0, -104.5
-374.0, -104.5
-375.0, -103.5
-375.0, -102.5
-375.0, -101.5
-375.0, -100.5
-375.0, -99.5
-375.0, -98.5
-375.0, -97.5
-376.0, -96.5
-377.0, -96.5
-378.0, -96.5
-379.0, -96.5
-380.0, -96.5
-381.0, -96.5
-382.0, -96.5
-383.0, -96.5
-384.0, -97.5
-384.0, -98.5
-384.0, -99.5
-384.0, -100.5
-384.0, -101.5
-384.0, -102.5
-383.0, -103.5
-382.0, -103.5
-381.0, -103.5
-380.0, -103.5
-379.0, -103.5
-378.0, -103.5
-377.0, -103.5
-376.0, -104.5
-376.0, -105.5
-376.0, -106.5
-377.0, -107.5
-378.0, -107.5
-379.0, -107.5
-380.0, -107.5
-381.0, -107.5
-382.0, -107.5
-383.0, -107.5
-384.0, -107.5
-385.0, -106.5
-385.0, -105.5
-386.0, -104.5
-387.0, -104.5
-388.0, -104.5
-389.0, -104.5
-390.0, -104.5
-391.0, -103.5
-391.0, -102.5
-391.0, -101.5
-391.0, -100.5
-391.0, -99.5
-392.0, -98.5
-393.0, -99.5
-394.0, -99.5
-395.0, -99.5
-396.0, -99.5
-397.0, -99.5
-398.0, -99.5
-399.0, -99.5
-400.0, -99.5
-401.0, -98.5
-401.0, -97.5
-401.0, -96.5
-400.0, -95.5
-399.0, -95.5
-398.0, -95.5
-397.0, -95.5
-396.0, -95.5
-395.0, -95.5
-394.0, -95.5
-393.0, -95.5
-392.0, -96.5
-391.0, -95.5
-390.0, -94.5
-389.0, -93.5
-389.0, -92.5
-388.0, -91.5
-387.0, -90.5
-386.0, -90.5
-385.0, -89.5
-384.0, -90.5
-384.0, -91.5
-383.0, -92.5
-382.0, -92.5
-381.0, -92.5
-380.0, -92.5
-379.0, -92.5
-378.0, -92.5
-377.0, -91.5
-377.0, -90.5
-377.0, -89.5

CONTORNO 7
TIPO: HUECO
PROFUNDIDAD: 1
PUNTOS: 53

263.0, -80.5
264.0, -79.5
265.0, -79.5
266.0, -79.5
267.0, -79.5
268.0, -79.5
269.0, -79.5
270.0, -80.5
269.0, -81.5
268.0, -82.5
268.0, -83.5
267.0, -84.5
266.0, -85.5
265.0, -85.5
264.0, -86.5
265.0, -87.5
266.0, -87.5
267.0, -87.5
268.0, -87.5
269.0, -87.5
270.0, -87.5
271.0, -87.5
272.0, -88.5
272.0, -89.5
272.0, -90.5
271.0, -91.5
270.0, -91.5
269.0, -91.5
268.0, -91.5
267.0, -91.5
266.0, -91.5
265.0, -91.5
264.0, -91.5
263.0, -91.5
262.0, -91.5
261.0, -91.5
260.0, -91.5
259.0, -91.5
258.0, -91.5
257.0, -91.5
256.0, -91.5
255.0, -90.5
255.0, -89.5
255.0, -88.5
256.0, -87.5
257.0, -87.5
258.0, -86.5
259.0, -85.5
259.0, -84.5
260.0, -83.5
261.0, -82.5
262.0, -82.5
263.0, -81.5

CONTORNO 8
TIPO: HUECO
PROFUNDIDAD: 1
PUNTOS: 190

-265.0, -66.5
-264.0, -65.5
-263.0, -66.5
-262.0, -66.5
-261.0, -67.5
-260.0, -68.5
-260.0, -69.5
-259.0, -70.5
-258.0, -71.5
-259.0, -72.5
-260.0, -72.5
-261.0, -73.5
-261.0, -74.5
-261.0, -75.5
-261.0, -76.5
-261.0, -77.5
-261.0, -78.5
-261.0, -79.5
-261.0, -80.5
-261.0, -81.5
-261.0, -82.5
-261.0, -83.5
-261.0, -84.5
-261.0, -85.5
-261.0, -86.5
-261.0, -87.5
-262.0, -88.5
-263.0, -88.5
-264.0, -89.5
-264.0, -90.5
-264.0, -91.5
-264.0, -92.5
-264.0, -93.5
-264.0, -94.5
-264.0, -95.5
-265.0, -96.5
-266.0, -96.5
-267.0, -96.5
-268.0, -95.5
-268.0, -94.5
-268.0, -93.5
-268.0, -92.5
-268.0, -91.5
-268.0, -90.5
-268.0, -89.5
-268.0, -88.5
-267.0, -87.5
-266.0, -87.5
-265.0, -86.5
-265.0, -85.5
-265.0, -84.5
-266.0, -83.5
-267.0, -83.5
-268.0, -83.5
-269.0, -83.5
-270.0, -83.5
-271.0, -83.5
-272.0, -84.5
-272.0, -85.5
-272.0, -86.5
-272.0, -87.5
-273.0, -88.5
-274.0, -88.5
-275.0, -88.5
-276.0, -88.5
-277.0, -88.5
-278.0, -88.5
-279.0, -88.5
-280.0, -88.5
-281.0, -88.5
-282.0, -88.5
-283.0, -88.5
-284.0, -88.5
-285.0, -89.5
-285.0, -90.5
-285.0, -91.5
-285.0, -92.5
-285.0, -93.5
-285.0, -94.5
-285.0, -95.5
-286.0, -96.5
-287.0, -96.5
-288.0, -96.5
-289.0, -95.5
-289.0, -94.5
-289.0, -93.5
-289.0, -92.5
-290.0, -91.5
-291.0, -91.5
-292.0, -91.5
-293.0, -91.5
-294.0, -91.5
-295.0, -91.5
-296.0, -92.5
-296.0, -93.5
-296.0, -94.5
-296.0, -95.5
-296.0, -96.5
-296.0, -97.5
-296.0, -98.5
-297.0, -99.5
-298.0, -99.5
-299.0, -99.5
-300.0, -99.5
-301.0, -99.5
-302.0, -99.5
-303.0, -99.5
-304.0, -99.5
-305.0, -98.5
-305.0, -97.5
-306.0, -96.5
-307.0, -96.5
-308.0, -95.5
-308.0, -94.5
-308.0, -93.5
-308.0, -92.5
-308.0, -91.5
-308.0, -90.5
-308.0, -89.5
-309.0, -88.5
-310.0, -88.5
-311.0, -87.5
-310.0, -86.5
-309.0, -85.5
-309.0, -84.5
-308.0, -83.5
-307.0, -82.5
-306.0, -82.5
-305.0, -81.5
-304.0, -82.5
-304.0, -83.5
-304.0, -84.5
-304.0, -85.5
-304.0, -86.5
-303.0, -87.5
-302.0, -87.5
-301.0, -87.5
-300.0, -87.5
-299.0, -87.5
-298.0, -87.5
-297.0, -86.5
-297.0, -85.5
-297.0, -84.5
-297.0, -83.5
-297.0, -82.5
-297.0, -81.5
-297.0, -80.5
-296.0, -79.5
-295.0, -79.5
-294.0, -79.5
-293.0, -79.5
-292.0, -79.5
-291.0, -79.5
-290.0, -79.5
-289.0, -78.5
-289.0, -77.5
-288.0, -76.5
-287.0, -76.5
-286.0, -76.5
-285.0, -76.5
-284.0, -76.5
-283.0, -76.5
-282.0, -76.5
-281.0, -76.5
-280.0, -77.5
-280.0, -78.5
-279.0, -79.5
-278.0, -79.5
-277.0, -79.5
-276.0, -78.5
-276.0, -77.5
-276.0, -76.5
-276.0, -75.5
-276.0, -74.5
-276.0, -73.5
-276.0, -72.5
-275.0, -71.5
-274.0, -71.5
-273.0, -71.5
-272.0, -71.5
-271.0, -71.5
-270.0, -71.5
-269.0, -71.5
-268.0, -71.5
-267.0, -71.5
-266.0, -71.5
-265.0, -70.5
-265.0, -69.5
-265.0, -68.5
-265.0, -67.5

CONTORNO 9
TIPO: HUECO
PROFUNDIDAD: 1
PUNTOS: 179

-321.0, -61.5
-320.0, -60.5
-319.0, -60.5
-318.0, -60.5
-317.0, -60.5
-316.0, -60.5
-315.0, -60.5
-314.0, -60.5
-313.0, -60.5
-312.0, -61.5
-312.0, -62.5
-312.0, -63.5
-313.0, -64.5
-314.0, -64.5
-315.0, -64.5
-316.0, -64.5
-317.0, -64.5
-318.0, -64.5
-319.0, -64.5
-320.0, -65.5
-320.0, -66.5
-320.0, -67.5
-320.0, -68.5
-320.0, -69.5
-320.0, -70.5
-320.0, -71.5
-321.0, -72.5
-322.0, -72.5
-323.0, -72.5
-324.0, -72.5
-325.0, -72.5
-326.0, -72.5
-327.0, -72.5
-328.0, -73.5
-328.0, -74.5
-328.0, -75.5
-327.0, -76.5
-326.0, -76.5
-325.0, -76.5
-324.0, -76.5
-323.0, -76.5
-322.0, -76.5
-321.0, -76.5
-320.0, -77.5
-320.0, -78.5
-320.0, -79.5
-320.0, -80.5
-320.0, -81.5
-320.0, -82.5
-321.0, -83.5
-322.0, -83.5
-323.0, -83.5
-324.0, -83.5
-325.0, -83.5
-326.0, -83.5
-327.0, -83.5
-328.0, -83.5
-329.0, -82.5
-329.0, -81.5
-330.0, -80.5
-331.0, -80.5
-332.0, -80.5
-333.0, -80.5
-334.0, -80.5
-335.0, -79.5
-336.0, -80.5
-336.0, -81.5
-336.0, -82.5
-336.0, -83.5
-336.0, -84.5
-336.0, -85.5
-337.0, -86.5
-338.0, -86.5
-339.0, -87.5
-338.0, -88.5
-339.0, -89.5
-340.0, -90.5
-340.0, -91.5
-341.0, -92.5
-342.0, -93.5
-343.0, -93.5
-344.0, -94.5
-345.0, -93.5
-345.0, -92.5
-346.0, -91.5
-347.0, -91.5
-348.0, -91.5
-349.0, -91.5
-350.0, -91.5
-351.0, -91.5
-352.0, -91.5
-353.0, -91.5
-354.0, -91.5
-355.0, -91.5
-356.0, -91.5
-357.0, -91.5
-358.0, -91.5
-359.0, -91.5
-360.0, -91.5
-361.0, -90.5
-361.0, -89.5
-361.0, -88.5
-361.0, -87.5
-361.0, -86.5
-361.0, -85.5
-361.0, -84.5
-361.0, -83.5
-361.0, -82.5
-361.0, -81.5
-361.0, -80.5
-361.0, -79.5
-361.0, -78.5
-361.0, -77.5
-361.0, -76.5
-361.0, -75.5
-361.0, -74.5
-361.0, -73.5
-361.0, -72.5
-360.0, -71.5
-359.0, -71.5
-358.0, -71.5
-357.0, -71.5
-356.0, -71.5
-355.0, -71.5
-354.0, -72.5
-354.0, -73.5
-354.0, -74.5
-354.0, -75.5
-354.0, -76.5
-354.0, -77.5
-354.0, -78.5
-353.0, -79.5
-352.0, -79.5
-351.0, -79.5
-350.0, -79.5
-349.0, -79.5
-348.0, -78.5
-348.0, -77.5
-348.0, -76.5
-348.0, -75.5
-348.0, -74.5
-348.0, -73.5
-348.0, -72.5
-347.0, -71.5
-346.0, -71.5
-345.0, -70.5
-345.0, -69.5
-345.0, -68.5
-345.0, -67.5
-345.0, -66.5
-344.0, -65.5
-343.0, -66.5
-342.0, -66.5
-341.0, -67.5
-340.0, -68.5
-340.0, -69.5
-339.0, -70.5
-338.0, -71.5
-337.0, -70.5
-337.0, -69.5
-336.0, -68.5
-335.0, -68.5
-334.0, -68.5
-333.0, -68.5
-332.0, -68.5
-331.0, -68.5
-330.0, -68.5
-329.0, -67.5
-329.0, -66.5
-329.0, -65.5
-329.0, -64.5
-328.0, -63.5
-327.0, -63.5
-326.0, -63.5
-325.0, -63.5
-324.0, -63.5
-323.0, -63.5
-322.0, -63.5
-321.0, -62.5

CONTORNO 10
TIPO: HUECO
PROFUNDIDAD: 1
PUNTOS: 81

262.0, -59.5
263.0, -58.5
264.0, -59.5
264.0, -60.5
264.0, -61.5
264.0, -62.5
265.0, -63.5
266.0, -63.5
267.0, -63.5
268.0, -63.5
269.0, -63.5
270.0, -63.5
271.0, -63.5
272.0, -64.5
272.0, -65.5
272.0, -66.5
271.0, -67.5
270.0, -67.5
269.0, -67.5
268.0, -67.5
267.0, -67.5
266.0, -67.5
265.0, -67.5
264.0, -68.5
264.0, -69.5
264.0, -70.5
265.0, -71.5
266.0, -71.5
267.0, -71.5
268.0, -71.5
269.0, -71.5
270.0, -71.5
271.0, -71.5
272.0, -71.5
273.0, -71.5
274.0, -71.5
275.0, -72.5
275.0, -73.5
275.0, -74.5
275.0, -75.5
275.0, -76.5
275.0, -77.5
275.0, -78.5
275.0, -79.5
274.0, -80.5
273.0, -80.5
272.0, -80.5
271.0, -79.5
271.0, -78.5
271.0, -77.5
271.0, -76.5
270.0, -75.5
269.0, -75.5
268.0, -75.5
267.0, -75.5
266.0, -75.5
265.0, -75.5
264.0, -76.5
264.0, -77.5
263.0, -78.5
262.0, -77.5
261.0, -77.5
260.0, -76.5
259.0, -75.5
259.0, -74.5
258.0, -73.5
257.0, -72.5
257.0, -71.5
258.0, -70.5
259.0, -69.5
259.0, -68.5
260.0, -67.5
261.0, -66.5
262.0, -66.5
263.0, -65.5
262.0, -64.5
261.0, -64.5
260.0, -63.5
261.0, -62.5
261.0, -61.5
261.0, -60.5

CONTORNO 11
TIPO: HUECO
PROFUNDIDAD: 1
PUNTOS: 90

292.0, -32.5
293.0, -31.5
294.0, -31.5
295.0, -31.5
296.0, -32.5
296.0, -33.5
296.0, -34.5
296.0, -35.5
296.0, -36.5
296.0, -37.5
296.0, -38.5
296.0, -39.5
297.0, -40.5
298.0, -39.5
299.0, -39.5
300.0, -39.5
301.0, -39.5
302.0, -39.5
303.0, -38.5
303.0, -37.5
303.0, -36.5
303.0, -35.5
303.0, -34.5
303.0, -33.5
303.0, -32.5
304.0, -31.5
305.0, -31.5
306.0, -31.5
307.0, -32.5
307.0, -33.5
307.0, -34.5
307.0, -35.5
307.0, -36.5
307.0, -37.5
307.0, -38.5
308.0, -39.5
309.0, -39.5
310.0, -40.5
310.0, -41.5
310.0, -42.5
310.0, -43.5
310.0, -44.5
310.0, -45.5
310.0, -46.5
310.0, -47.5
309.0, -48.5
308.0, -48.5
307.0, -48.5
306.0, -48.5
305.0, -48.5
304.0, -49.5
304.0, -50.5
303.0, -51.5
302.0, -51.5
301.0, -51.5
300.0, -51.5
299.0, -51.5
298.0, -51.5
297.0, -51.5
296.0, -51.5
295.0, -50.5
295.0, -49.5
295.0, -48.5
296.0, -47.5
297.0, -46.5
297.0, -45.5
297.0, -44.5
297.0, -43.5
296.0, -42.5
295.0, -43.5
294.0, -43.5
293.0, -43.5
292.0, -43.5
291.0, -43.5
290.0, -43.5
289.0, -43.5
288.0, -43.5
287.0, -42.5
287.0, -41.5
287.0, -40.5
288.0, -39.5
289.0, -39.5
290.0, -39.5
291.0, -39.5
292.0, -38.5
292.0, -37.5
292.0, -36.5
292.0, -35.5
292.0, -34.5
292.0, -33.5

CONTORNO 12
TIPO: HUECO
PROFUNDIDAD: 1
PUNTOS: 62

276.0, -32.5
277.0, -31.5
278.0, -31.5
279.0, -31.5
280.0, -32.5
280.0, -33.5
280.0, -34.5
280.0, -35.5
280.0, -36.5
280.0, -37.5
280.0, -38.5
280.0, -39.5
280.0, -40.5
280.0, -41.5
280.0, -42.5
280.0, -43.5
280.0, -44.5
280.0, -45.5
280.0, -46.5
280.0, -47.5
279.0, -48.5
278.0, -48.5
277.0, -48.5
276.0, -48.5
275.0, -48.5
274.0, -48.5
273.0, -48.5
272.0, -48.5
271.0, -48.5
270.0, -48.5
269.0, -48.5
268.0, -47.5
268.0, -46.5
268.0, -45.5
268.0, -44.5
268.0, -43.5
268.0, -42.5
268.0, -41.5
267.0, -40.5
266.0, -40.5
265.0, -39.5
266.0, -38.5
267.0, -37.5
267.0, -36.5
268.0, -35.5
269.0, -34.5
270.0, -34.5
271.0, -33.5
272.0, -34.5
272.0, -35.5
272.0, -36.5
272.0, -37.5
272.0, -38.5
273.0, -39.5
274.0, -39.5
275.0, -39.5
276.0, -38.5
276.0, -37.5
276.0, -36.5
276.0, -35.5
276.0, -34.5
276.0, -33.5

CONTORNO 13
TIPO: HUECO
PROFUNDIDAD: 1
PUNTOS: 116

-353.0, -32.5
-352.0, -31.5
-351.0, -31.5
-350.0, -31.5
-349.0, -31.5
-348.0, -31.5
-347.0, -31.5
-346.0, -31.5
-345.0, -31.5
-344.0, -31.5
-343.0, -31.5
-342.0, -31.5
-341.0, -31.5
-340.0, -31.5
-339.0, -31.5
-338.0, -31.5
-337.0, -31.5
-336.0, -32.5
-336.0, -33.5
-336.0, -34.5
-336.0, -35.5
-336.0, -36.5
-336.0, -37.5
-336.0, -38.5
-335.0, -39.5
-334.0, -39.5
-333.0, -39.5
-332.0, -39.5
-331.0, -39.5
-330.0, -40.5
-331.0, -41.5
-332.0, -42.5
-332.0, -43.5
-333.0, -44.5
-334.0, -45.5
-335.0, -45.5
-336.0, -46.5
-337.0, -45.5
-338.0, -44.5
-339.0, -44.5
-340.0, -45.5
-340.0, -46.5
-339.0, -47.5
-338.0, -47.5
-337.0, -47.5
-336.0, -48.5
-336.0, -49.5
-336.0, -50.5
-337.0, -51.5
-338.0, -51.5
-339.0, -51.5
-340.0, -51.5
-341.0, -51.5
-342.0, -51.5
-343.0, -51.5
-344.0, -51.5
-345.0, -50.5
-345.0, -49.5
-345.0, -48.5
-346.0, -47.5
-347.0, -48.5
-348.0, -48.5
-349.0, -48.5
-350.0, -48.5
-351.0, -48.5
-352.0, -48.5
-353.0, -47.5
-354.0, -47.5
-355.0, -48.5
-356.0, -48.5
-357.0, -48.5
-358.0, -48.5
-359.0, -48.5
-360.0, -48.5
-361.0, -47.5
-361.0, -46.5
-361.0, -45.5
-361.0, -44.5
-361.0, -43.5
-361.0, -42.5
-361.0, -41.5
-361.0, -40.5
-360.0, -39.5
-359.0, -39.5
-358.0, -39.5
-357.0, -39.5
-356.0, -39.5
-355.0, -39.5
-354.0, -40.5
-353.0, -40.5
-352.0, -39.5
-351.0, -39.5
-350.0, -39.5
-349.0, -39.5
-348.0, -39.5
-347.0, -39.5
-346.0, -40.5
-345.0, -40.5
-344.0, -39.5
-343.0, -39.5
-342.0, -39.5
-341.0, -38.5
-341.0, -37.5
-342.0, -36.5
-343.0, -36.5
-344.0, -35.5
-345.0, -35.5
-346.0, -35.5
-347.0, -35.5
-348.0, -35.5
-349.0, -35.5
-350.0, -35.5
-351.0, -35.5
-352.0, -35.5
-353.0, -34.5
-353.0, -33.5

CONTORNO 14
TIPO: HUECO
PROFUNDIDAD: 1
PUNTOS: 467

444.0, -24.5
445.0, -23.5
446.0, -23.5
447.0, -23.5
448.0, -23.5
449.0, -23.5
450.0, -23.5
451.0, -23.5
452.0, -23.5
453.0, -23.5
454.0, -23.5
455.0, -23.5
456.0, -24.5
456.0, -25.5
456.0, -26.5
455.0, -27.5
454.0, -27.5
453.0, -27.5
452.0, -27.5
451.0, -27.5
450.0, -27.5
449.0, -27.5
448.0, -28.5
448.0, -29.5
448.0, -30.5
449.0, -31.5
450.0, -31.5
451.0, -32.5
451.0, -33.5
451.0, -34.5
451.0, -35.5
451.0, -36.5
451.0, -37.5
451.0, -38.5
452.0, -39.5
453.0, -39.5
454.0, -40.5
454.0, -41.5
454.0, -42.5
454.0, -43.5
454.0, -44.5
455.0, -45.5
456.0, -44.5
457.0, -44.5
458.0, -44.5
459.0, -44.5
460.0, -44.5
461.0, -44.5
462.0, -44.5
463.0, -44.5
464.0, -45.5
464.0, -46.5
464.0, -47.5
464.0, -48.5
464.0, -49.5
464.0, -50.5
464.0, -51.5
464.0, -52.5
464.0, -53.5
464.0, -54.5
464.0, -55.5
464.0, -56.5
465.0, -57.5
466.0, -57.5
467.0, -57.5
468.0, -57.5
469.0, -57.5
470.0, -57.5
471.0, -56.5
471.0, -55.5
471.0, -54.5
471.0, -53.5
471.0, -52.5
471.0, -51.5
471.0, -50.5
471.0, -49.5
471.0, -48.5
471.0, -47.5
471.0, -46.5
471.0, -45.5
471.0, -44.5
471.0, -43.5
471.0, -42.5
471.0, -41.5
471.0, -40.5
472.0, -39.5
473.0, -39.5
474.0, -39.5
475.0, -39.5
476.0, -39.5
477.0, -39.5
478.0, -39.5
479.0, -39.5
480.0, -39.5
481.0, -39.5
482.0, -39.5
483.0, -39.5
484.0, -38.5
484.0, -37.5
484.0, -36.5
484.0, -35.5
484.0, -34.5
484.0, -33.5
483.0, -32.5
482.0, -32.5
481.0, -32.5
480.0, -32.5
479.0, -31.5
479.0, -30.5
479.0, -29.5
480.0, -28.5
481.0, -28.5
482.0, -28.5
483.0, -28.5
484.0, -28.5
485.0, -28.5
486.0, -28.5
487.0, -28.5
488.0, -29.5
488.0, -30.5
488.0, -31.5
488.0, -32.5
488.0, -33.5
488.0, -34.5
488.0, -35.5
488.0, -36.5
488.0, -37.5
488.0, -38.5
488.0, -39.5
488.0, -40.5
489.0, -41.5
490.0, -41.5
491.0, -41.5
492.0, -41.5
493.0, -41.5
494.0, -41.5
495.0, -41.5
496.0, -42.5
496.0, -43.5
496.0, -44.5
496.0, -45.5
496.0, -46.5
496.0, -47.5
495.0, -48.5
494.0, -48.5
493.0, -48.5
492.0, -48.5
491.0, -48.5
490.0, -48.5
489.0, -48.5
488.0, -49.5
488.0, -50.5
488.0, -51.5
489.0, -52.5
490.0, -52.5
491.0, -52.5
492.0, -52.5
493.0, -52.5
494.0, -52.5
495.0, -52.5
496.0, -52.5
497.0, -52.5
498.0, -52.5
499.0, -52.5
500.0, -52.5
501.0, -52.5
502.0, -52.5
503.0, -52.5
504.0, -53.5
504.0, -54.5
505.0, -55.5
506.0, -55.5
507.0, -56.5
506.0, -57.5
505.0, -58.5
504.0, -59.5
503.0, -58.5
503.0, -57.5
502.0, -56.5
501.0, -57.5
500.0, -58.5
500.0, -59.5
499.0, -60.5
498.0, -61.5
497.0, -61.5
496.0, -62.5
496.0, -63.5
496.0, -64.5
496.0, -65.5
496.0, -66.5
496.0, -67.5
496.0, -68.5
496.0, -69.5
496.0, -70.5
496.0, -71.5
496.0, -72.5
496.0, -73.5
497.0, -74.5
498.0, -74.5
499.0, -75.5
500.0, -76.5
500.0, -77.5
501.0, -78.5
502.0, -79.5
502.0, -80.5
501.0, -81.5
500.0, -82.5
500.0, -83.5
499.0, -84.5
498.0, -85.5
497.0, -85.5
496.0, -86.5
497.0, -87.5
498.0, -87.5
499.0, -88.5
499.0, -89.5
499.0, -90.5
499.0, -91.5
499.0, -92.5
499.0, -93.5
499.0, -94.5
499.0, -95.5
498.0, -96.5
497.0, -96.5
496.0, -96.5
495.0, -96.5
494.0, -96.5
493.0, -96.5
492.0, -96.5
491.0, -96.5
490.0, -96.5
489.0, -96.5
488.0, -96.5
487.0, -95.5
487.0, -94.5
486.0, -93.5
485.0, -93.5
484.0, -92.5
483.0, -91.5
483.0, -90.5
482.0, -89.5
481.0, -88.5
480.0, -89.5
480.0, -90.5
479.0, -91.5
478.0, -91.5
477.0, -91.5
476.0, -91.5
475.0, -91.5
474.0, -91.5
473.0, -91.5
472.0, -91.5
471.0, -90.5
471.0, -89.5
471.0, -88.5
472.0, -87.5
473.0, -87.5
474.0, -87.5
475.0, -87.5
476.0, -87.5
477.0, -87.5
478.0, -87.5
479.0, -86.5
479.0, -85.5
479.0, -84.5
478.0, -83.5
477.0, -83.5
476.0, -83.5
475.0, -83.5
474.0, -83.5
473.0, -83.5
472.0, -83.5
471.0, -82.5
471.0, -81.5
470.0, -80.5
469.0, -80.5
468.0, -80.5
467.0, -80.5
466.0, -80.5
465.0, -80.5
464.0, -80.5
463.0, -79.5
463.0, -78.5
463.0, -77.5
463.0, -76.5
463.0, -75.5
463.0, -74.5
463.0, -73.5
463.0, -72.5
463.0, -71.5
463.0, -70.5
463.0, -69.5
463.0, -68.5
463.0, -67.5
463.0, -66.5
463.0, -65.5
463.0, -64.5
463.0, -63.5
463.0, -62.5
462.0, -61.5
461.0, -61.5
460.0, -60.5
459.0, -59.5
459.0, -58.5
458.0, -57.5
457.0, -56.5
456.0, -56.5
455.0, -56.5
454.0, -56.5
453.0, -56.5
452.0, -55.5
452.0, -54.5
452.0, -53.5
452.0, -52.5
452.0, -51.5
452.0, -50.5
452.0, -49.5
451.0, -48.5
450.0, -48.5
449.0, -48.5
448.0, -49.5
448.0, -50.5
448.0, -51.5
448.0, -52.5
448.0, -53.5
448.0, -54.5
448.0, -55.5
447.0, -56.5
446.0, -56.5
445.0, -56.5
444.0, -55.5
443.0, -54.5
443.0, -53.5
442.0, -52.5
441.0, -52.5
440.0, -53.5
439.0, -54.5
439.0, -55.5
440.0, -56.5
440.0, -57.5
440.0, -58.5
440.0, -59.5
440.0, -60.5
440.0, -61.5
440.0, -62.5
440.0, -63.5
439.0, -64.5
438.0, -64.5
437.0, -64.5
436.0, -63.5
436.0, -62.5
436.0, -61.5
436.0, -60.5
436.0, -59.5
436.0, -58.5
436.0, -57.5
436.0, -56.5
437.0, -55.5
436.0, -54.5
435.0, -54.5
434.0, -54.5
433.0, -54.5
432.0, -55.5
431.0, -56.5
430.0, -56.5
429.0, -56.5
428.0, -56.5
427.0, -57.5
427.0, -58.5
427.0, -59.5
427.0, -60.5
427.0, -61.5
427.0, -62.5
428.0, -63.5
429.0, -63.5
430.0, -63.5
431.0, -63.5
432.0, -64.5
432.0, -65.5
432.0, -66.5
431.0, -67.5
430.0, -67.5
429.0, -67.5
428.0, -67.5
427.0, -67.5
426.0, -67.5
425.0, -67.5
424.0, -67.5
423.0, -66.5
423.0, -65.5
423.0, -64.5
423.0, -63.5
423.0, -62.5
423.0, -61.5
423.0, -60.5
423.0, -59.5
423.0, -58.5
423.0, -57.5
422.0, -56.5
421.0, -56.5
420.0, -55.5
420.0, -54.5
420.0, -53.5
420.0, -52.5
420.0, -51.5
420.0, -50.5
420.0, -49.5
420.0, -48.5
421.0, -47.5
422.0, -47.5
423.0, -46.5
423.0, -45.5
423.0, -44.5
423.0, -43.5
423.0, -42.5
424.0, -41.5
424.0, -40.5
423.0, -39.5
423.0, -38.5
423.0, -37.5
423.0, -36.5
423.0, -35.5
423.0, -34.5
423.0, -33.5
423.0, -32.5
424.0, -31.5
425.0, -31.5
426.0, -31.5
427.0, -32.5
427.0, -33.5
427.0, -34.5
427.0, -35.5
427.0, -36.5
427.0, -37.5
427.0, -38.5
427.0, -39.5
426.0, -40.5
427.0, -41.5
428.0, -41.5
429.0, -41.5
430.0, -41.5
431.0, -40.5
432.0, -39.5
433.0, -39.5
434.0, -39.5
435.0, -39.5
436.0, -39.5
437.0, -39.5
438.0, -39.5
439.0, -38.5
439.0, -37.5
439.0, -36.5
439.0, -35.5
439.0, -34.5
440.0, -33.5
441.0, -33.5
442.0, -33.5
443.0, -33.5
444.0, -33.5
445.0, -32.5
444.0, -31.5
444.0, -30.5
444.0, -29.5
444.0, -28.5
444.0, -27.5
444.0, -26.5
444.0, -25.5

CONTORNO 15
TIPO: HUECO
PROFUNDIDAD: 1
PUNTOS: 246

-297.0, -24.5
-296.0, -23.5
-295.0, -23.5
-294.0, -23.5
-293.0, -23.5
-292.0, -23.5
-291.0, -23.5
-290.0, -23.5
-289.0, -23.5
-288.0, -24.5
-288.0, -25.5
-288.0, -26.5
-288.0, -27.5
-288.0, -28.5
-288.0, -29.5
-288.0, -30.5
-287.0, -31.5
-286.0, -31.5
-285.0, -31.5
-284.0, -31.5
-283.0, -31.5
-282.0, -31.5
-281.0, -30.5
-281.0, -29.5
-280.0, -28.5
-279.0, -28.5
-278.0, -28.5
-277.0, -28.5
-276.0, -28.5
-275.0, -28.5
-274.0, -28.5
-273.0, -27.5
-273.0, -26.5
-273.0, -25.5
-273.0, -24.5
-272.0, -23.5
-271.0, -23.5
-270.0, -24.5
-270.0, -25.5
-270.0, -26.5
-270.0, -27.5
-270.0, -28.5
-270.0, -29.5
-270.0, -30.5
-270.0, -31.5
-270.0, -32.5
-270.0, -33.5
-269.0, -34.5
-269.0, -35.5
-268.0, -36.5
-268.0, -37.5
-267.0, -38.5
-267.0, -39.5
-268.0, -40.5
-269.0, -40.5
-270.0, -40.5
-271.0, -40.5
-272.0, -41.5
-271.0, -42.5
-270.0, -42.5
-269.0, -43.5
-268.0, -44.5
-268.0, -45.5
-267.0, -46.5
-266.0, -47.5
-266.0, -48.5
-267.0, -49.5
-268.0, -50.5
-268.0, -51.5
-269.0, -52.5
-270.0, -53.5
-271.0, -53.5
-272.0, -54.5
-272.0, -55.5
-272.0, -56.5
-272.0, -57.5
-272.0, -58.5
-272.0, -59.5
-272.0, -60.5
-272.0, -61.5
-272.0, -62.5
-272.0, -63.5
-273.0, -64.5
-274.0, -64.5
-275.0, -64.5
-276.0, -63.5
-276.0, -62.5
-276.0, -61.5
-276.0, -60.5
-276.0, -59.5
-276.0, -58.5
-276.0, -57.5
-277.0, -56.5
-278.0, -56.5
-279.0, -56.5
-280.0, -56.5
-281.0, -55.5
-281.0, -54.5
-281.0, -53.5
-281.0, -52.5
-281.0, -51.5
-281.0, -50.5
-281.0, -49.5
-282.0, -48.5
-283.0, -48.5
-284.0, -47.5
-285.0, -46.5
-285.0, -45.5
-286.0, -44.5
-287.0, -44.5
-288.0, -45.5
-288.0, -46.5
-288.0, -47.5
-289.0, -48.5
-290.0, -48.5
-291.0, -48.5
-292.0, -48.5
-293.0, -48.5
-294.0, -48.5
-295.0, -48.5
-296.0, -49.5
-296.0, -50.5
-296.0, -51.5
-296.0, -52.5
-296.0, -53.5
-296.0, -54.5
-296.0, -55.5
-297.0, -56.5
-298.0, -56.5
-299.0, -56.5
-300.0, -55.5
-300.0, -54.5
-300.0, -53.5
-300.0, -52.5
-300.0, -51.5
-300.0, -50.5
-300.0, -49.5
-301.0, -48.5
-302.0, -48.5
-303.0, -48.5
-304.0, -49.5
-304.0, -50.5
-305.0, -51.5
-306.0, -51.5
-307.0, -51.5
-308.0, -51.5
-309.0, -51.5
-310.0, -51.5
-311.0, -51.5
-312.0, -51.5
-313.0, -50.5
-313.0, -49.5
-313.0, -48.5
-312.0, -47.5
-311.0, -47.5
-310.0, -47.5
-309.0, -47.5
-308.0, -47.5
-307.0, -47.5
-306.0, -47.5
-305.0, -46.5
-305.0, -45.5
-304.0, -44.5
-303.0, -44.5
-302.0, -44.5
-301.0, -44.5
-300.0, -44.5
-299.0, -44.5
-298.0, -44.5
-297.0, -43.5
-297.0, -42.5
-296.0, -41.5
-295.0, -41.5
-294.0, -41.5
-293.0, -41.5
-292.0, -41.5
-291.0, -41.5
-290.0, -41.5
-289.0, -40.5
-288.0, -39.5
-287.0, -39.5
-286.0, -39.5
-285.0, -39.5
-284.0, -39.5
-283.0, -39.5
-282.0, -39.5
-281.0, -39.5
-280.0, -39.5
-279.0, -39.5
-278.0, -39.5
-277.0, -39.5
-276.0, -39.5
-275.0, -39.5
-274.0, -39.5
-273.0, -38.5
-273.0, -37.5
-273.0, -36.5
-273.0, -35.5
-273.0, -34.5
-273.0, -33.5
-274.0, -32.5
-275.0, -32.5
-276.0, -32.5
-277.0, -32.5
-278.0, -32.5
-279.0, -32.5
-280.0, -33.5
-280.0, -34.5
-281.0, -35.5
-282.0, -35.5
-283.0, -35.5
-284.0, -35.5
-285.0, -35.5
-286.0, -35.5
-287.0, -35.5
-288.0, -35.5
-289.0, -35.5
-290.0, -35.5
-291.0, -35.5
-292.0, -35.5
-293.0, -35.5
-294.0, -35.5
-295.0, -35.5
-296.0, -36.5
-296.0, -37.5
-296.0, -38.5
-296.0, -39.5
-297.0, -40.5
-298.0, -40.5
-299.0, -40.5
-300.0, -39.5
-300.0, -38.5
-300.0, -37.5
-300.0, -36.5
-300.0, -35.5
-300.0, -34.5
-300.0, -33.5
-300.0, -32.5
-299.0, -31.5
-298.0, -31.5
-297.0, -30.5
-297.0, -29.5
-297.0, -28.5
-297.0, -27.5
-297.0, -26.5
-297.0, -25.5

CONTORNO 16
TIPO: HUECO
PROFUNDIDAD: 1
PUNTOS: 50

-409.0, -24.5
-408.0, -23.5
-407.0, -23.5
-406.0, -23.5
-405.0, -23.5
-404.0, -23.5
-403.0, -23.5
-402.0, -23.5
-401.0, -23.5
-400.0, -24.5
-400.0, -25.5
-400.0, -26.5
-400.0, -27.5
-400.0, -28.5
-400.0, -29.5
-400.0, -30.5
-400.0, -31.5
-401.0, -32.5
-402.0, -32.5
-403.0, -32.5
-404.0, -32.5
-405.0, -32.5
-406.0, -32.5
-407.0, -32.5
-408.0, -33.5
-408.0, -34.5
-408.0, -35.5
-408.0, -36.5
-408.0, -37.5
-408.0, -38.5
-408.0, -39.5
-409.0, -40.5
-410.0, -40.5
-411.0, -40.5
-412.0, -39.5
-412.0, -38.5
-412.0, -37.5
-412.0, -36.5
-412.0, -35.5
-412.0, -34.5
-412.0, -33.5
-412.0, -32.5
-411.0, -31.5
-410.0, -31.5
-409.0, -30.5
-409.0, -29.5
-409.0, -28.5
-409.0, -27.5
-409.0, -26.5
-409.0, -25.5

CONTORNO 17
TIPO: HUECO
PROFUNDIDAD: 1
PUNTOS: 279

388.0, -16.5
389.0, -15.5
390.0, -15.5
391.0, -15.5
392.0, -16.5
392.0, -17.5
392.0, -18.5
392.0, -19.5
392.0, -20.5
392.0, -21.5
392.0, -22.5
392.0, -23.5
392.0, -24.5
392.0, -25.5
392.0, -26.5
392.0, -27.5
392.0, -28.5
392.0, -29.5
392.0, -30.5
393.0, -31.5
394.0, -31.5
395.0, -31.5
396.0, -31.5
397.0, -31.5
398.0, -31.5
399.0, -31.5
400.0, -32.5
400.0, -33.5
400.0, -34.5
400.0, -35.5
400.0, -36.5
400.0, -37.5
400.0, -38.5
400.0, -39.5
399.0, -40.5
398.0, -40.5
397.0, -41.5
396.0, -42.5
396.0, -43.5
395.0, -44.5
394.0, -45.5
393.0, -45.5
392.0, -46.5
391.0, -45.5
391.0, -44.5
391.0, -43.5
391.0, -42.5
391.0, -41.5
390.0, -40.5
389.0, -40.5
388.0, -40.5
387.0, -40.5
386.0, -40.5
385.0, -40.5
384.0, -41.5
384.0, -42.5
384.0, -43.5
384.0, -44.5
384.0, -45.5
384.0, -46.5
384.0, -47.5
384.0, -48.5
384.0, -49.5
384.0, -50.5
383.0, -51.5
382.0, -51.5
381.0, -51.5
380.0, -51.5
379.0, -51.5
378.0, -51.5
377.0, -51.5
376.0, -52.5
376.0, -53.5
376.0, -54.5
377.0, -55.5
378.0, -55.5
379.0, -55.5
380.0, -55.5
381.0, -55.5
382.0, -55.5
383.0, -55.5
384.0, -56.5
384.0, -57.5
384.0, -58.5
384.0, -59.5
384.0, -60.5
384.0, -61.5
384.0, -62.5
384.0, -63.5
383.0, -64.5
382.0, -64.5
381.0, -64.5
380.0, -64.5
379.0, -64.5
378.0, -64.5
377.0, -64.5
376.0, -64.5
375.0, -64.5
374.0, -64.5
373.0, -64.5
372.0, -64.5
371.0, -64.5
370.0, -64.5
369.0, -64.5
368.0, -65.5
368.0, -66.5
368.0, -67.5
369.0, -68.5
370.0, -68.5
371.0, -68.5
372.0, -68.5
373.0, -68.5
374.0, -68.5
375.0, -68.5
376.0, -69.5
376.0, -70.5
376.0, -71.5
375.0, -72.5
374.0, -72.5
373.0, -72.5
372.0, -72.5
371.0, -72.5
370.0, -72.5
369.0, -72.5
368.0, -72.5
367.0, -71.5
367.0, -70.5
366.0, -69.5
365.0, -69.5
364.0, -68.5
363.0, -67.5
363.0, -66.5
362.0, -65.5
361.0, -64.5
360.0, -64.5
359.0, -63.5
358.0, -62.5
357.0, -62.5
356.0, -62.5
355.0, -62.5
354.0, -62.5
353.0, -62.5
352.0, -63.5
351.0, -64.5
350.0, -64.5
349.0, -64.5
348.0, -63.5
348.0, -62.5
348.0, -61.5
348.0, -60.5
348.0, -59.5
348.0, -58.5
348.0, -57.5
347.0, -56.5
346.0, -56.5
345.0, -56.5
344.0, -56.5
343.0, -56.5
342.0, -56.5
341.0, -56.5
340.0, -56.5
339.0, -56.5
338.0, -56.5
337.0, -56.5
336.0, -56.5
335.0, -56.5
334.0, -56.5
333.0, -56.5
332.0, -55.5
332.0, -54.5
332.0, -53.5
332.0, -52.5
332.0, -51.5
332.0, -50.5
332.0, -49.5
332.0, -48.5
332.0, -47.5
332.0, -46.5
332.0, -45.5
332.0, -44.5
332.0, -43.5
332.0, -42.5
332.0, -41.5
332.0, -40.5
333.0, -39.5
334.0, -39.5
335.0, -39.5
336.0, -40.5
336.0, -41.5
336.0, -42.5
336.0, -43.5
337.0, -44.5
338.0, -44.5
339.0, -44.5
340.0, -44.5
341.0, -44.5
342.0, -44.5
343.0, -44.5
344.0, -45.5
344.0, -46.5
345.0, -47.5
346.0, -47.5
347.0, -47.5
348.0, -47.5
349.0, -47.5
350.0, -47.5
351.0, -46.5
351.0, -45.5
352.0, -44.5
353.0, -44.5
354.0, -44.5
355.0, -44.5
356.0, -44.5
357.0, -44.5
358.0, -44.5
359.0, -44.5
360.0, -45.5
360.0, -46.5
361.0, -47.5
362.0, -47.5
363.0, -47.5
364.0, -47.5
365.0, -47.5
366.0, -47.5
367.0, -46.5
367.0, -45.5
367.0, -44.5
367.0, -43.5
367.0, -42.5
368.0, -41.5
369.0, -41.5
370.0, -41.5
371.0, -41.5
372.0, -41.5
373.0, -41.5
374.0, -41.5
375.0, -41.5
376.0, -42.5
377.0, -43.5
378.0, -43.5
379.0, -42.5
379.0, -41.5
378.0, -40.5
377.0, -39.5
378.0, -38.5
379.0, -37.5
379.0, -36.5
380.0, -35.5
381.0, -34.5
382.0, -34.5
383.0, -33.5
384.0, -34.5
384.0, -35.5
385.0, -36.5
386.0, -36.5
387.0, -36.5
388.0, -36.5
389.0, -36.5
390.0, -36.5
391.0, -35.5
391.0, -34.5
391.0, -33.5
390.0, -32.5
389.0, -32.5
388.0, -31.5
388.0, -30.5
388.0, -29.5
388.0, -28.5
388.0, -27.5
388.0, -26.5
388.0, -25.5
388.0, -24.5
388.0, -23.5
388.0, -22.5
388.0, -21.5
388.0, -20.5
388.0, -19.5
388.0, -18.5
388.0, -17.5

CONTORNO 18
TIPO: HUECO
PROFUNDIDAD: 1
PUNTOS: 78

270.0, -10.5
271.0, -9.5
272.0, -10.5
272.0, -11.5
272.0, -12.5
272.0, -13.5
272.0, -14.5
273.0, -15.5
274.0, -15.5
275.0, -15.5
276.0, -15.5
277.0, -15.5
278.0, -15.5
279.0, -15.5
280.0, -15.5
281.0, -15.5
282.0, -15.5
283.0, -15.5
284.0, -15.5
285.0, -15.5
286.0, -15.5
287.0, -15.5
288.0, -16.5
288.0, -17.5
288.0, -18.5
287.0, -19.5
286.0, -19.5
285.0, -19.5
284.0, -19.5
283.0, -19.5
282.0, -19.5
281.0, -19.5
280.0, -19.5
279.0, -19.5
278.0, -19.5
277.0, -19.5
276.0, -19.5
275.0, -19.5
274.0, -19.5
273.0, -19.5
272.0, -20.5
272.0, -21.5
272.0, -22.5
272.0, -23.5
272.0, -24.5
272.0, -25.5
272.0, -26.5
272.0, -27.5
272.0, -28.5
272.0, -29.5
272.0, -30.5
272.0, -31.5
271.0, -32.5
270.0, -32.5
269.0, -32.5
268.0, -31.5
268.0, -30.5
268.0, -29.5
268.0, -28.5
268.0, -27.5
268.0, -26.5
268.0, -25.5
268.0, -24.5
268.0, -23.5
268.0, -22.5
268.0, -21.5
268.0, -20.5
268.0, -19.5
268.0, -18.5
268.0, -17.5
267.0, -16.5
266.0, -16.5
265.0, -15.5
266.0, -14.5
267.0, -13.5
267.0, -12.5
268.0, -11.5
269.0, -10.5

CONTORNO 19
TIPO: HUECO
PROFUNDIDAD: 1
PUNTOS: 116

-393.0, -5.5
-392.0, -4.5
-391.0, -4.5
-390.0, -4.5
-389.0, -4.5
-388.0, -4.5
-387.0, -4.5
-386.0, -4.5
-385.0, -4.5
-384.0, -5.5
-384.0, -6.5
-384.0, -7.5
-384.0, -8.5
-384.0, -9.5
-384.0, -10.5
-384.0, -11.5
-383.0, -12.5
-382.0, -12.5
-381.0, -12.5
-380.0, -12.5
-379.0, -12.5
-378.0, -12.5
-377.0, -12.5
-376.0, -13.5
-376.0, -14.5
-376.0, -15.5
-376.0, -16.5
-376.0, -17.5
-376.0, -18.5
-377.0, -19.5
-378.0, -19.5
-379.0, -19.5
-380.0, -19.5
-381.0, -19.5
-382.0, -19.5
-383.0, -19.5
-384.0, -20.5
-384.0, -21.5
-384.0, -22.5
-383.0, -23.5
-382.0, -23.5
-381.0, -23.5
-380.0, -23.5
-379.0, -23.5
-378.0, -23.5
-377.0, -23.5
-376.0, -23.5
-375.0, -23.5
-374.0, -23.5
-373.0, -23.5
-372.0, -23.5
-371.0, -23.5
-370.0, -23.5
-369.0, -23.5
-368.0, -24.5
-368.0, -25.5
-368.0, -26.5
-369.0, -27.5
-370.0, -27.5
-371.0, -27.5
-372.0, -27.5
-373.0, -27.5
-374.0, -27.5
-375.0, -27.5
-376.0, -28.5
-376.0, -29.5
-376.0, -30.5
-376.0, -31.5
-377.0, -32.5
-378.0, -32.5
-379.0, -32.5
-380.0, -32.5
-381.0, -32.5
-382.0, -32.5
-383.0, -32.5
-384.0, -32.5
-385.0, -32.5
-386.0, -32.5
-387.0, -32.5
-388.0, -32.5
-389.0, -32.5
-390.0, -32.5
-391.0, -32.5
-392.0, -32.5
-393.0, -31.5
-393.0, -30.5
-393.0, -29.5
-393.0, -28.5
-393.0, -27.5
-393.0, -26.5
-393.0, -25.5
-393.0, -24.5
-392.0, -23.5
-391.0, -23.5
-390.0, -23.5
-389.0, -23.5
-388.0, -22.5
-388.0, -21.5
-388.0, -20.5
-388.0, -19.5
-388.0, -18.5
-388.0, -17.5
-388.0, -16.5
-388.0, -15.5
-388.0, -14.5
-388.0, -13.5
-388.0, -12.5
-388.0, -11.5
-388.0, -10.5
-388.0, -9.5
-389.0, -8.5
-390.0, -8.5
-391.0, -8.5
-392.0, -8.5
-393.0, -7.5
-393.0, -6.5

CONTORNO 20
TIPO: HUECO
PROFUNDIDAD: 1
PUNTOS: 127

345.0, -0.5
346.0, 0.5
347.0, 0.5
348.0, 0.5
349.0, 0.5
350.0, 0.5
351.0, 0.5
352.0, -0.5
353.0, -1.5
354.0, -1.5
355.0, -1.5
356.0, -1.5
357.0, -1.5
358.0, -1.5
359.0, -0.5
360.0, 0.5
361.0, 0.5
362.0, 0.5
363.0, 0.5
364.0, 0.5
365.0, 0.5
366.0, 0.5
367.0, 0.5
368.0, 0.5
369.0, 0.5
370.0, 0.5
371.0, -0.5
371.0, -1.5
371.0, -2.5
371.0, -3.5
371.0, -4.5
371.0, -5.5
371.0, -6.5
371.0, -7.5
370.0, -8.5
369.0, -8.5
368.0, -8.5
367.0, -8.5
366.0, -8.5
365.0, -8.5
364.0, -8.5
363.0, -8.5
362.0, -8.5
361.0, -8.5
360.0, -8.5
359.0, -8.5
358.0, -8.5
357.0, -8.5
356.0, -8.5
355.0, -8.5
354.0, -8.5
353.0, -8.5
352.0, -9.5
352.0, -10.5
352.0, -11.5
352.0, -12.5
352.0, -13.5
352.0, -14.5
353.0, -15.5
354.0, -15.5
355.0, -15.5
356.0, -15.5
357.0, -15.5
358.0, -15.5
359.0, -15.5
360.0, -15.5
361.0, -15.5
362.0, -15.5
363.0, -15.5
364.0, -15.5
365.0, -15.5
366.0, -15.5
367.0, -15.5
368.0, -16.5
368.0, -17.5
368.0, -18.5
367.0, -19.5
366.0, -19.5
365.0, -19.5
364.0, -19.5
363.0, -19.5
362.0, -19.5
361.0, -19.5
360.0, -20.5
360.0, -21.5
359.0, -22.5
358.0, -22.5
357.0, -22.5
356.0, -22.5
355.0, -22.5
354.0, -22.5
353.0, -22.5
352.0, -22.5
351.0, -21.5
351.0, -20.5
350.0, -19.5
349.0, -19.5
348.0, -19.5
347.0, -19.5
346.0, -19.5
345.0, -19.5
344.0, -19.5
343.0, -18.5
343.0, -17.5
343.0, -16.5
343.0, -15.5
343.0, -14.5
343.0, -13.5
343.0, -12.5
343.0, -11.5
343.0, -10.5
343.0, -9.5
343.0, -8.5
344.0, -7.5
345.0, -7.5
346.0, -7.5
347.0, -7.5
348.0, -7.5
349.0, -7.5
350.0, -7.5
351.0, -6.5
350.0, -5.5
349.0, -5.5
348.0, -4.5
347.0, -3.5
347.0, -2.5
346.0, -1.5

CONTORNO 21
TIPO: HUECO
PROFUNDIDAD: 1
PUNTOS: 199

455.0, 7.5
456.0, 8.5
457.0, 8.5
458.0, 8.5
459.0, 7.5
459.0, 6.5
459.0, 5.5
459.0, 4.5
459.0, 3.5
459.0, 2.5
459.0, 1.5
460.0, 0.5
461.0, 0.5
462.0, 0.5
463.0, 0.5
464.0, 1.5
465.0, 0.5
466.0, 0.5
467.0, 0.5
468.0, 0.5
469.0, 0.5
470.0, 0.5
471.0, 1.5
471.0, 2.5
471.0, 3.5
471.0, 4.5
471.0, 5.5
471.0, 6.5
471.0, 7.5
472.0, 8.5
473.0, 8.5
474.0, 8.5
475.0, 7.5
475.0, 6.5
475.0, 5.5
475.0, 4.5
475.0, 3.5
475.0, 2.5
475.0, 1.5
475.0, 0.5
474.0, -0.5
473.0, -0.5
472.0, -1.5
472.0, -2.5
472.0, -3.5
472.0, -4.5
472.0, -5.5
472.0, -6.5
473.0, -7.5
474.0, -7.5
475.0, -7.5
476.0, -7.5
477.0, -7.5
478.0, -8.5
477.0, -9.5
476.0, -10.5
476.0, -11.5
475.0, -12.5
474.0, -13.5
473.0, -13.5
472.0, -14.5
471.0, -13.5
471.0, -12.5
471.0, -11.5
471.0, -10.5
471.0, -9.5
470.0, -8.5
469.0, -8.5
468.0, -8.5
467.0, -8.5
466.0, -8.5
465.0, -8.5
464.0, -8.5
463.0, -8.5
462.0, -8.5
461.0, -8.5
460.0, -7.5
459.0, -6.5
459.0, -5.5
458.0, -4.5
457.0, -4.5
456.0, -5.5
456.0, -6.5
456.0, -7.5
455.0, -8.5
454.0, -8.5
453.0, -8.5
452.0, -8.5
451.0, -9.5
451.0, -10.5
451.0, -11.5
451.0, -12.5
451.0, -13.5
451.0, -14.5
451.0, -15.5
450.0, -16.5
449.0, -16.5
448.0, -16.5
447.0, -15.5
447.0, -14.5
447.0, -13.5
447.0, -12.5
446.0, -11.5
445.0, -11.5
444.0, -11.5
443.0, -11.5
442.0, -11.5
441.0, -11.5
440.0, -11.5
439.0, -10.5
439.0, -9.5
438.0, -8.5
437.0, -9.5
436.0, -10.5
436.0, -11.5
435.0, -12.5
434.0, -13.5
433.0, -13.5
432.0, -14.5
431.0, -13.5
430.0, -14.5
431.0, -15.5
432.0, -16.5
432.0, -17.5
432.0, -18.5
431.0, -19.5
430.0, -19.5
429.0, -19.5
428.0, -19.5
427.0, -19.5
426.0, -19.5
425.0, -19.5
424.0, -20.5
424.0, -21.5
424.0, -22.5
424.0, -23.5
423.0, -24.5
422.0, -24.5
421.0, -24.5
420.0, -23.5
420.0, -22.5
420.0, -21.5
420.0, -20.5
420.0, -19.5
420.0, -18.5
420.0, -17.5
420.0, -16.5
421.0, -15.5
422.0, -15.5
423.0, -14.5
423.0, -13.5
423.0, -12.5
423.0, -11.5
423.0, -10.5
423.0, -9.5
423.0, -8.5
423.0, -7.5
423.0, -6.5
423.0, -5.5
423.0, -4.5
423.0, -3.5
423.0, -2.5
424.0, -1.5
425.0, -1.5
426.0, -1.5
427.0, -1.5
428.0, -1.5
429.0, -1.5
430.0, -1.5
431.0, -0.5
432.0, 0.5
433.0, 0.5
434.0, 0.5
435.0, 0.5
436.0, 0.5
437.0, 0.5
438.0, 0.5
439.0, 0.5
440.0, -0.5
441.0, -1.5
442.0, -1.5
443.0, -1.5
444.0, -1.5
445.0, -1.5
446.0, -1.5
447.0, -0.5
448.0, 0.5
449.0, 0.5
450.0, 0.5
451.0, 0.5
452.0, 0.5
453.0, 0.5
454.0, 0.5
455.0, 1.5
455.0, 2.5
455.0, 3.5
455.0, 4.5
455.0, 5.5
455.0, 6.5

CONTORNO 22
TIPO: HUECO
PROFUNDIDAD: 1
PUNTOS: 223

-289.0, 7.5
-288.0, 8.5
-287.0, 8.5
-286.0, 8.5
-285.0, 8.5
-284.0, 8.5
-283.0, 8.5
-282.0, 8.5
-281.0, 8.5
-280.0, 7.5
-279.0, 7.5
-278.0, 8.5
-277.0, 8.5
-276.0, 8.5
-275.0, 8.5
-274.0, 8.5
-273.0, 8.5
-272.0, 7.5
-272.0, 6.5
-272.0, 5.5
-272.0, 4.5
-272.0, 3.5
-272.0, 2.5
-272.0, 1.5
-271.0, 0.5
-270.0, 0.5
-269.0, 0.5
-268.0, 0.5
-267.0, 0.5
-266.0, 0.5
-265.0, 1.5
-265.0, 2.5
-265.0, 3.5
-265.0, 4.5
-265.0, 5.5
-265.0, 6.5
-265.0, 7.5
-264.0, 8.5
-263.0, 8.5
-262.0, 8.5
-261.0, 8.5
-260.0, 7.5
-260.0, 6.5
-260.0, 5.5
-260.0, 4.5
-260.0, 3.5
-260.0, 2.5
-260.0, 1.5
-260.0, 0.5
-261.0, -0.5
-262.0, -0.5
-263.0, -1.5
-264.0, -2.5
-264.0, -3.5
-264.0, -4.5
-264.0, -5.5
-264.0, -6.5
-264.0, -7.5
-263.0, -8.5
-263.0, -9.5
-263.0, -10.5
-264.0, -11.5
-265.0, -10.5
-265.0, -9.5
-266.0, -8.5
-267.0, -8.5
-268.0, -8.5
-269.0, -9.5
-269.0, -10.5
-269.0, -11.5
-269.0, -12.5
-269.0, -13.5
-269.0, -14.5
-269.0, -15.5
-270.0, -16.5
-271.0, -16.5
-272.0, -16.5
-273.0, -15.5
-273.0, -14.5
-273.0, -13.5
-273.0, -12.5
-273.0, -11.5
-273.0, -10.5
-273.0, -9.5
-274.0, -8.5
-275.0, -8.5
-276.0, -8.5
-277.0, -8.5
-278.0, -8.5
-279.0, -8.5
-280.0, -8.5
-281.0, -7.5
-281.0, -6.5
-281.0, -5.5
-281.0, -4.5
-281.0, -3.5
-281.0, -2.5
-281.0, -1.5
-282.0, -0.5
-283.0, -0.5
-284.0, -0.5
-285.0, -0.5
-286.0, -0.5
-287.0, -0.5
-288.0, -1.5
-288.0, -2.5
-288.0, -3.5
-288.0, -4.5
-288.0, -5.5
-288.0, -6.5
-287.0, -7.5
-286.0, -7.5
-285.0, -7.5
-284.0, -7.5
-283.0, -7.5
-282.0, -8.5
-283.0, -9.5
-284.0, -10.5
-284.0, -11.5
-285.0, -12.5
-286.0, -13.5
-287.0, -13.5
-288.0, -14.5
-288.0, -15.5
-289.0, -16.5
-290.0, -16.5
-291.0, -16.5
-292.0, -16.5
-293.0, -16.5
-294.0, -16.5
-295.0, -16.5
-296.0, -16.5
-297.0, -16.5
-298.0, -16.5
-299.0, -16.5
-300.0, -16.5
-301.0, -17.5
-301.0, -18.5
-301.0, -19.5
-301.0, -20.5
-301.0, -21.5
-301.0, -22.5
-301.0, -23.5
-302.0, -24.5
-303.0, -24.5
-304.0, -25.5
-304.0, -26.5
-304.0, -27.5
-304.0, -28.5
-304.0, -29.5
-304.0, -30.5
-304.0, -31.5
-304.0, -32.5
-304.0, -33.5
-304.0, -34.5
-304.0, -35.5
-304.0, -36.5
-304.0, -37.5
-304.0, -38.5
-304.0, -39.5
-305.0, -40.5
-306.0, -40.5
-307.0, -40.5
-308.0, -39.5
-308.0, -38.5
-308.0, -37.5
-308.0, -36.5
-308.0, -35.5
-308.0, -34.5
-308.0, -33.5
-308.0, -32.5
-308.0, -31.5
-308.0, -30.5
-308.0, -29.5
-308.0, -28.5
-308.0, -27.5
-308.0, -26.5
-308.0, -25.5
-308.0, -24.5
-308.0, -23.5
-308.0, -22.5
-308.0, -21.5
-308.0, -20.5
-308.0, -19.5
-308.0, -18.5
-308.0, -17.5
-308.0, -16.5
-307.0, -15.5
-306.0, -15.5
-305.0, -15.5
-304.0, -15.5
-303.0, -14.5
-303.0, -13.5
-303.0, -12.5
-303.0, -11.5
-303.0, -10.5
-303.0, -9.5
-303.0, -8.5
-302.0, -7.5
-301.0, -7.5
-300.0, -7.5
-299.0, -7.5
-298.0, -7.5
-297.0, -6.5
-297.0, -5.5
-297.0, -4.5
-297.0, -3.5
-297.0, -2.5
-297.0, -1.5
-297.0, -0.5
-296.0, 0.5
-295.0, 0.5
-294.0, 0.5
-293.0, 0.5
-292.0, 0.5
-291.0, 0.5
-290.0, 0.5
-289.0, 1.5
-289.0, 2.5
-289.0, 3.5
-289.0, 4.5
-289.0, 5.5
-289.0, 6.5

CONTORNO 23
TIPO: HUECO
PROFUNDIDAD: 1
PUNTOS: 64

-308.0, 7.5
-307.0, 8.5
-306.0, 8.5
-305.0, 8.5
-304.0, 8.5
-303.0, 8.5
-302.0, 8.5
-301.0, 8.5
-300.0, 8.5
-299.0, 8.5
-298.0, 8.5
-297.0, 8.5
-296.0, 7.5
-296.0, 6.5
-296.0, 5.5
-297.0, 4.5
-298.0, 4.5
-299.0, 4.5
-300.0, 4.5
-301.0, 4.5
-302.0, 4.5
-303.0, 4.5
-304.0, 3.5
-304.0, 2.5
-304.0, 1.5
-304.0, 0.5
-304.0, -0.5
-304.0, -1.5
-304.0, -2.5
-305.0, -3.5
-306.0, -3.5
-307.0, -3.5
-308.0, -3.5
-309.0, -3.5
-310.0, -3.5
-311.0, -3.5
-312.0, -4.5
-312.0, -5.5
-312.0, -6.5
-312.0, -7.5
-313.0, -8.5
-314.0, -8.5
-315.0, -8.5
-316.0, -7.5
-316.0, -6.5
-316.0, -5.5
-316.0, -4.5
-316.0, -3.5
-316.0, -2.5
-316.0, -1.5
-316.0, -0.5
-315.0, 0.5
-314.0, 0.5
-313.0, 0.5
-312.0, 0.5
-311.0, 0.5
-310.0, 0.5
-309.0, 0.5
-308.0, 1.5
-308.0, 2.5
-308.0, 3.5
-308.0, 4.5
-308.0, 5.5
-308.0, 6.5

CONTORNO 24
TIPO: HUECO
PROFUNDIDAD: 1
PUNTOS: 112

-380.0, 7.5
-379.0, 8.5
-378.0, 8.5
-377.0, 8.5
-376.0, 7.5
-376.0, 6.5
-376.0, 5.5
-376.0, 4.5
-376.0, 3.5
-376.0, 2.5
-376.0, 1.5
-375.0, 0.5
-374.0, 0.5
-373.0, 0.5
-372.0, 0.5
-371.0, 0.5
-370.0, 0.5
-369.0, 0.5
-368.0, -0.5
-368.0, -1.5
-368.0, -2.5
-368.0, -3.5
-368.0, -4.5
-368.0, -5.5
-368.0, -6.5
-367.0, -7.5
-366.0, -7.5
-365.0, -7.5
-364.0, -6.5
-364.0, -5.5
-364.0, -4.5
-364.0, -3.5
-364.0, -2.5
-364.0, -1.5
-364.0, -0.5
-363.0, 0.5
-362.0, 0.5
-361.0, 0.5
-360.0, 0.5
-359.0, 0.5
-358.0, 0.5
-357.0, 0.5
-356.0, 0.5
-355.0, 0.5
-354.0, 0.5
-353.0, 0.5
-352.0, -0.5
-352.0, -1.5
-352.0, -2.5
-352.0, -3.5
-352.0, -4.5
-352.0, -5.5
-352.0, -6.5
-352.0, -7.5
-352.0, -8.5
-352.0, -9.5
-352.0, -10.5
-353.0, -11.5
-354.0, -11.5
-355.0, -11.5
-356.0, -11.5
-357.0, -11.5
-358.0, -11.5
-359.0, -11.5
-360.0, -12.5
-360.0, -13.5
-360.0, -14.5
-360.0, -15.5
-360.0, -16.5
-360.0, -17.5
-360.0, -18.5
-361.0, -19.5
-362.0, -19.5
-363.0, -19.5
-364.0, -19.5
-365.0, -19.5
-366.0, -19.5
-367.0, -19.5
-368.0, -19.5
-369.0, -18.5
-369.0, -17.5
-369.0, -16.5
-369.0, -15.5
-369.0, -14.5
-369.0, -13.5
-369.0, -12.5
-369.0, -11.5
-369.0, -10.5
-369.0, -9.5
-370.0, -8.5
-371.0, -8.5
-372.0, -8.5
-373.0, -8.5
-374.0, -8.5
-375.0, -8.5
-376.0, -8.5
-377.0, -7.5
-377.0, -6.5
-377.0, -5.5
-377.0, -4.5
-377.0, -3.5
-377.0, -2.5
-377.0, -1.5
-378.0, -0.5
-379.0, -0.5
-380.0, 0.5
-380.0, 1.5
-380.0, 2.5
-380.0, 3.5
-380.0, 4.5
-380.0, 5.5
-380.0, 6.5

CONTORNO 25
TIPO: HUECO
PROFUNDIDAD: 1
PUNTOS: 102

383.0, 10.5
384.0, 11.5
385.0, 11.5
386.0, 11.5
387.0, 11.5
388.0, 11.5
389.0, 11.5
390.0, 11.5
391.0, 11.5
392.0, 10.5
392.0, 9.5
392.0, 8.5
391.0, 7.5
390.0, 7.5
389.0, 7.5
388.0, 7.5
387.0, 7.5
386.0, 7.5
385.0, 7.5
384.0, 6.5
384.0, 5.5
384.0, 4.5
384.0, 3.5
384.0, 2.5
384.0, 1.5
384.0, 0.5
384.0, -0.5
384.0, -1.5
384.0, -2.5
384.0, -3.5
384.0, -4.5
384.0, -5.5
384.0, -6.5
385.0, -7.5
386.0, -7.5
387.0, -7.5
388.0, -7.5
389.0, -7.5
390.0, -7.5
391.0, -7.5
392.0, -6.5
393.0, -7.5
394.0, -7.5
395.0, -7.5
396.0, -7.5
397.0, -7.5
398.0, -8.5
397.0, -9.5
396.0, -10.5
396.0, -11.5
395.0, -12.5
394.0, -13.5
393.0, -13.5
392.0, -14.5
391.0, -13.5
391.0, -12.5
390.0, -11.5
389.0, -11.5
388.0, -11.5
387.0, -11.5
386.0, -11.5
385.0, -11.5
384.0, -12.5
384.0, -13.5
384.0, -14.5
384.0, -15.5
383.0, -16.5
382.0, -16.5
381.0, -16.5
380.0, -15.5
380.0, -14.5
380.0, -13.5
380.0, -12.5
380.0, -11.5
380.0, -10.5
380.0, -9.5
379.0, -8.5
378.0, -8.5
377.0, -8.5
376.0, -8.5
375.0, -7.5
375.0, -6.5
375.0, -5.5
375.0, -4.5
375.0, -3.5
375.0, -2.5
375.0, -1.5
375.0, -0.5
376.0, 0.5
377.0, 0.5
378.0, 0.5
379.0, 0.5
380.0, 1.5
380.0, 2.5
380.0, 3.5
380.0, 4.5
380.0, 5.5
380.0, 6.5
380.0, 7.5
381.0, 8.5
382.0, 8.5
383.0, 9.5

CONTORNO 26
TIPO: HUECO
PROFUNDIDAD: 1
PUNTOS: 160

303.0, 10.5
304.0, 11.5
305.0, 11.5
306.0, 11.5
307.0, 11.5
308.0, 11.5
309.0, 11.5
310.0, 11.5
311.0, 11.5
312.0, 10.5
312.0, 9.5
313.0, 8.5
314.0, 8.5
315.0, 8.5
316.0, 8.5
317.0, 8.5
318.0, 8.5
319.0, 8.5
320.0, 7.5
320.0, 6.5
320.0, 5.5
320.0, 4.5
321.0, 3.5
322.0, 3.5
323.0, 3.5
324.0, 3.5
325.0, 3.5
326.0, 3.5
327.0, 3.5
328.0, 2.5
328.0, 1.5
328.0, 0.5
328.0, -0.5
328.0, -1.5
328.0, -2.5
327.0, -3.5
326.0, -3.5
325.0, -3.5
324.0, -3.5
323.0, -3.5
322.0, -3.5
321.0, -3.5
320.0, -4.5
320.0, -5.5
319.0, -6.5
320.0, -7.5
321.0, -7.5
322.0, -7.5
323.0, -7.5
324.0, -7.5
325.0, -7.5
326.0, -7.5
327.0, -7.5
328.0, -8.5
328.0, -9.5
328.0, -10.5
327.0, -11.5
326.0, -11.5
325.0, -11.5
324.0, -11.5
323.0, -11.5
322.0, -11.5
321.0, -11.5
320.0, -12.5
320.0, -13.5
320.0, -14.5
320.0, -15.5
319.0, -16.5
318.0, -16.5
317.0, -17.5
316.0, -18.5
316.0, -19.5
315.0, -20.5
314.0, -21.5
313.0, -21.5
312.0, -22.5
311.0, -21.5
311.0, -20.5
311.0, -19.5
311.0, -18.5
311.0, -17.5
311.0, -16.5
311.0, -15.5
311.0, -14.5
310.0, -13.5
309.0, -13.5
308.0, -12.5
307.0, -11.5
307.0, -10.5
306.0, -9.5
305.0, -8.5
304.0, -8.5
303.0, -8.5
302.0, -8.5
301.0, -8.5
300.0, -8.5
299.0, -8.5
298.0, -8.5
297.0, -8.5
296.0, -8.5
295.0, -7.5
295.0, -6.5
295.0, -5.5
295.0, -4.5
294.0, -3.5
293.0, -3.5
292.0, -3.5
291.0, -3.5
290.0, -3.5
289.0, -3.5
288.0, -3.5
287.0, -2.5
287.0, -1.5
287.0, -0.5
288.0, 0.5
289.0, 0.5
290.0, 0.5
291.0, 0.5
292.0, 0.5
293.0, 0.5
294.0, 0.5
295.0, 1.5
295.0, 2.5
295.0, 3.5
295.0, 4.5
295.0, 5.5
296.0, 6.5
297.0, 6.5
298.0, 6.5
299.0, 6.5
300.0, 6.5
301.0, 6.5
302.0, 6.5
303.0, 6.5
304.0, 5.5
304.0, 4.5
304.0, 3.5
304.0, 2.5
304.0, 1.5
305.0, 0.5
306.0, 0.5
307.0, 0.5
308.0, 0.5
309.0, 0.5
310.0, 0.5
311.0, 1.5
311.0, 2.5
311.0, 3.5
311.0, 4.5
311.0, 5.5
311.0, 6.5
310.0, 7.5
309.0, 7.5
308.0, 7.5
307.0, 7.5
306.0, 7.5
305.0, 7.5
304.0, 7.5
303.0, 8.5
303.0, 9.5

CONTORNO 27
TIPO: HUECO
PROFUNDIDAD: 1
PUNTOS: 94

407.0, 18.5
408.0, 19.5
409.0, 19.5
410.0, 19.5
411.0, 19.5
412.0, 19.5
413.0, 19.5
414.0, 19.5
415.0, 19.5
416.0, 18.5
416.0, 17.5
417.0, 16.5
418.0, 16.5
419.0, 16.5
420.0, 16.5
421.0, 16.5
422.0, 16.5
423.0, 16.5
424.0, 15.5
424.0, 14.5
424.0, 13.5
423.0, 12.5
422.0, 12.5
421.0, 12.5
420.0, 12.5
419.0, 12.5
418.0, 12.5
417.0, 12.5
416.0, 11.5
416.0, 10.5
416.0, 9.5
417.0, 8.5
418.0, 8.5
419.0, 7.5
419.0, 6.5
419.0, 5.5
419.0, 4.5
419.0, 3.5
419.0, 2.5
419.0, 1.5
419.0, 0.5
418.0, -0.5
417.0, -0.5
416.0, -1.5
416.0, -2.5
416.0, -3.5
416.0, -4.5
416.0, -5.5
416.0, -6.5
416.0, -7.5
415.0, -8.5
414.0, -8.5
413.0, -8.5
412.0, -8.5
411.0, -8.5
410.0, -8.5
409.0, -7.5
409.0, -6.5
409.0, -5.5
409.0, -4.5
409.0, -3.5
409.0, -2.5
409.0, -1.5
409.0, -0.5
409.0, 0.5
410.0, 1.5
411.0, 2.5
411.0, 3.5
412.0, 4.5
413.0, 5.5
414.0, 5.5
415.0, 6.5
414.0, 7.5
413.0, 7.5
412.0, 7.5
411.0, 7.5
410.0, 7.5
409.0, 8.5
410.0, 9.5
411.0, 10.5
411.0, 11.5
412.0, 12.5
413.0, 13.5
414.0, 13.5
415.0, 14.5
414.0, 15.5
413.0, 15.5
412.0, 15.5
411.0, 15.5
410.0, 15.5
409.0, 15.5
408.0, 15.5
407.0, 16.5
407.0, 17.5

CONTORNO 28
TIPO: HUECO
PROFUNDIDAD: 1
PUNTOS: 84

-441.0, 39.5
-440.0, 40.5
-439.0, 40.5
-438.0, 40.5
-437.0, 40.5
-436.0, 40.5
-435.0, 40.5
-434.0, 40.5
-433.0, 40.5
-432.0, 40.5
-431.0, 40.5
-430.0, 40.5
-429.0, 40.5
-428.0, 40.5
-427.0, 40.5
-426.0, 40.5
-425.0, 40.5
-424.0, 40.5
-423.0, 40.5
-422.0, 40.5
-421.0, 40.5
-420.0, 40.5
-419.0, 40.5
-418.0, 40.5
-417.0, 40.5
-416.0, 39.5
-416.0, 38.5
-416.0, 37.5
-416.0, 36.5
-416.0, 35.5
-416.0, 34.5
-416.0, 33.5
-416.0, 32.5
-417.0, 31.5
-418.0, 31.5
-419.0, 30.5
-420.0, 29.5
-420.0, 28.5
-421.0, 27.5
-422.0, 26.5
-423.0, 26.5
-424.0, 25.5
-425.0, 26.5
-425.0, 27.5
-425.0, 28.5
-425.0, 29.5
-425.0, 30.5
-425.0, 31.5
-425.0, 32.5
-425.0, 33.5
-425.0, 34.5
-425.0, 35.5
-426.0, 36.5
-427.0, 36.5
-428.0, 36.5
-429.0, 36.5
-430.0, 36.5
-431.0, 36.5
-432.0, 35.5
-432.0, 34.5
-432.0, 33.5
-432.0, 32.5
-433.0, 31.5
-434.0, 31.5
-435.0, 31.5
-436.0, 31.5
-437.0, 31.5
-438.0, 31.5
-439.0, 31.5
-440.0, 31.5
-441.0, 31.5
-442.0, 31.5
-443.0, 31.5
-444.0, 31.5
-445.0, 31.5
-446.0, 31.5
-447.0, 32.5
-446.0, 33.5
-445.0, 34.5
-445.0, 35.5
-444.0, 36.5
-443.0, 37.5
-442.0, 37.5
-441.0, 38.5

CONTORNO 29
TIPO: HUECO
PROFUNDIDAD: 1
PUNTOS: 213

-386.0, 42.5
-385.0, 43.5
-384.0, 42.5
-384.0, 41.5
-384.0, 40.5
-384.0, 39.5
-384.0, 38.5
-384.0, 37.5
-384.0, 36.5
-384.0, 35.5
-384.0, 34.5
-384.0, 33.5
-383.0, 32.5
-382.0, 32.5
-381.0, 32.5
-380.0, 32.5
-379.0, 32.5
-378.0, 32.5
-377.0, 33.5
-377.0, 34.5
-376.0, 35.5
-375.0, 35.5
-374.0, 35.5
-373.0, 35.5
-372.0, 35.5
-371.0, 35.5
-370.0, 35.5
-369.0, 36.5
-369.0, 37.5
-369.0, 38.5
-369.0, 39.5
-368.0, 40.5
-367.0, 40.5
-366.0, 40.5
-365.0, 40.5
-364.0, 40.5
-363.0, 40.5
-362.0, 40.5
-361.0, 40.5
-360.0, 40.5
-359.0, 40.5
-358.0, 40.5
-357.0, 40.5
-356.0, 40.5
-355.0, 40.5
-354.0, 40.5
-353.0, 40.5
-352.0, 40.5
-351.0, 40.5
-350.0, 40.5
-349.0, 39.5
-349.0, 38.5
-349.0, 37.5
-349.0, 36.5
-349.0, 35.5
-349.0, 34.5
-349.0, 33.5
-349.0, 32.5
-349.0, 31.5
-349.0, 30.5
-349.0, 29.5
-349.0, 28.5
-349.0, 27.5
-349.0, 26.5
-349.0, 25.5
-349.0, 24.5
-350.0, 23.5
-351.0, 23.5
-352.0, 22.5
-352.0, 21.5
-353.0, 20.5
-354.0, 20.5
-355.0, 20.5
-356.0, 20.5
-357.0, 20.5
-358.0, 20.5
-359.0, 20.5
-360.0, 20.5
-361.0, 21.5
-361.0, 22.5
-361.0, 23.5
-361.0, 24.5
-361.0, 25.5
-361.0, 26.5
-361.0, 27.5
-362.0, 28.5
-363.0, 28.5
-364.0, 28.5
-365.0, 28.5
-366.0, 28.5
-367.0, 28.5
-368.0, 28.5
-369.0, 29.5
-369.0, 30.5
-370.0, 31.5
-371.0, 31.5
-372.0, 31.5
-373.0, 31.5
-374.0, 31.5
-375.0, 31.5
-376.0, 30.5
-376.0, 29.5
-376.0, 28.5
-376.0, 27.5
-376.0, 26.5
-376.0, 25.5
-376.0, 24.5
-375.0, 23.5
-376.0, 22.5
-376.0, 21.5
-376.0, 20.5
-376.0, 19.5
-376.0, 18.5
-376.0, 17.5
-375.0, 16.5
-374.0, 16.5
-373.0, 16.5
-372.0, 16.5
-371.0, 16.5
-370.0, 16.5
-369.0, 17.5
-368.0, 16.5
-367.0, 16.5
-366.0, 16.5
-365.0, 16.5
-364.0, 16.5
-363.0, 16.5
-362.0, 16.5
-361.0, 16.5
-360.0, 15.5
-360.0, 14.5
-360.0, 13.5
-361.0, 12.5
-362.0, 12.5
-363.0, 12.5
-364.0, 12.5
-365.0, 12.5
-366.0, 12.5
-367.0, 12.5
-368.0, 12.5
-369.0, 12.5
-370.0, 12.5
-371.0, 12.5
-372.0, 12.5
-373.0, 12.5
-374.0, 12.5
-375.0, 12.5
-376.0, 12.5
-377.0, 13.5
-377.0, 14.5
-378.0, 15.5
-379.0, 14.5
-380.0, 13.5
-380.0, 12.5
-381.0, 11.5
-382.0, 10.5
-383.0, 10.5
-384.0, 9.5
-385.0, 10.5
-385.0, 11.5
-386.0, 12.5
-387.0, 12.5
-388.0, 12.5
-389.0, 12.5
-390.0, 12.5
-391.0, 12.5
-392.0, 12.5
-393.0, 13.5
-393.0, 14.5
-393.0, 15.5
-392.0, 16.5
-391.0, 16.5
-390.0, 16.5
-389.0, 16.5
-388.0, 16.5
-387.0, 16.5
-386.0, 16.5
-385.0, 16.5
-384.0, 16.5
-383.0, 16.5
-382.0, 16.5
-381.0, 16.5
-380.0, 17.5
-380.0, 18.5
-380.0, 19.5
-380.0, 20.5
-380.0, 21.5
-380.0, 22.5
-381.0, 23.5
-382.0, 23.5
-383.0, 23.5
-384.0, 23.5
-385.0, 23.5
-386.0, 23.5
-387.0, 23.5
-388.0, 24.5
-388.0, 25.5
-388.0, 26.5
-388.0, 27.5
-388.0, 28.5
-388.0, 29.5
-388.0, 30.5
-388.0, 31.5
-388.0, 32.5
-388.0, 33.5
-388.0, 34.5
-388.0, 35.5
-388.0, 36.5
-388.0, 37.5
-388.0, 38.5
-388.0, 39.5
-388.0, 40.5
-387.0, 41.5

CONTORNO 30
TIPO: HUECO
PROFUNDIDAD: 1
PUNTOS: 103

431.0, 45.5
432.0, 46.5
433.0, 46.5
434.0, 46.5
435.0, 46.5
436.0, 46.5
437.0, 46.5
438.0, 46.5
439.0, 46.5
440.0, 45.5
440.0, 44.5
440.0, 43.5
440.0, 42.5
440.0, 41.5
441.0, 40.5
442.0, 40.5
443.0, 40.5
444.0, 40.5
445.0, 40.5
446.0, 39.5
446.0, 38.5
446.0, 37.5
446.0, 36.5
446.0, 35.5
446.0, 34.5
446.0, 33.5
447.0, 32.5
448.0, 31.5
448.0, 30.5
448.0, 29.5
448.0, 28.5
448.0, 27.5
448.0, 26.5
448.0, 25.5
448.0, 24.5
448.0, 23.5
448.0, 22.5
448.0, 21.5
448.0, 20.5
448.0, 19.5
448.0, 18.5
448.0, 17.5
448.0, 16.5
447.0, 15.5
446.0, 15.5
445.0, 15.5
444.0, 15.5
443.0, 15.5
442.0, 15.5
441.0, 16.5
441.0, 17.5
441.0, 18.5
441.0, 19.5
441.0, 20.5
441.0, 21.5
441.0, 22.5
440.0, 23.5
439.0, 23.5
438.0, 23.5
437.0, 23.5
436.0, 24.5
436.0, 25.5
436.0, 26.5
436.0, 27.5
436.0, 28.5
436.0, 29.5
436.0, 30.5
435.0, 31.5
434.0, 31.5
433.0, 31.5
432.0, 31.5
431.0, 31.5
430.0, 31.5
429.0, 31.5
428.0, 31.5
427.0, 31.5
426.0, 31.5
425.0, 32.5
426.0, 33.5
427.0, 34.5
427.0, 35.5
428.0, 36.5
429.0, 37.5
430.0, 37.5
431.0, 38.5
430.0, 39.5
429.0, 39.5
428.0, 39.5
427.0, 39.5
426.0, 39.5
425.0, 39.5
424.0, 39.5
423.0, 40.5
423.0, 41.5
423.0, 42.5
424.0, 43.5
425.0, 43.5
426.0, 43.5
427.0, 43.5
428.0, 43.5
429.0, 43.5
430.0, 43.5
431.0, 44.5

CONTORNO 31
TIPO: HUECO
PROFUNDIDAD: 1
PUNTOS: 163

367.0, 50.5
368.0, 51.5
369.0, 51.5
370.0, 51.5
371.0, 51.5
372.0, 51.5
373.0, 51.5
374.0, 51.5
375.0, 51.5
376.0, 50.5
376.0, 49.5
376.0, 48.5
376.0, 47.5
376.0, 46.5
376.0, 45.5
376.0, 44.5
376.0, 43.5
376.0, 42.5
376.0, 41.5
377.0, 40.5
378.0, 40.5
379.0, 39.5
379.0, 38.5
379.0, 37.5
379.0, 36.5
379.0, 35.5
379.0, 34.5
379.0, 33.5
380.0, 32.5
381.0, 32.5
382.0, 32.5
383.0, 32.5
384.0, 31.5
384.0, 30.5
384.0, 29.5
383.0, 28.5
382.0, 28.5
381.0, 28.5
380.0, 28.5
379.0, 28.5
378.0, 28.5
377.0, 28.5
376.0, 28.5
375.0, 29.5
375.0, 30.5
375.0, 31.5
375.0, 32.5
375.0, 33.5
375.0, 34.5
375.0, 35.5
375.0, 36.5
375.0, 37.5
375.0, 38.5
374.0, 39.5
373.0, 39.5
372.0, 39.5
371.0, 39.5
370.0, 39.5
369.0, 39.5
368.0, 38.5
368.0, 37.5
368.0, 36.5
368.0, 35.5
368.0, 34.5
368.0, 33.5
368.0, 32.5
368.0, 31.5
368.0, 30.5
368.0, 29.5
368.0, 28.5
368.0, 27.5
368.0, 26.5
368.0, 25.5
368.0, 24.5
368.0, 23.5
368.0, 22.5
368.0, 21.5
367.0, 20.5
366.0, 20.5
365.0, 20.5
364.0, 20.5
363.0, 20.5
362.0, 20.5
361.0, 20.5
360.0, 20.5
359.0, 21.5
359.0, 22.5
358.0, 23.5
357.0, 23.5
356.0, 23.5
355.0, 23.5
354.0, 23.5
353.0, 23.5
352.0, 22.5
352.0, 21.5
351.0, 20.5
350.0, 20.5
349.0, 20.5
348.0, 20.5
347.0, 20.5
346.0, 20.5
345.0, 20.5
344.0, 20.5
343.0, 21.5
343.0, 22.5
343.0, 23.5
344.0, 24.5
343.0, 25.5
342.0, 26.5
341.0, 26.5
340.0, 27.5
339.0, 28.5
339.0, 29.5
338.0, 30.5
337.0, 31.5
336.0, 31.5
335.0, 32.5
335.0, 33.5
335.0, 34.5
335.0, 35.5
335.0, 36.5
335.0, 37.5
336.0, 38.5
337.0, 37.5
338.0, 37.5
339.0, 36.5
340.0, 35.5
340.0, 34.5
341.0, 33.5
342.0, 32.5
343.0, 32.5
344.0, 32.5
345.0, 32.5
346.0, 32.5
347.0, 32.5
348.0, 32.5
349.0, 32.5
350.0, 32.5
351.0, 32.5
352.0, 32.5
353.0, 32.5
354.0, 33.5
355.0, 34.5
355.0, 35.5
356.0, 36.5
357.0, 37.5
358.0, 37.5
359.0, 38.5
360.0, 37.5
361.0, 38.5
361.0, 39.5
362.0, 40.5
363.0, 40.5
364.0, 41.5
364.0, 42.5
364.0, 43.5
364.0, 44.5
364.0, 45.5
364.0, 46.5
364.0, 47.5
365.0, 48.5
366.0, 48.5
367.0, 49.5

CONTORNO 32
TIPO: HUECO
PROFUNDIDAD: 1
PUNTOS: 111

223.0, 50.5
224.0, 51.5
225.0, 51.5
226.0, 51.5
227.0, 51.5
228.0, 51.5
229.0, 51.5
230.0, 51.5
231.0, 51.5
232.0, 50.5
232.0, 49.5
233.0, 48.5
234.0, 48.5
235.0, 48.5
236.0, 48.5
237.0, 48.5
238.0, 48.5
239.0, 48.5
240.0, 48.5
241.0, 48.5
242.0, 48.5
243.0, 48.5
244.0, 48.5
245.0, 48.5
246.0, 48.5
247.0, 49.5
247.0, 50.5
248.0, 51.5
249.0, 51.5
250.0, 51.5
251.0, 51.5
252.0, 51.5
253.0, 51.5
254.0, 51.5
255.0, 51.5
256.0, 51.5
257.0, 51.5
258.0, 51.5
259.0, 51.5
260.0, 51.5
261.0, 51.5
262.0, 51.5
263.0, 51.5
264.0, 50.5
264.0, 49.5
264.0, 48.5
263.0, 47.5
262.0, 47.5
261.0, 47.5
260.0, 47.5
259.0, 47.5
258.0, 47.5
257.0, 47.5
256.0, 46.5
256.0, 45.5
256.0, 44.5
256.0, 43.5
256.0, 42.5
256.0, 41.5
256.0, 40.5
256.0, 39.5
256.0, 38.5
256.0, 37.5
256.0, 36.5
256.0, 35.5
256.0, 34.5
255.0, 33.5
254.0, 34.5
253.0, 34.5
252.0, 35.5
251.0, 36.5
251.0, 37.5
250.0, 38.5
249.0, 39.5
248.0, 38.5
248.0, 37.5
247.0, 36.5
246.0, 36.5
245.0, 36.5
244.0, 36.5
243.0, 36.5
242.0, 36.5
241.0, 36.5
240.0, 36.5
239.0, 35.5
238.0, 35.5
237.0, 36.5
236.0, 37.5
235.0, 38.5
234.0, 39.5
233.0, 39.5
232.0, 38.5
231.0, 37.5
230.0, 37.5
229.0, 38.5
228.0, 39.5
229.0, 40.5
230.0, 40.5
231.0, 41.5
230.0, 42.5
229.0, 43.5
229.0, 44.5
228.0, 45.5
228.0, 46.5
227.0, 47.5
226.0, 47.5
225.0, 47.5
224.0, 47.5
223.0, 47.5
222.0, 48.5
223.0, 49.5

CONTORNO 33
TIPO: HUECO
PROFUNDIDAD: 1
PUNTOS: 255

327.0, 53.5
328.0, 54.5
329.0, 54.5
330.0, 54.5
331.0, 54.5
332.0, 54.5
333.0, 54.5
334.0, 54.5
335.0, 54.5
336.0, 53.5
336.0, 52.5
336.0, 51.5
336.0, 50.5
336.0, 49.5
337.0, 48.5
338.0, 48.5
339.0, 47.5
339.0, 46.5
339.0, 45.5
339.0, 44.5
339.0, 43.5
339.0, 42.5
339.0, 41.5
339.0, 40.5
338.0, 39.5
337.0, 39.5
336.0, 38.5
335.0, 39.5
334.0, 39.5
333.0, 39.5
332.0, 39.5
331.0, 39.5
330.0, 39.5
329.0, 39.5
328.0, 38.5
328.0, 37.5
328.0, 36.5
328.0, 35.5
328.0, 34.5
328.0, 33.5
328.0, 32.5
327.0, 31.5
326.0, 31.5
325.0, 31.5
324.0, 31.5
323.0, 31.5
322.0, 31.5
321.0, 31.5
320.0, 31.5
319.0, 32.5
318.0, 32.5
317.0, 31.5
316.0, 31.5
315.0, 31.5
314.0, 31.5
313.0, 31.5
312.0, 31.5
311.0, 32.5
310.0, 32.5
309.0, 31.5
308.0, 31.5
307.0, 31.5
306.0, 31.5
305.0, 31.5
304.0, 30.5
304.0, 29.5
304.0, 28.5
304.0, 27.5
304.0, 26.5
304.0, 25.5
304.0, 24.5
304.0, 23.5
304.0, 22.5
304.0, 21.5
304.0, 20.5
304.0, 19.5
304.0, 18.5
304.0, 17.5
304.0, 16.5
303.0, 15.5
302.0, 15.5
301.0, 15.5
300.0, 15.5
299.0, 15.5
298.0, 15.5
297.0, 15.5
296.0, 15.5
295.0, 15.5
294.0, 15.5
293.0, 15.5
292.0, 15.5
291.0, 15.5
290.0, 15.5
289.0, 15.5
288.0, 14.5
288.0, 13.5
287.0, 12.5
286.0, 13.5
285.0, 14.5
284.0, 15.5
285.0, 16.5
286.0, 16.5
287.0, 17.5
287.0, 18.5
287.0, 19.5
287.0, 20.5
287.0, 21.5
287.0, 22.5
287.0, 23.5
287.0, 24.5
286.0, 25.5
285.0, 25.5
284.0, 25.5
283.0, 25.5
282.0, 25.5
281.0, 25.5
280.0, 25.5
279.0, 26.5
279.0, 27.5
279.0, 28.5
279.0, 29.5
279.0, 30.5
279.0, 31.5
279.0, 32.5
279.0, 33.5
279.0, 34.5
279.0, 35.5
279.0, 36.5
279.0, 37.5
279.0, 38.5
279.0, 39.5
279.0, 40.5
279.0, 41.5
279.0, 42.5
279.0, 43.5
279.0, 44.5
279.0, 45.5
279.0, 46.5
279.0, 47.5
280.0, 48.5
281.0, 48.5
282.0, 48.5
283.0, 48.5
284.0, 48.5
285.0, 48.5
286.0, 48.5
287.0, 49.5
287.0, 50.5
288.0, 51.5
289.0, 51.5
290.0, 51.5
291.0, 51.5
292.0, 51.5
293.0, 51.5
294.0, 51.5
295.0, 51.5
296.0, 51.5
297.0, 51.5
298.0, 51.5
299.0, 51.5
300.0, 51.5
301.0, 51.5
302.0, 51.5
303.0, 51.5
304.0, 50.5
304.0, 49.5
304.0, 48.5
303.0, 47.5
302.0, 47.5
301.0, 47.5
300.0, 47.5
299.0, 47.5
298.0, 47.5
297.0, 47.5
296.0, 46.5
296.0, 45.5
296.0, 44.5
296.0, 43.5
296.0, 42.5
296.0, 41.5
296.0, 40.5
295.0, 39.5
296.0, 38.5
297.0, 38.5
298.0, 38.5
299.0, 38.5
300.0, 38.5
301.0, 38.5
302.0, 38.5
303.0, 39.5
303.0, 40.5
303.0, 41.5
303.0, 42.5
304.0, 43.5
305.0, 43.5
306.0, 43.5
307.0, 43.5
308.0, 43.5
309.0, 43.5
310.0, 43.5
311.0, 43.5
312.0, 42.5
312.0, 41.5
313.0, 40.5
314.0, 40.5
315.0, 40.5
316.0, 40.5
317.0, 40.5
318.0, 39.5
319.0, 39.5
320.0, 40.5
321.0, 40.5
322.0, 40.5
323.0, 40.5
324.0, 41.5
324.0, 42.5
324.0, 43.5
324.0, 44.5
324.0, 45.5
324.0, 46.5
323.0, 47.5
322.0, 47.5
321.0, 47.5
320.0, 46.5
320.0, 45.5
319.0, 44.5
318.0, 44.5
317.0, 44.5
316.0, 44.5
315.0, 44.5
314.0, 44.5
313.0, 44.5
312.0, 44.5
311.0, 45.5
311.0, 46.5
311.0, 47.5
311.0, 48.5
311.0, 49.5
311.0, 50.5
312.0, 51.5
313.0, 51.5
314.0, 51.5
315.0, 51.5
316.0, 51.5
317.0, 51.5
318.0, 51.5
319.0, 51.5
320.0, 51.5
321.0, 51.5
322.0, 51.5
323.0, 51.5
324.0, 51.5
325.0, 51.5
326.0, 51.5
327.0, 52.5

CONTORNO 34
TIPO: HUECO
PROFUNDIDAD: 1
PUNTOS: 127

383.0, 58.5
384.0, 59.5
385.0, 59.5
386.0, 59.5
387.0, 59.5
388.0, 59.5
389.0, 59.5
390.0, 59.5
391.0, 59.5
392.0, 58.5
392.0, 57.5
393.0, 56.5
394.0, 56.5
395.0, 56.5
396.0, 56.5
397.0, 56.5
398.0, 55.5
399.0, 55.5
400.0, 56.5
401.0, 56.5
402.0, 56.5
403.0, 56.5
404.0, 56.5
405.0, 56.5
406.0, 56.5
407.0, 57.5
408.0, 56.5
409.0, 56.5
410.0, 56.5
411.0, 56.5
412.0, 56.5
413.0, 56.5
414.0, 56.5
415.0, 56.5
416.0, 55.5
416.0, 54.5
416.0, 53.5
415.0, 52.5
414.0, 52.5
413.0, 52.5
412.0, 52.5
411.0, 52.5
410.0, 52.5
409.0, 52.5
408.0, 51.5
408.0, 50.5
408.0, 49.5
409.0, 48.5
410.0, 48.5
411.0, 48.5
412.0, 48.5
413.0, 48.5
414.0, 48.5
415.0, 48.5
416.0, 48.5
417.0, 48.5
418.0, 48.5
419.0, 48.5
420.0, 48.5
421.0, 48.5
422.0, 48.5
423.0, 48.5
424.0, 47.5
424.0, 46.5
424.0, 45.5
423.0, 44.5
422.0, 44.5
421.0, 44.5
420.0, 44.5
419.0, 44.5
418.0, 44.5
417.0, 44.5
416.0, 44.5
415.0, 44.5
414.0, 44.5
413.0, 44.5
412.0, 44.5
411.0, 44.5
410.0, 44.5
409.0, 44.5
408.0, 43.5
408.0, 42.5
408.0, 41.5
408.0, 40.5
408.0, 39.5
408.0, 38.5
408.0, 37.5
407.0, 36.5
406.0, 36.5
405.0, 36.5
404.0, 36.5
403.0, 36.5
402.0, 36.5
401.0, 36.5
400.0, 36.5
399.0, 37.5
399.0, 38.5
399.0, 39.5
399.0, 40.5
399.0, 41.5
398.0, 42.5
397.0, 42.5
396.0, 43.5
395.0, 44.5
395.0, 45.5
394.0, 46.5
393.0, 47.5
392.0, 47.5
391.0, 47.5
390.0, 47.5
389.0, 47.5
388.0, 48.5
389.0, 49.5
390.0, 50.5
391.0, 51.5
391.0, 52.5
391.0, 53.5
391.0, 54.5
390.0, 55.5
389.0, 55.5
388.0, 55.5
387.0, 55.5
386.0, 55.5
385.0, 55.5
384.0, 55.5
383.0, 56.5
383.0, 57.5

CONTORNO 35
TIPO: HUECO
PROFUNDIDAD: 1
PUNTOS: 123

-273.0, 58.5
-272.0, 59.5
-271.0, 59.5
-270.0, 59.5
-269.0, 59.5
-268.0, 59.5
-267.0, 59.5
-266.0, 59.5
-265.0, 59.5
-264.0, 58.5
-264.0, 57.5
-264.0, 56.5
-265.0, 55.5
-266.0, 55.5
-267.0, 55.5
-268.0, 55.5
-269.0, 55.5
-270.0, 55.5
-271.0, 55.5
-272.0, 54.5
-272.0, 53.5
-272.0, 52.5
-272.0, 51.5
-272.0, 50.5
-272.0, 49.5
-271.0, 48.5
-270.0, 48.5
-269.0, 48.5
-268.0, 48.5
-267.0, 48.5
-266.0, 48.5
-265.0, 49.5
-265.0, 50.5
-264.0, 51.5
-263.0, 51.5
-262.0, 51.5
-261.0, 51.5
-260.0, 51.5
-259.0, 51.5
-258.0, 51.5
-257.0, 51.5
-256.0, 50.5
-256.0, 49.5
-256.0, 48.5
-256.0, 47.5
-256.0, 46.5
-256.0, 45.5
-256.0, 44.5
-256.0, 43.5
-256.0, 42.5
-256.0, 41.5
-256.0, 40.5
-256.0, 39.5
-256.0, 38.5
-256.0, 37.5
-256.0, 36.5
-256.0, 35.5
-256.0, 34.5
-256.0, 33.5
-256.0, 32.5
-257.0, 31.5
-258.0, 31.5
-259.0, 31.5
-260.0, 32.5
-260.0, 33.5
-260.0, 34.5
-260.0, 35.5
-260.0, 36.5
-260.0, 37.5
-260.0, 38.5
-261.0, 39.5
-262.0, 39.5
-263.0, 40.5
-263.0, 41.5
-263.0, 42.5
-263.0, 43.5
-263.0, 44.5
-264.0, 45.5
-265.0, 44.5
-266.0, 44.5
-267.0, 44.5
-268.0, 44.5
-269.0, 44.5
-270.0, 44.5
-271.0, 44.5
-272.0, 43.5
-272.0, 42.5
-272.0, 41.5
-272.0, 40.5
-271.0, 39.5
-272.0, 38.5
-272.0, 37.5
-273.0, 36.5
-274.0, 36.5
-275.0, 36.5
-276.0, 36.5
-277.0, 36.5
-278.0, 36.5
-279.0, 36.5
-280.0, 36.5
-281.0, 37.5
-281.0, 38.5
-281.0, 39.5
-280.0, 40.5
-279.0, 41.5
-279.0, 42.5
-279.0, 43.5
-279.0, 44.5
-279.0, 45.5
-279.0, 46.5
-279.0, 47.5
-278.0, 48.5
-277.0, 48.5
-276.0, 49.5
-276.0, 50.5
-276.0, 51.5
-276.0, 52.5
-276.0, 53.5
-276.0, 54.5
-276.0, 55.5
-275.0, 56.5
-274.0, 56.5
-273.0, 57.5

CONTORNO 36
TIPO: HUECO
PROFUNDIDAD: 1
PUNTOS: 41

-441.0, 58.5
-440.0, 59.5
-439.0, 59.5
-438.0, 59.5
-437.0, 59.5
-436.0, 59.5
-435.0, 59.5
-434.0, 59.5
-433.0, 59.5
-432.0, 58.5
-432.0, 57.5
-432.0, 56.5
-432.0, 55.5
-432.0, 54.5
-432.0, 53.5
-432.0, 52.5
-432.0, 51.5
-431.0, 50.5
-430.0, 49.5
-429.0, 48.5
-430.0, 47.5
-431.0, 47.5
-432.0, 47.5
-433.0, 47.5
-434.0, 47.5
-435.0, 47.5
-436.0, 47.5
-437.0, 47.5
-438.0, 47.5
-439.0, 47.5
-440.0, 47.5
-441.0, 48.5
-441.0, 49.5
-441.0, 50.5
-441.0, 51.5
-441.0, 52.5
-441.0, 53.5
-441.0, 54.5
-441.0, 55.5
-441.0, 56.5
-441.0, 57.5

CONTORNO 37
TIPO: HUECO
PROFUNDIDAD: 1
PUNTOS: 178

447.0, 63.5
448.0, 64.5
449.0, 64.5
450.0, 64.5
451.0, 63.5
451.0, 62.5
451.0, 61.5
451.0, 60.5
451.0, 59.5
451.0, 58.5
451.0, 57.5
451.0, 56.5
450.0, 55.5
449.0, 55.5
448.0, 54.5
448.0, 53.5
448.0, 52.5
448.0, 51.5
448.0, 50.5
448.0, 49.5
449.0, 48.5
450.0, 48.5
451.0, 48.5
452.0, 48.5
453.0, 48.5
454.0, 48.5
455.0, 48.5
456.0, 47.5
456.0, 46.5
456.0, 45.5
456.0, 44.5
456.0, 43.5
456.0, 42.5
456.0, 41.5
457.0, 40.5
458.0, 40.5
459.0, 40.5
460.0, 40.5
461.0, 40.5
462.0, 40.5
463.0, 41.5
463.0, 42.5
464.0, 43.5
465.0, 43.5
466.0, 43.5
467.0, 43.5
468.0, 43.5
469.0, 43.5
470.0, 43.5
471.0, 43.5
472.0, 42.5
472.0, 41.5
472.0, 40.5
472.0, 39.5
472.0, 38.5
472.0, 37.5
472.0, 36.5
472.0, 35.5
472.0, 34.5
472.0, 33.5
473.0, 32.5
474.0, 32.5
475.0, 31.5
475.0, 30.5
475.0, 29.5
475.0, 28.5
475.0, 27.5
475.0, 26.5
475.0, 25.5
475.0, 24.5
474.0, 23.5
473.0, 23.5
472.0, 22.5
472.0, 21.5
472.0, 20.5
472.0, 19.5
472.0, 18.5
472.0, 17.5
472.0, 16.5
471.0, 15.5
470.0, 15.5
469.0, 15.5
468.0, 16.5
468.0, 17.5
468.0, 18.5
468.0, 19.5
468.0, 20.5
468.0, 21.5
468.0, 22.5
468.0, 23.5
469.0, 24.5
470.0, 24.5
471.0, 25.5
471.0, 26.5
471.0, 27.5
471.0, 28.5
471.0, 29.5
471.0, 30.5
470.0, 31.5
469.0, 31.5
468.0, 31.5
467.0, 31.5
466.0, 31.5
465.0, 31.5
464.0, 30.5
464.0, 29.5
464.0, 28.5
464.0, 27.5
464.0, 26.5
464.0, 25.5
464.0, 24.5
464.0, 23.5
464.0, 22.5
464.0, 21.5
463.0, 20.5
462.0, 20.5
461.0, 20.5
460.0, 20.5
459.0, 20.5
458.0, 20.5
457.0, 20.5
456.0, 20.5
455.0, 21.5
455.0, 22.5
455.0, 23.5
456.0, 24.5
457.0, 24.5
458.0, 24.5
459.0, 24.5
460.0, 25.5
460.0, 26.5
460.0, 27.5
460.0, 28.5
460.0, 29.5
460.0, 30.5
459.0, 31.5
458.0, 31.5
457.0, 31.5
456.0, 31.5
455.0, 31.5
454.0, 31.5
453.0, 31.5
452.0, 31.5
451.0, 31.5
450.0, 31.5
449.0, 32.5
449.0, 33.5
449.0, 34.5
449.0, 35.5
449.0, 36.5
449.0, 37.5
449.0, 38.5
448.0, 39.5
447.0, 40.5
447.0, 41.5
447.0, 42.5
447.0, 43.5
447.0, 44.5
447.0, 45.5
447.0, 46.5
446.0, 47.5
445.0, 47.5
444.0, 48.5
444.0, 49.5
444.0, 50.5
444.0, 51.5
444.0, 52.5
444.0, 53.5
444.0, 54.5
444.0, 55.5
445.0, 56.5
446.0, 56.5
447.0, 57.5
447.0, 58.5
447.0, 59.5
447.0, 60.5
447.0, 61.5
447.0, 62.5

CONTORNO 38
TIPO: HUECO
PROFUNDIDAD: 1
PUNTOS: 76

-313.0, 71.5
-312.0, 72.5
-311.0, 72.5
-310.0, 72.5
-309.0, 72.5
-308.0, 72.5
-307.0, 72.5
-306.0, 72.5
-305.0, 72.5
-304.0, 71.5
-304.0, 70.5
-304.0, 69.5
-304.0, 68.5
-304.0, 67.5
-304.0, 66.5
-304.0, 65.5
-304.0, 64.5
-304.0, 63.5
-304.0, 62.5
-304.0, 61.5
-304.0, 60.5
-304.0, 59.5
-304.0, 58.5
-304.0, 57.5
-304.0, 56.5
-304.0, 55.5
-304.0, 54.5
-304.0, 53.5
-304.0, 52.5
-304.0, 51.5
-304.0, 50.5
-304.0, 49.5
-304.0, 48.5
-305.0, 47.5
-306.0, 47.5
-307.0, 47.5
-308.0, 48.5
-308.0, 49.5
-308.0, 50.5
-308.0, 51.5
-308.0, 52.5
-308.0, 53.5
-308.0, 54.5
-308.0, 55.5
-308.0, 56.5
-308.0, 57.5
-308.0, 58.5
-308.0, 59.5
-308.0, 60.5
-308.0, 61.5
-308.0, 62.5
-309.0, 63.5
-310.0, 63.5
-311.0, 63.5
-312.0, 63.5
-313.0, 63.5
-314.0, 63.5
-315.0, 63.5
-316.0, 63.5
-317.0, 63.5
-318.0, 63.5
-319.0, 63.5
-320.0, 63.5
-321.0, 64.5
-321.0, 65.5
-321.0, 66.5
-320.0, 67.5
-319.0, 67.5
-318.0, 67.5
-317.0, 67.5
-316.0, 67.5
-315.0, 67.5
-314.0, 67.5
-313.0, 68.5
-313.0, 69.5
-313.0, 70.5

CONTORNO 39
TIPO: HUECO
PROFUNDIDAD: 1
PUNTOS: 78

-481.0, 74.5
-480.0, 75.5
-479.0, 75.5
-478.0, 75.5
-477.0, 75.5
-476.0, 75.5
-475.0, 75.5
-474.0, 75.5
-473.0, 75.5
-472.0, 74.5
-472.0, 73.5
-472.0, 72.5
-473.0, 71.5
-474.0, 71.5
-475.0, 71.5
-476.0, 71.5
-477.0, 71.5
-478.0, 71.5
-479.0, 71.5
-480.0, 70.5
-480.0, 69.5
-480.0, 68.5
-480.0, 67.5
-480.0, 66.5
-480.0, 65.5
-480.0, 64.5
-480.0, 63.5
-480.0, 62.5
-480.0, 61.5
-481.0, 60.5
-482.0, 60.5
-483.0, 60.5
-484.0, 60.5
-485.0, 60.5
-486.0, 60.5
-487.0, 60.5
-488.0, 59.5
-488.0, 58.5
-488.0, 57.5
-488.0, 56.5
-489.0, 55.5
-490.0, 55.5
-491.0, 55.5
-492.0, 55.5
-493.0, 55.5
-494.0, 55.5
-495.0, 55.5
-496.0, 55.5
-497.0, 56.5
-497.0, 57.5
-497.0, 58.5
-497.0, 59.5
-497.0, 60.5
-497.0, 61.5
-497.0, 62.5
-497.0, 63.5
-496.0, 64.5
-495.0, 64.5
-494.0, 64.5
-493.0, 64.5
-492.0, 64.5
-491.0, 64.5
-490.0, 64.5
-489.0, 64.5
-488.0, 64.5
-487.0, 64.5
-486.0, 64.5
-485.0, 64.5
-484.0, 65.5
-484.0, 66.5
-484.0, 67.5
-484.0, 68.5
-484.0, 69.5
-484.0, 70.5
-484.0, 71.5
-483.0, 72.5
-482.0, 72.5
-481.0, 73.5

CONTORNO 40
TIPO: HUECO
PROFUNDIDAD: 1
PUNTOS: 64

495.0, 87.5
496.0, 88.5
497.0, 88.5
498.0, 88.5
499.0, 87.5
499.0, 86.5
499.0, 85.5
499.0, 84.5
499.0, 83.5
499.0, 82.5
499.0, 81.5
499.0, 80.5
498.0, 79.5
497.0, 79.5
496.0, 78.5
496.0, 77.5
496.0, 76.5
496.0, 75.5
496.0, 74.5
496.0, 73.5
496.0, 72.5
496.0, 71.5
496.0, 70.5
496.0, 69.5
496.0, 68.5
496.0, 67.5
496.0, 66.5
496.0, 65.5
496.0, 64.5
495.0, 63.5
494.0, 63.5
493.0, 63.5
492.0, 63.5
491.0, 63.5
490.0, 63.5
489.0, 63.5
488.0, 63.5
487.0, 64.5
487.0, 65.5
487.0, 66.5
487.0, 67.5
487.0, 68.5
487.0, 69.5
487.0, 70.5
487.0, 71.5
488.0, 72.5
489.0, 72.5
490.0, 72.5
491.0, 72.5
492.0, 73.5
492.0, 74.5
492.0, 75.5
492.0, 76.5
492.0, 77.5
492.0, 78.5
492.0, 79.5
493.0, 80.5
494.0, 80.5
495.0, 81.5
495.0, 82.5
495.0, 83.5
495.0, 84.5
495.0, 85.5
495.0, 86.5

CONTORNO 41
TIPO: HUECO
PROFUNDIDAD: 1
PUNTOS: 46

-228.0, 87.5
-227.0, 88.5
-226.0, 88.5
-225.0, 88.5
-224.0, 87.5
-224.0, 86.5
-224.0, 85.5
-224.0, 84.5
-224.0, 83.5
-224.0, 82.5
-224.0, 81.5
-224.0, 80.5
-224.0, 79.5
-224.0, 78.5
-224.0, 77.5
-224.0, 76.5
-224.0, 75.5
-224.0, 74.5
-224.0, 73.5
-224.0, 72.5
-225.0, 71.5
-226.0, 71.5
-227.0, 71.5
-228.0, 71.5
-229.0, 71.5
-230.0, 71.5
-231.0, 71.5
-232.0, 71.5
-233.0, 72.5
-233.0, 73.5
-233.0, 74.5
-233.0, 75.5
-233.0, 76.5
-233.0, 77.5
-233.0, 78.5
-233.0, 79.5
-232.0, 80.5
-231.0, 80.5
-230.0, 80.5
-229.0, 80.5
-228.0, 81.5
-228.0, 82.5
-228.0, 83.5
-228.0, 84.5
-228.0, 85.5
-228.0, 86.5

CONTORNO 42
TIPO: HUECO
PROFUNDIDAD: 1
PUNTOS: 52

-252.0, 87.5
-251.0, 88.5
-250.0, 88.5
-249.0, 88.5
-248.0, 88.5
-247.0, 88.5
-246.0, 88.5
-245.0, 88.5
-244.0, 88.5
-243.0, 88.5
-242.0, 88.5
-241.0, 88.5
-240.0, 88.5
-239.0, 88.5
-238.0, 88.5
-237.0, 88.5
-236.0, 88.5
-235.0, 88.5
-234.0, 88.5
-233.0, 88.5
-232.0, 87.5
-232.0, 86.5
-232.0, 85.5
-232.0, 84.5
-232.0, 83.5
-232.0, 82.5
-233.0, 81.5
-234.0, 81.5
-235.0, 81.5
-236.0, 81.5
-237.0, 81.5
-238.0, 81.5
-239.0, 81.5
-240.0, 81.5
-241.0, 81.5
-242.0, 81.5
-243.0, 81.5
-244.0, 81.5
-245.0, 81.5
-246.0, 81.5
-247.0, 81.5
-248.0, 80.5
-249.0, 79.5
-250.0, 79.5
-251.0, 79.5
-252.0, 80.5
-252.0, 81.5
-252.0, 82.5
-252.0, 83.5
-252.0, 84.5
-252.0, 85.5
-252.0, 86.5

CONTORNO 43
TIPO: HUECO
PROFUNDIDAD: 1
PUNTOS: 124

-361.0, 90.5
-360.0, 91.5
-359.0, 91.5
-358.0, 91.5
-357.0, 91.5
-356.0, 91.5
-355.0, 91.5
-354.0, 91.5
-353.0, 91.5
-352.0, 91.5
-351.0, 91.5
-350.0, 91.5
-349.0, 91.5
-348.0, 91.5
-347.0, 91.5
-346.0, 91.5
-345.0, 91.5
-344.0, 90.5
-344.0, 89.5
-343.0, 88.5
-342.0, 88.5
-341.0, 88.5
-340.0, 88.5
-339.0, 88.5
-338.0, 88.5
-337.0, 88.5
-336.0, 87.5
-336.0, 86.5
-336.0, 85.5
-336.0, 84.5
-336.0, 83.5
-336.0, 82.5
-336.0, 81.5
-336.0, 80.5
-335.0, 79.5
-334.0, 80.5
-333.0, 80.5
-332.0, 80.5
-331.0, 80.5
-330.0, 80.5
-329.0, 80.5
-328.0, 79.5
-328.0, 78.5
-328.0, 77.5
-328.0, 76.5
-328.0, 75.5
-328.0, 74.5
-328.0, 73.5
-328.0, 72.5
-329.0, 71.5
-330.0, 71.5
-331.0, 71.5
-332.0, 71.5
-333.0, 71.5
-334.0, 71.5
-335.0, 72.5
-335.0, 73.5
-335.0, 74.5
-335.0, 75.5
-335.0, 76.5
-336.0, 77.5
-337.0, 76.5
-338.0, 76.5
-339.0, 76.5
-340.0, 76.5
-341.0, 76.5
-342.0, 76.5
-343.0, 76.5
-344.0, 76.5
-345.0, 77.5
-345.0, 78.5
-345.0, 79.5
-345.0, 80.5
-345.0, 81.5
-345.0, 82.5
-345.0, 83.5
-345.0, 84.5
-345.0, 85.5
-345.0, 86.5
-346.0, 87.5
-347.0, 87.5
-348.0, 87.5
-349.0, 87.5
-350.0, 87.5
-351.0, 87.5
-352.0, 86.5
-352.0, 85.5
-352.0, 84.5
-352.0, 83.5
-352.0, 82.5
-352.0, 81.5
-352.0, 80.5
-352.0, 79.5
-352.0, 78.5
-352.0, 77.5
-352.0, 76.5
-352.0, 75.5
-352.0, 74.5
-352.0, 73.5
-352.0, 72.5
-353.0, 71.5
-354.0, 71.5
-355.0, 71.5
-356.0, 72.5
-356.0, 73.5
-356.0, 74.5
-356.0, 75.5
-356.0, 76.5
-356.0, 77.5
-356.0, 78.5
-356.0, 79.5
-356.0, 80.5
-356.0, 81.5
-356.0, 82.5
-356.0, 83.5
-356.0, 84.5
-356.0, 85.5
-356.0, 86.5
-357.0, 87.5
-358.0, 87.5
-359.0, 87.5
-360.0, 87.5
-361.0, 88.5
-361.0, 89.5

CONTORNO 44
TIPO: HUECO
PROFUNDIDAD: 1
PUNTOS: 44

-417.0, 90.5
-416.0, 91.5
-415.0, 91.5
-414.0, 91.5
-413.0, 91.5
-412.0, 91.5
-411.0, 91.5
-410.0, 91.5
-409.0, 91.5
-408.0, 90.5
-408.0, 89.5
-408.0, 88.5
-408.0, 87.5
-408.0, 86.5
-408.0, 85.5
-408.0, 84.5
-408.0, 83.5
-408.0, 82.5
-408.0, 81.5
-408.0, 80.5
-408.0, 79.5
-408.0, 78.5
-408.0, 77.5
-409.0, 76.5
-410.0, 76.5
-411.0, 76.5
-412.0, 76.5
-413.0, 76.5
-414.0, 76.5
-415.0, 76.5
-416.0, 76.5
-417.0, 77.5
-417.0, 78.5
-417.0, 79.5
-416.0, 80.5
-415.0, 81.5
-415.0, 82.5
-415.0, 83.5
-415.0, 84.5
-415.0, 85.5
-415.0, 86.5
-416.0, 87.5
-417.0, 88.5
-417.0, 89.5

CONTORNO 45
TIPO: HUECO
PROFUNDIDAD: 1
PUNTOS: 197

303.0, 95.5
304.0, 96.5
305.0, 96.5
306.0, 96.5
307.0, 95.5
307.0, 94.5
307.0, 93.5
307.0, 92.5
307.0, 91.5
307.0, 90.5
307.0, 89.5
308.0, 88.5
309.0, 88.5
310.0, 88.5
311.0, 88.5
312.0, 87.5
313.0, 87.5
314.0, 88.5
315.0, 88.5
316.0, 88.5
317.0, 88.5
318.0, 88.5
319.0, 88.5
320.0, 87.5
320.0, 86.5
320.0, 85.5
320.0, 84.5
320.0, 83.5
320.0, 82.5
320.0, 81.5
320.0, 80.5
320.0, 79.5
320.0, 78.5
320.0, 77.5
320.0, 76.5
320.0, 75.5
320.0, 74.5
320.0, 73.5
320.0, 72.5
320.0, 71.5
320.0, 70.5
320.0, 69.5
319.0, 68.5
318.0, 68.5
317.0, 68.5
316.0, 68.5
315.0, 68.5
314.0, 68.5
313.0, 68.5
312.0, 68.5
311.0, 69.5
311.0, 70.5
310.0, 71.5
311.0, 72.5
311.0, 73.5
311.0, 74.5
311.0, 75.5
310.0, 76.5
309.0, 76.5
308.0, 76.5
307.0, 76.5
306.0, 76.5
305.0, 76.5
304.0, 75.5
304.0, 74.5
304.0, 73.5
305.0, 72.5
306.0, 72.5
307.0, 72.5
308.0, 72.5
309.0, 72.5
310.0, 71.5
309.0, 70.5
308.0, 69.5
308.0, 68.5
307.0, 67.5
306.0, 66.5
305.0, 66.5
304.0, 65.5
304.0, 64.5
303.0, 63.5
302.0, 63.5
301.0, 63.5
300.0, 63.5
299.0, 63.5
298.0, 63.5
297.0, 63.5
296.0, 63.5
295.0, 64.5
295.0, 65.5
295.0, 66.5
295.0, 67.5
295.0, 68.5
295.0, 69.5
295.0, 70.5
294.0, 71.5
293.0, 70.5
292.0, 69.5
292.0, 68.5
291.0, 67.5
290.0, 66.5
289.0, 66.5
288.0, 65.5
287.0, 65.5
286.0, 65.5
285.0, 65.5
284.0, 65.5
283.0, 65.5
282.0, 65.5
281.0, 65.5
280.0, 65.5
279.0, 65.5
278.0, 65.5
277.0, 65.5
276.0, 65.5
275.0, 65.5
274.0, 65.5
273.0, 65.5
272.0, 64.5
271.0, 63.5
270.0, 63.5
269.0, 63.5
268.0, 63.5
267.0, 63.5
266.0, 63.5
265.0, 63.5
264.0, 63.5
263.0, 64.5
263.0, 65.5
263.0, 66.5
264.0, 67.5
265.0, 67.5
266.0, 67.5
267.0, 67.5
268.0, 67.5
269.0, 67.5
270.0, 67.5
271.0, 68.5
271.0, 69.5
271.0, 70.5
271.0, 71.5
272.0, 72.5
273.0, 72.5
274.0, 72.5
275.0, 72.5
276.0, 72.5
277.0, 72.5
278.0, 72.5
279.0, 73.5
279.0, 74.5
280.0, 75.5
281.0, 76.5
282.0, 76.5
283.0, 77.5
283.0, 78.5
282.0, 79.5
281.0, 79.5
280.0, 79.5
279.0, 80.5
279.0, 81.5
279.0, 82.5
280.0, 83.5
281.0, 83.5
282.0, 83.5
283.0, 83.5
284.0, 83.5
285.0, 83.5
286.0, 83.5
287.0, 84.5
287.0, 85.5
288.0, 86.5
289.0, 86.5
290.0, 86.5
291.0, 86.5
292.0, 86.5
293.0, 86.5
294.0, 86.5
295.0, 86.5
296.0, 85.5
296.0, 84.5
297.0, 83.5
298.0, 83.5
299.0, 83.5
300.0, 83.5
301.0, 83.5
302.0, 83.5
303.0, 84.5
303.0, 85.5
303.0, 86.5
303.0, 87.5
303.0, 88.5
303.0, 89.5
303.0, 90.5
303.0, 91.5
303.0, 92.5
303.0, 93.5
303.0, 94.5

CONTORNO 46
TIPO: HUECO
PROFUNDIDAD: 1
PUNTOS: 86

-188.0, 95.5
-187.0, 96.5
-186.0, 96.5
-185.0, 96.5
-184.0, 95.5
-183.0, 95.5
-182.0, 96.5
-181.0, 96.5
-180.0, 96.5
-179.0, 96.5
-178.0, 96.5
-177.0, 96.5
-176.0, 95.5
-176.0, 94.5
-176.0, 93.5
-176.0, 92.5
-176.0, 91.5
-176.0, 90.5
-176.0, 89.5
-176.0, 88.5
-176.0, 87.5
-176.0, 86.5
-176.0, 85.5
-176.0, 84.5
-176.0, 83.5
-176.0, 82.5
-176.0, 81.5
-176.0, 80.5
-177.0, 79.5
-178.0, 79.5
-179.0, 79.5
-180.0, 79.5
-181.0, 79.5
-182.0, 79.5
-183.0, 79.5
-184.0, 78.5
-184.0, 77.5
-185.0, 76.5
-186.0, 76.5
-187.0, 76.5
-188.0, 76.5
-189.0, 76.5
-190.0, 76.5
-191.0, 76.5
-192.0, 76.5
-193.0, 77.5
-193.0, 78.5
-194.0, 79.5
-195.0, 79.5
-196.0, 79.5
-197.0, 79.5
-198.0, 79.5
-199.0, 80.5
-198.0, 81.5
-197.0, 82.5
-197.0, 83.5
-196.0, 84.5
-195.0, 85.5
-194.0, 85.5
-193.0, 86.5
-192.0, 85.5
-192.0, 84.5
-192.0, 83.5
-192.0, 82.5
-192.0, 81.5
-191.0, 80.5
-190.0, 80.5
-189.0, 80.5
-188.0, 80.5
-187.0, 80.5
-186.0, 80.5
-185.0, 81.5
-185.0, 82.5
-185.0, 83.5
-185.0, 84.5
-185.0, 85.5
-185.0, 86.5
-186.0, 87.5
-187.0, 87.5
-188.0, 88.5
-188.0, 89.5
-188.0, 90.5
-188.0, 91.5
-188.0, 92.5
-188.0, 93.5
-188.0, 94.5

CONTORNO 47
TIPO: HUECO
PROFUNDIDAD: 1
PUNTOS: 222

-284.0, 95.5
-283.0, 96.5
-282.0, 96.5
-281.0, 96.5
-280.0, 95.5
-280.0, 94.5
-280.0, 93.5
-280.0, 92.5
-280.0, 91.5
-280.0, 90.5
-280.0, 89.5
-279.0, 88.5
-278.0, 88.5
-277.0, 88.5
-276.0, 88.5
-275.0, 88.5
-274.0, 87.5
-274.0, 86.5
-274.0, 85.5
-274.0, 84.5
-274.0, 83.5
-273.0, 82.5
-272.0, 83.5
-271.0, 83.5
-270.0, 83.5
-269.0, 83.5
-268.0, 83.5
-267.0, 83.5
-266.0, 83.5
-265.0, 84.5
-265.0, 85.5
-265.0, 86.5
-265.0, 87.5
-264.0, 88.5
-263.0, 88.5
-262.0, 88.5
-261.0, 88.5
-260.0, 88.5
-259.0, 88.5
-258.0, 88.5
-257.0, 88.5
-256.0, 87.5
-256.0, 86.5
-256.0, 85.5
-256.0, 84.5
-256.0, 83.5
-256.0, 82.5
-256.0, 81.5
-256.0, 80.5
-256.0, 79.5
-256.0, 78.5
-256.0, 77.5
-257.0, 76.5
-258.0, 76.5
-259.0, 76.5
-260.0, 76.5
-261.0, 76.5
-262.0, 76.5
-263.0, 76.5
-264.0, 75.5
-264.0, 74.5
-265.0, 73.5
-266.0, 73.5
-267.0, 73.5
-268.0, 73.5
-269.0, 73.5
-270.0, 72.5
-269.0, 71.5
-269.0, 70.5
-269.0, 69.5
-269.0, 68.5
-269.0, 67.5
-269.0, 66.5
-269.0, 65.5
-269.0, 64.5
-270.0, 63.5
-271.0, 63.5
-272.0, 63.5
-273.0, 64.5
-273.0, 65.5
-273.0, 66.5
-273.0, 67.5
-273.0, 68.5
-273.0, 69.5
-273.0, 70.5
-273.0, 71.5
-272.0, 72.5
-272.0, 73.5
-273.0, 74.5
-274.0, 73.5
-274.0, 72.5
-275.0, 71.5
-276.0, 71.5
-277.0, 71.5
-278.0, 71.5
-279.0, 71.5
-280.0, 70.5
-280.0, 69.5
-280.0, 68.5
-280.0, 67.5
-280.0, 66.5
-280.0, 65.5
-279.0, 64.5
-278.0, 64.5
-277.0, 63.5
-277.0, 62.5
-277.0, 61.5
-277.0, 60.5
-277.0, 59.5
-277.0, 58.5
-277.0, 57.5
-277.0, 56.5
-278.0, 55.5
-279.0, 55.5
-280.0, 54.5
-280.0, 53.5
-281.0, 52.5
-282.0, 52.5
-283.0, 52.5
-284.0, 52.5
-285.0, 52.5
-286.0, 52.5
-287.0, 52.5
-288.0, 52.5
-289.0, 53.5
-289.0, 54.5
-289.0, 55.5
-288.0, 56.5
-287.0, 56.5
-286.0, 56.5
-285.0, 56.5
-284.0, 56.5
-283.0, 56.5
-282.0, 56.5
-281.0, 57.5
-281.0, 58.5
-281.0, 59.5
-281.0, 60.5
-281.0, 61.5
-281.0, 62.5
-282.0, 63.5
-283.0, 63.5
-284.0, 63.5
-285.0, 63.5
-286.0, 63.5
-287.0, 63.5
-288.0, 63.5
-289.0, 64.5
-289.0, 65.5
-289.0, 66.5
-289.0, 67.5
-289.0, 68.5
-289.0, 69.5
-289.0, 70.5
-290.0, 71.5
-291.0, 71.5
-292.0, 71.5
-293.0, 71.5
-294.0, 71.5
-295.0, 72.5
-296.0, 72.5
-297.0, 71.5
-298.0, 71.5
-299.0, 71.5
-300.0, 71.5
-301.0, 71.5
-302.0, 71.5
-303.0, 72.5
-302.0, 73.5
-301.0, 74.5
-301.0, 75.5
-300.0, 76.5
-299.0, 77.5
-298.0, 77.5
-297.0, 78.5
-296.0, 77.5
-295.0, 78.5
-296.0, 79.5
-297.0, 80.5
-297.0, 81.5
-297.0, 82.5
-297.0, 83.5
-297.0, 84.5
-297.0, 85.5
-297.0, 86.5
-297.0, 87.5
-296.0, 88.5
-295.0, 88.5
-294.0, 88.5
-293.0, 87.5
-293.0, 86.5
-293.0, 85.5
-293.0, 84.5
-293.0, 83.5
-293.0, 82.5
-293.0, 81.5
-292.0, 80.5
-291.0, 80.5
-290.0, 80.5
-289.0, 80.5
-288.0, 80.5
-287.0, 80.5
-286.0, 80.5
-285.0, 80.5
-284.0, 80.5
-283.0, 80.5
-282.0, 80.5
-281.0, 81.5
-281.0, 82.5
-281.0, 83.5
-281.0, 84.5
-281.0, 85.5
-281.0, 86.5
-282.0, 87.5
-283.0, 87.5
-284.0, 88.5
-284.0, 89.5
-284.0, 90.5
-284.0, 91.5
-284.0, 92.5
-284.0, 93.5
-284.0, 94.5

CONTORNO 48
TIPO: HUECO
PROFUNDIDAD: 1
PUNTOS: 106

335.0, 98.5
336.0, 99.5
337.0, 99.5
338.0, 99.5
339.0, 99.5
340.0, 99.5
341.0, 99.5
342.0, 99.5
343.0, 99.5
344.0, 99.5
345.0, 99.5
346.0, 99.5
347.0, 99.5
348.0, 99.5
349.0, 99.5
350.0, 99.5
351.0, 99.5
352.0, 98.5
352.0, 97.5
352.0, 96.5
352.0, 95.5
352.0, 94.5
352.0, 93.5
352.0, 92.5
352.0, 91.5
352.0, 90.5
352.0, 89.5
352.0, 88.5
352.0, 87.5
352.0, 86.5
352.0, 85.5
352.0, 84.5
352.0, 83.5
352.0, 82.5
351.0, 81.5
351.0, 80.5
352.0, 79.5
352.0, 78.5
352.0, 77.5
352.0, 76.5
352.0, 75.5
352.0, 74.5
352.0, 73.5
352.0, 72.5
351.0, 71.5
350.0, 71.5
349.0, 71.5
348.0, 71.5
347.0, 71.5
346.0, 71.5
345.0, 71.5
344.0, 71.5
343.0, 72.5
343.0, 73.5
343.0, 74.5
343.0, 75.5
343.0, 76.5
343.0, 77.5
343.0, 78.5
343.0, 79.5
344.0, 80.5
344.0, 81.5
343.0, 82.5
343.0, 83.5
342.0, 84.5
341.0, 84.5
340.0, 84.5
339.0, 84.5
338.0, 84.5
337.0, 84.5
336.0, 84.5
335.0, 85.5
335.0, 86.5
335.0, 87.5
336.0, 88.5
337.0, 88.5
338.0, 88.5
339.0, 88.5
340.0, 88.5
341.0, 88.5
342.0, 88.5
343.0, 88.5
344.0, 88.5
345.0, 88.5
346.0, 88.5
347.0, 88.5
348.0, 89.5
348.0, 90.5
348.0, 91.5
348.0, 92.5
348.0, 93.5
348.0, 94.5
347.0, 95.5
346.0, 95.5
345.0, 95.5
344.0, 95.5
343.0, 95.5
342.0, 95.5
341.0, 95.5
340.0, 95.5
339.0, 95.5
338.0, 95.5
337.0, 95.5
336.0, 95.5
335.0, 96.5
335.0, 97.5

CONTORNO 49
TIPO: HUECO
PROFUNDIDAD: 1
PUNTOS: 70

-457.0, 111.5
-456.0, 112.5
-455.0, 112.5
-454.0, 112.5
-453.0, 112.5
-452.0, 112.5
-451.0, 112.5
-450.0, 112.5
-449.0, 112.5
-448.0, 111.5
-448.0, 110.5
-448.0, 109.5
-448.0, 108.5
-448.0, 107.5
-448.0, 106.5
-448.0, 105.5
-447.0, 104.5
-446.0, 104.5
-445.0, 103.5
-445.0, 102.5
-445.0, 101.5
-445.0, 100.5
-445.0, 99.5
-445.0, 98.5
-445.0, 97.5
-445.0, 96.5
-446.0, 95.5
-447.0, 95.5
-448.0, 95.5
-449.0, 95.5
-450.0, 95.5
-451.0, 95.5
-452.0, 95.5
-453.0, 95.5
-454.0, 95.5
-455.0, 95.5
-456.0, 95.5
-457.0, 96.5
-457.0, 97.5
-457.0, 98.5
-456.0, 99.5
-455.0, 99.5
-454.0, 99.5
-453.0, 99.5
-452.0, 99.5
-451.0, 99.5
-450.0, 99.5
-449.0, 100.5
-449.0, 101.5
-449.0, 102.5
-450.0, 103.5
-451.0, 103.5
-452.0, 103.5
-453.0, 103.5
-454.0, 103.5
-455.0, 103.5
-456.0, 102.5
-456.0, 101.5
-457.0, 100.5
-458.0, 101.5
-459.0, 102.5
-460.0, 103.5
-459.0, 104.5
-458.0, 104.5
-457.0, 105.5
-457.0, 106.5
-457.0, 107.5
-457.0, 108.5
-457.0, 109.5
-457.0, 110.5

CONTORNO 50
TIPO: HUECO
PROFUNDIDAD: 1
PUNTOS: 104

319.0, 127.5
320.0, 128.5
321.0, 128.5
322.0, 128.5
323.0, 128.5
324.0, 128.5
325.0, 128.5
326.0, 128.5
327.0, 128.5
328.0, 128.5
329.0, 128.5
330.0, 128.5
331.0, 128.5
332.0, 128.5
333.0, 128.5
334.0, 128.5
335.0, 128.5
336.0, 127.5
336.0, 126.5
336.0, 125.5
336.0, 124.5
336.0, 123.5
336.0, 122.5
336.0, 121.5
336.0, 120.5
336.0, 119.5
336.0, 118.5
336.0, 117.5
336.0, 116.5
336.0, 115.5
336.0, 114.5
336.0, 113.5
336.0, 112.5
335.0, 111.5
335.0, 110.5
336.0, 109.5
336.0, 108.5
336.0, 107.5
336.0, 106.5
336.0, 105.5
336.0, 104.5
335.0, 103.5
334.0, 103.5
333.0, 103.5
332.0, 103.5
331.0, 102.5
331.0, 101.5
331.0, 100.5
331.0, 99.5
331.0, 98.5
331.0, 97.5
331.0, 96.5
330.0, 95.5
329.0, 95.5
328.0, 95.5
327.0, 96.5
327.0, 97.5
327.0, 98.5
327.0, 99.5
327.0, 100.5
327.0, 101.5
327.0, 102.5
327.0, 103.5
327.0, 104.5
327.0, 105.5
327.0, 106.5
327.0, 107.5
327.0, 108.5
327.0, 109.5
328.0, 110.5
328.0, 111.5
327.0, 112.5
326.0, 113.5
325.0, 113.5
324.0, 113.5
323.0, 113.5
322.0, 113.5
321.0, 113.5
320.0, 113.5
319.0, 114.5
319.0, 115.5
319.0, 116.5
319.0, 117.5
319.0, 118.5
319.0, 119.5
320.0, 120.5
321.0, 120.5
322.0, 120.5
323.0, 120.5
324.0, 120.5
325.0, 120.5
326.0, 120.5
327.0, 121.5
327.0, 122.5
327.0, 123.5
326.0, 124.5
325.0, 124.5
324.0, 124.5
323.0, 124.5
322.0, 124.5
321.0, 124.5
320.0, 124.5
319.0, 125.5
319.0, 126.5

CONTORNO 51
TIPO: HUECO
PROFUNDIDAD: 1
PUNTOS: 64

239.0, 127.5
240.0, 128.5
241.0, 128.5
242.0, 128.5
243.0, 128.5
244.0, 128.5
245.0, 128.5
246.0, 128.5
247.0, 128.5
248.0, 127.5
249.0, 126.5
250.0, 126.5
251.0, 126.5
252.0, 126.5
253.0, 126.5
254.0, 126.5
255.0, 126.5
256.0, 126.5
257.0, 126.5
258.0, 126.5
259.0, 126.5
260.0, 126.5
261.0, 126.5
262.0, 126.5
263.0, 126.5
264.0, 125.5
264.0, 124.5
264.0, 123.5
264.0, 122.5
264.0, 121.5
264.0, 120.5
263.0, 119.5
262.0, 119.5
261.0, 119.5
260.0, 119.5
259.0, 119.5
258.0, 119.5
257.0, 119.5
256.0, 118.5
256.0, 117.5
255.0, 116.5
254.0, 116.5
253.0, 116.5
252.0, 116.5
251.0, 116.5
250.0, 116.5
249.0, 116.5
248.0, 116.5
247.0, 117.5
247.0, 118.5
247.0, 119.5
247.0, 120.5
247.0, 121.5
247.0, 122.5
247.0, 123.5
246.0, 124.5
245.0, 124.5
244.0, 124.5
243.0, 124.5
242.0, 124.5
241.0, 124.5
240.0, 124.5
239.0, 125.5
239.0, 126.5

CONTORNO 52
TIPO: HUECO
PROFUNDIDAD: 1
PUNTOS: 150

-201.0, 127.5
-200.0, 128.5
-199.0, 128.5
-198.0, 128.5
-197.0, 128.5
-196.0, 128.5
-195.0, 128.5
-194.0, 127.5
-194.0, 126.5
-194.0, 125.5
-194.0, 124.5
-194.0, 123.5
-194.0, 122.5
-194.0, 121.5
-193.0, 120.5
-192.0, 119.5
-192.0, 118.5
-192.0, 117.5
-193.0, 116.5
-194.0, 116.5
-195.0, 116.5
-196.0, 116.5
-197.0, 116.5
-198.0, 116.5
-199.0, 116.5
-200.0, 115.5
-200.0, 114.5
-201.0, 113.5
-202.0, 113.5
-203.0, 113.5
-204.0, 113.5
-205.0, 113.5
-206.0, 113.5
-207.0, 113.5
-208.0, 113.5
-209.0, 114.5
-209.0, 115.5
-209.0, 116.5
-209.0, 117.5
-209.0, 118.5
-210.0, 119.5
-211.0, 119.5
-212.0, 119.5
-213.0, 118.5
-213.0, 117.5
-213.0, 116.5
-213.0, 115.5
-213.0, 114.5
-213.0, 113.5
-212.0, 112.5
-211.0, 112.5
-210.0, 112.5
-209.0, 112.5
-208.0, 111.5
-208.0, 110.5
-208.0, 109.5
-209.0, 108.5
-210.0, 108.5
-211.0, 108.5
-212.0, 108.5
-213.0, 108.5
-214.0, 108.5
-215.0, 108.5
-216.0, 108.5
-217.0, 109.5
-217.0, 110.5
-218.0, 111.5
-219.0, 111.5
-220.0, 111.5
-221.0, 110.5
-221.0, 109.5
-221.0, 108.5
-221.0, 107.5
-221.0, 106.5
-221.0, 105.5
-221.0, 104.5
-222.0, 103.5
-223.0, 103.5
-224.0, 102.5
-224.0, 101.5
-224.0, 100.5
-224.0, 99.5
-224.0, 98.5
-224.0, 97.5
-224.0, 96.5
-225.0, 95.5
-226.0, 95.5
-227.0, 95.5
-228.0, 96.5
-228.0, 97.5
-228.0, 98.5
-228.0, 99.5
-228.0, 100.5
-228.0, 101.5
-228.0, 102.5
-228.0, 103.5
-227.0, 104.5
-226.0, 104.5
-225.0, 105.5
-225.0, 106.5
-225.0, 107.5
-225.0, 108.5
-225.0, 109.5
-225.0, 110.5
-225.0, 111.5
-225.0, 112.5
-225.0, 113.5
-225.0, 114.5
-224.0, 115.5
-223.0, 115.5
-222.0, 115.5
-221.0, 115.5
-220.0, 115.5
-219.0, 115.5
-218.0, 115.5
-217.0, 116.5
-217.0, 117.5
-217.0, 118.5
-217.0, 119.5
-217.0, 120.5
-217.0, 121.5
-217.0, 122.5
-217.0, 123.5
-217.0, 124.5
-217.0, 125.5
-216.0, 126.5
-215.0, 126.5
-214.0, 126.5
-213.0, 126.5
-212.0, 126.5
-211.0, 126.5
-210.0, 126.5
-209.0, 126.5
-208.0, 125.5
-208.0, 124.5
-208.0, 123.5
-208.0, 122.5
-208.0, 121.5
-207.0, 120.5
-206.0, 120.5
-205.0, 120.5
-204.0, 120.5
-203.0, 120.5
-202.0, 120.5
-201.0, 121.5
-201.0, 122.5
-201.0, 123.5
-201.0, 124.5
-201.0, 125.5
-201.0, 126.5

CONTORNO 53
TIPO: HUECO
PROFUNDIDAD: 1
PUNTOS: 54

183.0, 135.5
184.0, 136.5
185.0, 136.5
186.0, 136.5
187.0, 136.5
188.0, 136.5
189.0, 136.5
190.0, 136.5
191.0, 136.5
192.0, 135.5
192.0, 134.5
192.0, 133.5
191.0, 132.5
190.0, 131.5
189.0, 131.5
188.0, 130.5
188.0, 129.5
187.0, 128.5
186.0, 127.5
185.0, 127.5
184.0, 126.5
184.0, 125.5
184.0, 124.5
184.0, 123.5
184.0, 122.5
184.0, 121.5
184.0, 120.5
183.0, 119.5
182.0, 119.5
181.0, 119.5
180.0, 120.5
180.0, 121.5
180.0, 122.5
180.0, 123.5
180.0, 124.5
180.0, 125.5
180.0, 126.5
179.0, 127.5
178.0, 127.5
177.0, 127.5
176.0, 127.5
175.0, 128.5
175.0, 129.5
175.0, 130.5
175.0, 131.5
175.0, 132.5
175.0, 133.5
176.0, 134.5
177.0, 134.5
178.0, 134.5
179.0, 134.5
180.0, 134.5
181.0, 134.5
182.0, 134.5

CONTORNO 54
TIPO: HUECO
PROFUNDIDAD: 1
PUNTOS: 159

-356.0, 135.5
-355.0, 136.5
-354.0, 136.5
-353.0, 136.5
-352.0, 135.5
-352.0, 134.5
-352.0, 133.5
-352.0, 132.5
-352.0, 131.5
-352.0, 130.5
-352.0, 129.5
-352.0, 128.5
-352.0, 127.5
-352.0, 126.5
-352.0, 125.5
-352.0, 124.5
-352.0, 123.5
-352.0, 122.5
-352.0, 121.5
-351.0, 120.5
-350.0, 120.5
-349.0, 120.5
-348.0, 120.5
-347.0, 120.5
-346.0, 120.5
-345.0, 120.5
-344.0, 120.5
-343.0, 120.5
-342.0, 120.5
-341.0, 120.5
-340.0, 120.5
-339.0, 120.5
-338.0, 119.5
-339.0, 118.5
-340.0, 117.5
-340.0, 116.5
-341.0, 115.5
-342.0, 114.5
-343.0, 114.5
-344.0, 113.5
-343.0, 112.5
-342.0, 112.5
-341.0, 111.5
-341.0, 110.5
-341.0, 109.5
-341.0, 108.5
-341.0, 107.5
-341.0, 106.5
-341.0, 105.5
-341.0, 104.5
-342.0, 103.5
-343.0, 103.5
-344.0, 103.5
-345.0, 104.5
-345.0, 105.5
-345.0, 106.5
-345.0, 107.5
-345.0, 108.5
-345.0, 109.5
-345.0, 110.5
-346.0, 111.5
-347.0, 111.5
-348.0, 111.5
-349.0, 110.5
-349.0, 109.5
-349.0, 108.5
-349.0, 107.5
-349.0, 106.5
-349.0, 105.5
-349.0, 104.5
-350.0, 103.5
-351.0, 103.5
-352.0, 102.5
-352.0, 101.5
-352.0, 100.5
-351.0, 99.5
-350.0, 99.5
-349.0, 99.5
-348.0, 99.5
-347.0, 99.5
-346.0, 99.5
-345.0, 99.5
-344.0, 98.5
-344.0, 97.5
-344.0, 96.5
-345.0, 95.5
-346.0, 95.5
-347.0, 95.5
-348.0, 95.5
-349.0, 95.5
-350.0, 95.5
-351.0, 95.5
-352.0, 95.5
-353.0, 95.5
-354.0, 95.5
-355.0, 95.5
-356.0, 96.5
-356.0, 97.5
-356.0, 98.5
-356.0, 99.5
-356.0, 100.5
-356.0, 101.5
-356.0, 102.5
-356.0, 103.5
-355.0, 104.5
-354.0, 104.5
-353.0, 105.5
-353.0, 106.5
-353.0, 107.5
-354.0, 108.5
-355.0, 108.5
-356.0, 108.5
-357.0, 108.5
-358.0, 108.5
-359.0, 108.5
-360.0, 108.5
-361.0, 108.5
-362.0, 108.5
-363.0, 108.5
-364.0, 108.5
-365.0, 108.5
-366.0, 108.5
-367.0, 108.5
-368.0, 108.5
-369.0, 109.5
-369.0, 110.5
-369.0, 111.5
-368.0, 112.5
-367.0, 112.5
-366.0, 112.5
-365.0, 112.5
-364.0, 113.5
-364.0, 114.5
-364.0, 115.5
-364.0, 116.5
-364.0, 117.5
-364.0, 118.5
-364.0, 119.5
-364.0, 120.5
-364.0, 121.5
-364.0, 122.5
-364.0, 123.5
-364.0, 124.5
-364.0, 125.5
-364.0, 126.5
-364.0, 127.5
-363.0, 128.5
-362.0, 128.5
-361.0, 128.5
-360.0, 127.5
-359.0, 127.5
-358.0, 128.5
-357.0, 128.5
-356.0, 129.5
-356.0, 130.5
-356.0, 131.5
-356.0, 132.5
-356.0, 133.5
-356.0, 134.5

CONTORNO 55
TIPO: HUECO
PROFUNDIDAD: 1
PUNTOS: 50

-481.0, 135.5
-480.0, 136.5
-479.0, 136.5
-478.0, 136.5
-477.0, 135.5
-477.0, 134.5
-477.0, 133.5
-477.0, 132.5
-477.0, 131.5
-477.0, 130.5
-477.0, 129.5
-477.0, 128.5
-477.0, 127.5
-477.0, 126.5
-477.0, 125.5
-477.0, 124.5
-477.0, 123.5
-477.0, 122.5
-477.0, 121.5
-477.0, 120.5
-478.0, 119.5
-479.0, 119.5
-480.0, 119.5
-481.0, 119.5
-482.0, 119.5
-483.0, 119.5
-484.0, 120.5
-484.0, 121.5
-484.0, 122.5
-484.0, 123.5
-484.0, 124.5
-484.0, 125.5
-484.0, 126.5
-485.0, 127.5
-486.0, 127.5
-487.0, 127.5
-488.0, 127.5
-489.0, 128.5
-489.0, 129.5
-489.0, 130.5
-488.0, 131.5
-487.0, 131.5
-486.0, 131.5
-485.0, 131.5
-484.0, 131.5
-483.0, 131.5
-482.0, 131.5
-481.0, 132.5
-481.0, 133.5
-481.0, 134.5

CONTORNO 56
TIPO: HUECO
PROFUNDIDAD: 1
PUNTOS: 1053

463.0, 138.5
464.0, 139.5
465.0, 139.5
466.0, 139.5
467.0, 139.5
468.0, 139.5
469.0, 139.5
470.0, 139.5
471.0, 139.5
472.0, 138.5
472.0, 137.5
472.0, 136.5
471.0, 135.5
470.0, 135.5
469.0, 135.5
468.0, 135.5
467.0, 135.5
466.0, 135.5
465.0, 135.5
464.0, 134.5
464.0, 133.5
464.0, 132.5
464.0, 131.5
464.0, 130.5
464.0, 129.5
465.0, 128.5
464.0, 127.5
465.0, 126.5
466.0, 127.5
465.0, 128.5
466.0, 129.5
467.0, 130.5
467.0, 131.5
468.0, 132.5
469.0, 133.5
470.0, 133.5
471.0, 134.5
472.0, 133.5
472.0, 132.5
472.0, 131.5
472.0, 130.5
472.0, 129.5
472.0, 128.5
471.0, 127.5
471.0, 126.5
472.0, 125.5
472.0, 124.5
472.0, 123.5
472.0, 122.5
472.0, 121.5
473.0, 120.5
474.0, 120.5
475.0, 120.5
476.0, 120.5
477.0, 120.5
478.0, 120.5
479.0, 120.5
480.0, 119.5
480.0, 118.5
480.0, 117.5
480.0, 116.5
480.0, 115.5
480.0, 114.5
480.0, 113.5
480.0, 112.5
479.0, 111.5
478.0, 111.5
477.0, 111.5
476.0, 111.5
475.0, 111.5
474.0, 111.5
473.0, 111.5
472.0, 111.5
471.0, 112.5
471.0, 113.5
471.0, 114.5
471.0, 115.5
471.0, 116.5
471.0, 117.5
471.0, 118.5
470.0, 119.5
469.0, 119.5
468.0, 119.5
467.0, 119.5
466.0, 119.5
465.0, 119.5
464.0, 118.5
464.0, 117.5
464.0, 116.5
464.0, 115.5
464.0, 114.5
464.0, 113.5
465.0, 112.5
466.0, 112.5
467.0, 112.5
468.0, 112.5
469.0, 112.5
470.0, 111.5
469.0, 110.5
468.0, 109.5
468.0, 108.5
467.0, 107.5
466.0, 106.5
465.0, 106.5
464.0, 105.5
463.0, 106.5
463.0, 107.5
463.0, 108.5
463.0, 109.5
463.0, 110.5
462.0, 111.5
461.0, 111.5
460.0, 111.5
459.0, 111.5
458.0, 111.5
457.0, 111.5
456.0, 110.5
456.0, 109.5
456.0, 108.5
456.0, 107.5
456.0, 106.5
456.0, 105.5
456.0, 104.5
455.0, 103.5
454.0, 103.5
453.0, 103.5
452.0, 104.5
451.0, 105.5
451.0, 106.5
450.0, 107.5
449.0, 107.5
448.0, 108.5
447.0, 109.5
447.0, 110.5
446.0, 111.5
445.0, 111.5
444.0, 111.5
443.0, 111.5
442.0, 111.5
441.0, 111.5
440.0, 111.5
439.0, 111.5
438.0, 110.5
438.0, 109.5
438.0, 108.5
438.0, 107.5
438.0, 106.5
438.0, 105.5
439.0, 104.5
440.0, 104.5
441.0, 104.5
442.0, 104.5
443.0, 104.5
444.0, 104.5
445.0, 104.5
446.0, 104.5
447.0, 104.5
448.0, 103.5
448.0, 102.5
448.0, 101.5
447.0, 100.5
446.0, 100.5
445.0, 100.5
444.0, 100.5
443.0, 100.5
442.0, 100.5
441.0, 100.5
440.0, 100.5
439.0, 100.5
438.0, 100.5
437.0, 100.5
436.0, 100.5
435.0, 100.5
434.0, 100.5
433.0, 100.5
432.0, 99.5
432.0, 98.5
432.0, 97.5
432.0, 96.5
433.0, 95.5
432.0, 94.5
432.0, 93.5
431.0, 92.5
430.0, 92.5
429.0, 92.5
428.0, 92.5
427.0, 92.5
426.0, 92.5
425.0, 92.5
424.0, 91.5
424.0, 90.5
423.0, 89.5
422.0, 89.5
421.0, 89.5
420.0, 89.5
419.0, 89.5
418.0, 89.5
417.0, 89.5
416.0, 88.5
415.0, 87.5
414.0, 87.5
413.0, 87.5
412.0, 87.5
411.0, 87.5
410.0, 87.5
409.0, 87.5
408.0, 86.5
408.0, 85.5
408.0, 84.5
408.0, 83.5
408.0, 82.5
408.0, 81.5
409.0, 80.5
410.0, 80.5
411.0, 80.5
412.0, 80.5
413.0, 80.5
414.0, 80.5
415.0, 81.5
415.0, 82.5
416.0, 83.5
417.0, 83.5
418.0, 83.5
419.0, 83.5
420.0, 83.5
421.0, 83.5
422.0, 83.5
423.0, 83.5
424.0, 82.5
424.0, 81.5
425.0, 80.5
426.0, 81.5
427.0, 82.5
427.0, 83.5
428.0, 84.5
429.0, 85.5
430.0, 85.5
431.0, 86.5
432.0, 85.5
432.0, 84.5
432.0, 83.5
432.0, 82.5
432.0, 81.5
432.0, 80.5
431.0, 79.5
430.0, 78.5
430.0, 77.5
430.0, 76.5
430.0, 75.5
430.0, 74.5
430.0, 73.5
431.0, 72.5
432.0, 72.5
433.0, 72.5
434.0, 72.5
435.0, 72.5
436.0, 73.5
436.0, 74.5
436.0, 75.5
436.0, 76.5
436.0, 77.5
436.0, 78.5
436.0, 79.5
436.0, 80.5
436.0, 81.5
436.0, 82.5
436.0, 83.5
436.0, 84.5
436.0, 85.5
436.0, 86.5
436.0, 87.5
437.0, 88.5
438.0, 88.5
439.0, 88.5
440.0, 87.5
440.0, 86.5
440.0, 85.5
440.0, 84.5
440.0, 83.5
440.0, 82.5
440.0, 81.5
441.0, 80.5
442.0, 80.5
443.0, 80.5
444.0, 80.5
445.0, 80.5
446.0, 80.5
447.0, 81.5
447.0, 82.5
447.0, 83.5
447.0, 84.5
447.0, 85.5
447.0, 86.5
447.0, 87.5
448.0, 88.5
449.0, 88.5
450.0, 88.5
451.0, 88.5
452.0, 88.5
453.0, 88.5
454.0, 88.5
455.0, 89.5
455.0, 90.5
455.0, 91.5
455.0, 92.5
455.0, 93.5
455.0, 94.5
455.0, 95.5
456.0, 96.5
457.0, 96.5
458.0, 96.5
459.0, 96.5
460.0, 96.5
461.0, 96.5
462.0, 96.5
463.0, 96.5
464.0, 95.5
464.0, 94.5
464.0, 93.5
464.0, 92.5
465.0, 91.5
466.0, 91.5
467.0, 91.5
468.0, 91.5
469.0, 91.5
470.0, 91.5
471.0, 91.5
472.0, 91.5
473.0, 91.5
474.0, 91.5
475.0, 91.5
476.0, 91.5
477.0, 91.5
478.0, 91.5
479.0, 91.5
480.0, 90.5
480.0, 89.5
480.0, 88.5
479.0, 87.5
478.0, 87.5
477.0, 87.5
476.0, 87.5
475.0, 87.5
474.0, 87.5
473.0, 87.5
472.0, 87.5
471.0, 87.5
470.0, 87.5
469.0, 87.5
468.0, 87.5
467.0, 87.5
466.0, 87.5
465.0, 87.5
464.0, 86.5
464.0, 85.5
464.0, 84.5
465.0, 83.5
466.0, 83.5
467.0, 83.5
468.0, 83.5
469.0, 83.5
470.0, 83.5
471.0, 83.5
472.0, 82.5
472.0, 81.5
472.0, 80.5
472.0, 79.5
472.0, 78.5
472.0, 77.5
472.0, 76.5
472.0, 75.5
472.0, 74.5
472.0, 73.5
472.0, 72.5
472.0, 71.5
472.0, 70.5
472.0, 69.5
471.0, 68.5
470.0, 68.5
469.0, 68.5
468.0, 68.5
467.0, 68.5
466.0, 68.5
465.0, 68.5
464.0, 68.5
463.0, 69.5
463.0, 70.5
463.0, 71.5
463.0, 72.5
462.0, 73.5
461.0, 73.5
460.0, 73.5
459.0, 73.5
458.0, 73.5
457.0, 73.5
456.0, 73.5
455.0, 73.5
454.0, 73.5
453.0, 73.5
452.0, 73.5
451.0, 73.5
450.0, 73.5
449.0, 73.5
448.0, 72.5
447.0, 71.5
446.0, 71.5
445.0, 71.5
444.0, 71.5
443.0, 71.5
442.0, 71.5
441.0, 71.5
440.0, 70.5
440.0, 69.5
439.0, 68.5
438.0, 68.5
437.0, 68.5
436.0, 68.5
435.0, 68.5
434.0, 68.5
433.0, 68.5
432.0, 67.5
432.0, 66.5
432.0, 65.5
433.0, 64.5
434.0, 64.5
435.0, 63.5
435.0, 62.5
435.0, 61.5
435.0, 60.5
435.0, 59.5
435.0, 58.5
435.0, 57.5
435.0, 56.5
434.0, 55.5
433.0, 55.5
432.0, 54.5
432.0, 53.5
432.0, 52.5
432.0, 51.5
432.0, 50.5
432.0, 49.5
432.0, 48.5
431.0, 47.5
430.0, 47.5
429.0, 47.5
428.0, 47.5
427.0, 47.5
426.0, 47.5
425.0, 48.5
425.0, 49.5
425.0, 50.5
425.0, 51.5
425.0, 52.5
425.0, 53.5
425.0, 54.5
424.0, 55.5
423.0, 56.5
423.0, 57.5
423.0, 58.5
423.0, 59.5
423.0, 60.5
423.0, 61.5
423.0, 62.5
422.0, 63.5
421.0, 63.5
420.0, 63.5
419.0, 63.5
418.0, 63.5
417.0, 63.5
416.0, 63.5
415.0, 64.5
415.0, 65.5
414.0, 66.5
413.0, 66.5
412.0, 67.5
411.0, 68.5
411.0, 69.5
410.0, 70.5
409.0, 71.5
408.0, 71.5
407.0, 72.5
407.0, 73.5
407.0, 74.5
406.0, 75.5
405.0, 75.5
404.0, 74.5
404.0, 73.5
403.0, 72.5
402.0, 71.5
401.0, 71.5
400.0, 70.5
400.0, 69.5
399.0, 68.5
398.0, 68.5
397.0, 68.5
396.0, 68.5
395.0, 68.5
394.0, 68.5
393.0, 68.5
392.0, 68.5
391.0, 68.5
390.0, 68.5
389.0, 68.5
388.0, 68.5
387.0, 68.5
386.0, 68.5
385.0, 68.5
384.0, 67.5
384.0, 66.5
384.0, 65.5
384.0, 64.5
383.0, 63.5
382.0, 63.5
381.0, 63.5
380.0, 63.5
379.0, 63.5
378.0, 63.5
377.0, 64.5
376.0, 64.5
375.0, 63.5
374.0, 63.5
373.0, 63.5
372.0, 63.5
371.0, 63.5
370.0, 63.5
369.0, 63.5
368.0, 62.5
368.0, 61.5
368.0, 60.5
368.0, 59.5
368.0, 58.5
367.0, 57.5
366.0, 57.5
365.0, 57.5
364.0, 57.5
363.0, 57.5
362.0, 57.5
361.0, 57.5
360.0, 57.5
359.0, 58.5
359.0, 59.5
359.0, 60.5
359.0, 61.5
359.0, 62.5
359.0, 63.5
360.0, 64.5
361.0, 64.5
362.0, 64.5
363.0, 64.5
364.0, 64.5
365.0, 64.5
366.0, 64.5
367.0, 65.5
367.0, 66.5
367.0, 67.5
367.0, 68.5
367.0, 69.5
367.0, 70.5
366.0, 71.5
365.0, 71.5
364.0, 71.5
363.0, 71.5
362.0, 71.5
361.0, 72.5
362.0, 73.5
363.0, 74.5
363.0, 75.5
364.0, 76.5
365.0, 77.5
366.0, 77.5
367.0, 78.5
367.0, 79.5
368.0, 80.5
369.0, 80.5
370.0, 80.5
371.0, 80.5
372.0, 80.5
373.0, 80.5
374.0, 80.5
375.0, 81.5
375.0, 82.5
376.0, 83.5
377.0, 84.5
378.0, 84.5
379.0, 85.5
379.0, 86.5
378.0, 87.5
377.0, 87.5
376.0, 86.5
376.0, 85.5
375.0, 84.5
374.0, 84.5
373.0, 84.5
372.0, 84.5
371.0, 84.5
370.0, 84.5
369.0, 84.5
368.0, 83.5
368.0, 82.5
367.0, 81.5
366.0, 81.5
365.0, 81.5
364.0, 81.5
363.0, 81.5
362.0, 81.5
361.0, 81.5
360.0, 81.5
359.0, 82.5
359.0, 83.5
359.0, 84.5
359.0, 85.5
359.0, 86.5
359.0, 87.5
359.0, 88.5
359.0, 89.5
359.0, 90.5
359.0, 91.5
359.0, 92.5
359.0, 93.5
359.0, 94.5
359.0, 95.5
359.0, 96.5
359.0, 97.5
359.0, 98.5
359.0, 99.5
358.0, 100.5
357.0, 100.5
356.0, 100.5
355.0, 100.5
354.0, 100.5
353.0, 100.5
352.0, 100.5
351.0, 101.5
351.0, 102.5
351.0, 103.5
352.0, 104.5
353.0, 104.5
354.0, 104.5
355.0, 104.5
356.0, 104.5
357.0, 104.5
358.0, 104.5
359.0, 105.5
359.0, 106.5
359.0, 107.5
359.0, 108.5
359.0, 109.5
359.0, 110.5
359.0, 111.5
359.0, 112.5
359.0, 113.5
359.0, 114.5
359.0, 115.5
359.0, 116.5
359.0, 117.5
359.0, 118.5
359.0, 119.5
359.0, 120.5
359.0, 121.5
359.0, 122.5
359.0, 123.5
358.0, 124.5
357.0, 124.5
356.0, 124.5
355.0, 124.5
354.0, 124.5
353.0, 124.5
352.0, 124.5
351.0, 125.5
351.0, 126.5
351.0, 127.5
352.0, 128.5
353.0, 128.5
354.0, 128.5
355.0, 128.5
356.0, 128.5
357.0, 128.5
358.0, 128.5
359.0, 128.5
360.0, 128.5
361.0, 128.5
362.0, 128.5
363.0, 127.5
363.0, 126.5
363.0, 125.5
363.0, 124.5
363.0, 123.5
363.0, 122.5
363.0, 121.5
364.0, 120.5
365.0, 120.5
366.0, 120.5
367.0, 120.5
368.0, 120.5
369.0, 120.5
370.0, 120.5
371.0, 120.5
372.0, 121.5
372.0, 122.5
372.0, 123.5
372.0, 124.5
372.0, 125.5
372.0, 126.5
372.0, 127.5
373.0, 128.5
374.0, 128.5
375.0, 128.5
376.0, 127.5
376.0, 126.5
376.0, 125.5
376.0, 124.5
376.0, 123.5
376.0, 122.5
376.0, 121.5
376.0, 120.5
375.0, 119.5
374.0, 118.5
374.0, 117.5
374.0, 116.5
374.0, 115.5
374.0, 114.5
374.0, 113.5
374.0, 112.5
373.0, 111.5
372.0, 111.5
371.0, 110.5
371.0, 109.5
371.0, 108.5
371.0, 107.5
371.0, 106.5
371.0, 105.5
371.0, 104.5
370.0, 103.5
369.0, 103.5
368.0, 102.5
368.0, 101.5
368.0, 100.5
368.0, 99.5
368.0, 98.5
368.0, 97.5
368.0, 96.5
368.0, 95.5
368.0, 94.5
368.0, 93.5
368.0, 92.5
368.0, 91.5
368.0, 90.5
368.0, 89.5
369.0, 88.5
370.0, 88.5
371.0, 88.5
372.0, 88.5
373.0, 88.5
374.0, 88.5
375.0, 89.5
375.0, 90.5
376.0, 91.5
377.0, 91.5
378.0, 91.5
379.0, 91.5
380.0, 91.5
381.0, 91.5
382.0, 91.5
383.0, 91.5
384.0, 90.5
384.0, 89.5
384.0, 88.5
384.0, 87.5
384.0, 86.5
384.0, 85.5
385.0, 84.5
386.0, 84.5
387.0, 85.5
387.0, 86.5
388.0, 87.5
389.0, 88.5
390.0, 88.5
391.0, 88.5
392.0, 88.5
393.0, 88.5
394.0, 88.5
395.0, 88.5
396.0, 89.5
396.0, 90.5
396.0, 91.5
396.0, 92.5
396.0, 93.5
396.0, 94.5
395.0, 95.5
394.0, 95.5
393.0, 96.5
393.0, 97.5
393.0, 98.5
393.0, 99.5
393.0, 100.5
392.0, 101.5
391.0, 100.5
390.0, 100.5
389.0, 100.5
388.0, 100.5
387.0, 100.5
386.0, 100.5
385.0, 100.5
384.0, 100.5
383.0, 101.5
383.0, 102.5
382.0, 103.5
381.0, 103.5
380.0, 104.5
380.0, 105.5
380.0, 106.5
380.0, 107.5
380.0, 108.5
380.0, 109.5
380.0, 110.5
379.0, 111.5
378.0, 111.5
377.0, 112.5
377.0, 113.5
377.0, 114.5
377.0, 115.5
377.0, 116.5
377.0, 117.5
377.0, 118.5
377.0, 119.5
378.0, 120.5
379.0, 120.5
380.0, 121.5
380.0, 122.5
380.0, 123.5
380.0, 124.5
380.0, 125.5
380.0, 126.5
380.0, 127.5
381.0, 128.5
382.0, 128.5
383.0, 128.5
384.0, 127.5
384.0, 126.5
384.0, 125.5
384.0, 124.5
384.0, 123.5
384.0, 122.5
384.0, 121.5
384.0, 120.5
384.0, 119.5
384.0, 118.5
384.0, 117.5
384.0, 116.5
384.0, 115.5
384.0, 114.5
384.0, 113.5
384.0, 112.5
385.0, 111.5
384.0, 110.5
384.0, 109.5
384.0, 108.5
384.0, 107.5
384.0, 106.5
384.0, 105.5
385.0, 104.5
386.0, 104.5
387.0, 104.5
388.0, 104.5
389.0, 104.5
390.0, 104.5
391.0, 105.5
390.0, 106.5
389.0, 106.5
388.0, 107.5
387.0, 108.5
387.0, 109.5
386.0, 110.5
385.0, 111.5
386.0, 112.5
387.0, 112.5
388.0, 112.5
389.0, 112.5
390.0, 112.5
391.0, 113.5
391.0, 114.5
391.0, 115.5
391.0, 116.5
391.0, 117.5
391.0, 118.5
391.0, 119.5
391.0, 120.5
391.0, 121.5
391.0, 122.5
392.0, 123.5
393.0, 122.5
394.0, 121.5
395.0, 120.5
396.0, 120.5
397.0, 120.5
398.0, 120.5
399.0, 120.5
400.0, 119.5
400.0, 118.5
400.0, 117.5
400.0, 116.5
400.0, 115.5
400.0, 114.5
400.0, 113.5
400.0, 112.5
400.0, 111.5
400.0, 110.5
400.0, 109.5
400.0, 108.5
400.0, 107.5
400.0, 106.5
400.0, 105.5
400.0, 104.5
400.0, 103.5
400.0, 102.5
400.0, 101.5
400.0, 100.5
400.0, 99.5
400.0, 98.5
400.0, 97.5
401.0, 96.5
400.0, 95.5
400.0, 94.5
401.0, 93.5
402.0, 93.5
403.0, 92.5
404.0, 91.5
404.0, 90.5
405.0, 89.5
406.0, 88.5
407.0, 89.5
407.0, 90.5
407.0, 91.5
407.0, 92.5
407.0, 93.5
407.0, 94.5
406.0, 95.5
405.0, 95.5
404.0, 95.5
403.0, 95.5
402.0, 95.5
401.0, 96.5
402.0, 97.5
403.0, 98.5
403.0, 99.5
404.0, 100.5
405.0, 101.5
406.0, 101.5
407.0, 102.5
408.0, 101.5
408.0, 100.5
409.0, 99.5
410.0, 99.5
411.0, 99.5
412.0, 99.5
413.0, 99.5
414.0, 99.5
415.0, 99.5
416.0, 98.5
416.0, 97.5
417.0, 96.5
418.0, 96.5
419.0, 97.5
419.0, 98.5
418.0, 99.5
417.0, 99.5
416.0, 100.5
415.0, 101.5
415.0, 102.5
414.0, 103.5
413.0, 103.5
412.0, 103.5
411.0, 103.5
410.0, 103.5
409.0, 103.5
408.0, 103.5
407.0, 104.5
407.0, 105.5
407.0, 106.5
407.0, 107.5
407.0, 108.5
407.0, 109.5
407.0, 110.5
407.0, 111.5
408.0, 112.5
409.0, 112.5
410.0, 112.5
411.0, 112.5
412.0, 112.5
413.0, 112.5
414.0, 112.5
415.0, 112.5
416.0, 112.5
417.0, 112.5
418.0, 112.5
419.0, 112.5
420.0, 112.5
421.0, 112.5
422.0, 112.5
423.0, 113.5
423.0, 114.5
423.0, 115.5
423.0, 116.5
423.0, 117.5
424.0, 118.5
425.0, 118.5
426.0, 118.5
427.0, 118.5
428.0, 118.5
429.0, 118.5
430.0, 118.5
431.0, 118.5
432.0, 118.5
433.0, 118.5
434.0, 118.5
435.0, 118.5
436.0, 118.5
437.0, 118.5
438.0, 118.5
439.0, 119.5
440.0, 120.5
441.0, 120.5
442.0, 121.5
443.0, 122.5
443.0, 123.5
444.0, 124.5
445.0, 125.5
446.0, 125.5
447.0, 126.5
448.0, 127.5
447.0, 128.5
447.0, 129.5
447.0, 130.5
447.0, 131.5
447.0, 132.5
447.0, 133.5
448.0, 134.5
449.0, 134.5
450.0, 134.5
451.0, 134.5
452.0, 134.5
453.0, 134.5
454.0, 134.5
455.0, 134.5
456.0, 133.5
457.0, 134.5
457.0, 135.5
458.0, 136.5
459.0, 136.5
460.0, 136.5
461.0, 136.5
462.0, 136.5
463.0, 137.5

CONTORNO 57
TIPO: HUECO
PROFUNDIDAD: 1
PUNTOS: 55

407.0, 146.5
408.0, 147.5
409.0, 147.5
410.0, 147.5
411.0, 147.5
412.0, 147.5
413.0, 147.5
414.0, 147.5
415.0, 147.5
416.0, 146.5
416.0, 145.5
417.0, 144.5
418.0, 144.5
419.0, 144.5
420.0, 144.5
421.0, 144.5
422.0, 144.5
423.0, 144.5
424.0, 144.5
425.0, 144.5
426.0, 144.5
427.0, 143.5
427.0, 142.5
427.0, 141.5
427.0, 140.5
427.0, 139.5
427.0, 138.5
427.0, 137.5
427.0, 136.5
426.0, 135.5
425.0, 135.5
424.0, 135.5
423.0, 136.5
423.0, 137.5
423.0, 138.5
423.0, 139.5
422.0, 140.5
421.0, 140.5
420.0, 140.5
419.0, 140.5
418.0, 140.5
417.0, 140.5
416.0, 139.5
416.0, 138.5
415.0, 137.5
414.0, 138.5
413.0, 138.5
412.0, 139.5
411.0, 140.5
411.0, 141.5
410.0, 142.5
409.0, 143.5
408.0, 143.5
407.0, 144.5
407.0, 145.5

CONTORNO 58
TIPO: HUECO
PROFUNDIDAD: 1
PUNTOS: 94

-263.0, 151.5
-262.0, 152.5
-261.0, 152.5
-260.0, 152.5
-259.0, 152.5
-258.0, 152.5
-257.0, 152.5
-256.0, 151.5
-256.0, 150.5
-256.0, 149.5
-256.0, 148.5
-255.0, 147.5
-254.0, 147.5
-253.0, 147.5
-252.0, 147.5
-251.0, 147.5
-250.0, 147.5
-249.0, 148.5
-249.0, 149.5
-248.0, 150.5
-247.0, 150.5
-246.0, 150.5
-245.0, 150.5
-244.0, 150.5
-243.0, 150.5
-242.0, 150.5
-241.0, 151.5
-240.0, 152.5
-239.0, 152.5
-238.0, 152.5
-237.0, 152.5
-236.0, 152.5
-235.0, 152.5
-234.0, 151.5
-234.0, 150.5
-234.0, 149.5
-234.0, 148.5
-234.0, 147.5
-234.0, 146.5
-234.0, 145.5
-233.0, 144.5
-232.0, 143.5
-232.0, 142.5
-232.0, 141.5
-233.0, 140.5
-234.0, 140.5
-235.0, 140.5
-236.0, 140.5
-237.0, 140.5
-238.0, 140.5
-239.0, 140.5
-240.0, 139.5
-240.0, 138.5
-241.0, 137.5
-242.0, 138.5
-243.0, 138.5
-244.0, 139.5
-245.0, 140.5
-245.0, 141.5
-246.0, 142.5
-247.0, 143.5
-248.0, 143.5
-249.0, 143.5
-250.0, 143.5
-251.0, 143.5
-252.0, 143.5
-253.0, 143.5
-254.0, 143.5
-255.0, 143.5
-256.0, 142.5
-256.0, 141.5
-256.0, 140.5
-256.0, 139.5
-256.0, 138.5
-257.0, 137.5
-258.0, 138.5
-259.0, 138.5
-260.0, 139.5
-261.0, 140.5
-261.0, 141.5
-262.0, 142.5
-263.0, 143.5
-262.0, 144.5
-261.0, 144.5
-260.0, 144.5
-259.0, 144.5
-258.0, 144.5
-257.0, 145.5
-258.0, 146.5
-259.0, 146.5
-260.0, 147.5
-261.0, 148.5
-261.0, 149.5
-262.0, 150.5

CONTORNO 59
TIPO: HUECO
PROFUNDIDAD: 1
PUNTOS: 249

495.0, 159.5
496.0, 160.5
497.0, 160.5
498.0, 160.5
499.0, 159.5
499.0, 158.5
499.0, 157.5
499.0, 156.5
499.0, 155.5
499.0, 154.5
499.0, 153.5
500.0, 152.5
501.0, 152.5
502.0, 152.5
503.0, 153.5
503.0, 154.5
504.0, 155.5
505.0, 154.5
506.0, 153.5
507.0, 152.5
507.0, 151.5
507.0, 150.5
507.0, 149.5
507.0, 148.5
507.0, 147.5
507.0, 146.5
507.0, 145.5
507.0, 144.5
506.0, 143.5
505.0, 143.5
504.0, 143.5
503.0, 143.5
502.0, 143.5
501.0, 143.5
500.0, 143.5
499.0, 143.5
498.0, 143.5
497.0, 143.5
496.0, 143.5
495.0, 144.5
495.0, 145.5
495.0, 146.5
495.0, 147.5
495.0, 148.5
495.0, 149.5
495.0, 150.5
494.0, 151.5
493.0, 151.5
492.0, 151.5
491.0, 150.5
491.0, 149.5
491.0, 148.5
491.0, 147.5
491.0, 146.5
491.0, 145.5
491.0, 144.5
490.0, 143.5
491.0, 142.5
492.0, 142.5
493.0, 142.5
494.0, 142.5
495.0, 142.5
496.0, 141.5
496.0, 140.5
496.0, 139.5
496.0, 138.5
496.0, 137.5
496.0, 136.5
496.0, 135.5
496.0, 134.5
496.0, 133.5
496.0, 132.5
496.0, 131.5
496.0, 130.5
496.0, 129.5
496.0, 128.5
496.0, 127.5
496.0, 126.5
496.0, 125.5
496.0, 124.5
497.0, 123.5
498.0, 123.5
499.0, 123.5
500.0, 123.5
501.0, 123.5
502.0, 123.5
503.0, 124.5
503.0, 125.5
503.0, 126.5
503.0, 127.5
504.0, 128.5
505.0, 128.5
506.0, 128.5
507.0, 128.5
508.0, 128.5
509.0, 128.5
510.0, 127.5
509.0, 126.5
508.0, 125.5
508.0, 124.5
507.0, 123.5
506.0, 122.5
505.0, 122.5
504.0, 121.5
505.0, 120.5
506.0, 120.5
507.0, 119.5
507.0, 118.5
507.0, 117.5
507.0, 116.5
507.0, 115.5
507.0, 114.5
507.0, 113.5
507.0, 112.5
507.0, 111.5
507.0, 110.5
507.0, 109.5
507.0, 108.5
507.0, 107.5
507.0, 106.5
507.0, 105.5
507.0, 104.5
507.0, 103.5
506.0, 102.5
505.0, 101.5
504.0, 100.5
503.0, 100.5
502.0, 99.5
501.0, 99.5
500.0, 98.5
500.0, 97.5
501.0, 96.5
502.0, 96.5
503.0, 96.5
504.0, 95.5
504.0, 94.5
504.0, 93.5
503.0, 92.5
502.0, 92.5
501.0, 92.5
500.0, 92.5
499.0, 92.5
498.0, 92.5
497.0, 92.5
496.0, 92.5
495.0, 92.5
494.0, 92.5
493.0, 92.5
492.0, 92.5
491.0, 92.5
490.0, 92.5
489.0, 92.5
488.0, 92.5
487.0, 93.5
487.0, 94.5
486.0, 95.5
485.0, 95.5
484.0, 96.5
484.0, 97.5
484.0, 98.5
484.0, 99.5
484.0, 100.5
484.0, 101.5
484.0, 102.5
484.0, 103.5
485.0, 104.5
486.0, 104.5
487.0, 104.5
488.0, 104.5
489.0, 104.5
490.0, 104.5
491.0, 104.5
492.0, 105.5
492.0, 106.5
492.0, 107.5
492.0, 108.5
492.0, 109.5
492.0, 110.5
492.0, 111.5
492.0, 112.5
492.0, 113.5
492.0, 114.5
492.0, 115.5
492.0, 116.5
492.0, 117.5
492.0, 118.5
492.0, 119.5
492.0, 120.5
492.0, 121.5
492.0, 122.5
492.0, 123.5
492.0, 124.5
492.0, 125.5
492.0, 126.5
492.0, 127.5
492.0, 128.5
492.0, 129.5
492.0, 130.5
492.0, 131.5
492.0, 132.5
492.0, 133.5
492.0, 134.5
491.0, 135.5
490.0, 135.5
489.0, 135.5
488.0, 135.5
487.0, 136.5
487.0, 137.5
487.0, 138.5
487.0, 139.5
487.0, 140.5
487.0, 141.5
488.0, 142.5
488.0, 143.5
487.0, 144.5
487.0, 145.5
487.0, 146.5
487.0, 147.5
487.0, 148.5
487.0, 149.5
487.0, 150.5
486.0, 151.5
485.0, 151.5
484.0, 151.5
483.0, 151.5
482.0, 151.5
481.0, 151.5
480.0, 151.5
479.0, 152.5
479.0, 153.5
479.0, 154.5
480.0, 155.5
481.0, 155.5
482.0, 155.5
483.0, 155.5
484.0, 155.5
485.0, 155.5
486.0, 155.5
487.0, 155.5
488.0, 155.5
489.0, 155.5
490.0, 155.5
491.0, 155.5
492.0, 155.5
493.0, 155.5
494.0, 155.5
495.0, 156.5
495.0, 157.5
495.0, 158.5

CONTORNO 60
TIPO: HUECO
PROFUNDIDAD: 1
PUNTOS: 38

-361.0, 159.5
-360.0, 160.5
-359.0, 160.5
-358.0, 160.5
-357.0, 160.5
-356.0, 160.5
-355.0, 160.5
-354.0, 160.5
-353.0, 160.5
-352.0, 159.5
-352.0, 158.5
-352.0, 157.5
-352.0, 156.5
-352.0, 155.5
-352.0, 154.5
-352.0, 153.5
-352.0, 152.5
-352.0, 151.5
-352.0, 150.5
-352.0, 149.5
-353.0, 148.5
-354.0, 148.5
-355.0, 148.5
-356.0, 148.5
-357.0, 148.5
-358.0, 148.5
-359.0, 148.5
-360.0, 148.5
-361.0, 149.5
-361.0, 150.5
-361.0, 151.5
-361.0, 152.5
-361.0, 153.5
-361.0, 154.5
-361.0, 155.5
-361.0, 156.5
-361.0, 157.5
-361.0, 158.5

CONTORNO 61
TIPO: HUECO
PROFUNDIDAD: 1
PUNTOS: 205

-433.0, 159.5
-432.0, 160.5
-431.0, 160.5
-430.0, 160.5
-429.0, 160.5
-428.0, 160.5
-427.0, 160.5
-426.0, 160.5
-425.0, 160.5
-424.0, 160.5
-423.0, 160.5
-422.0, 160.5
-421.0, 160.5
-420.0, 160.5
-419.0, 160.5
-418.0, 160.5
-417.0, 160.5
-416.0, 159.5
-416.0, 158.5
-416.0, 157.5
-416.0, 156.5
-416.0, 155.5
-416.0, 154.5
-416.0, 153.5
-416.0, 152.5
-417.0, 151.5
-418.0, 151.5
-419.0, 151.5
-420.0, 151.5
-421.0, 151.5
-422.0, 151.5
-423.0, 151.5
-424.0, 150.5
-424.0, 149.5
-425.0, 148.5
-426.0, 148.5
-427.0, 148.5
-428.0, 148.5
-429.0, 148.5
-430.0, 148.5
-431.0, 148.5
-432.0, 147.5
-432.0, 146.5
-432.0, 145.5
-432.0, 144.5
-433.0, 143.5
-434.0, 143.5
-435.0, 143.5
-436.0, 143.5
-437.0, 143.5
-438.0, 143.5
-439.0, 143.5
-440.0, 143.5
-441.0, 143.5
-442.0, 143.5
-443.0, 143.5
-444.0, 143.5
-445.0, 143.5
-446.0, 143.5
-447.0, 143.5
-448.0, 143.5
-449.0, 144.5
-449.0, 145.5
-449.0, 146.5
-449.0, 147.5
-449.0, 148.5
-449.0, 149.5
-449.0, 150.5
-450.0, 151.5
-451.0, 151.5
-452.0, 151.5
-453.0, 150.5
-453.0, 149.5
-453.0, 148.5
-453.0, 147.5
-453.0, 146.5
-453.0, 145.5
-453.0, 144.5
-454.0, 143.5
-455.0, 143.5
-456.0, 142.5
-456.0, 141.5
-457.0, 140.5
-458.0, 140.5
-459.0, 140.5
-460.0, 140.5
-461.0, 140.5
-462.0, 140.5
-463.0, 140.5
-464.0, 140.5
-465.0, 141.5
-465.0, 142.5
-465.0, 143.5
-465.0, 144.5
-465.0, 145.5
-465.0, 146.5
-465.0, 147.5
-465.0, 148.5
-465.0, 149.5
-465.0, 150.5
-466.0, 151.5
-467.0, 151.5
-468.0, 151.5
-469.0, 151.5
-470.0, 151.5
-471.0, 151.5
-472.0, 150.5
-472.0, 149.5
-473.0, 148.5
-474.0, 148.5
-475.0, 148.5
-476.0, 148.5
-477.0, 148.5
-478.0, 148.5
-479.0, 148.5
-480.0, 147.5
-480.0, 146.5
-480.0, 145.5
-480.0, 144.5
-481.0, 143.5
-482.0, 143.5
-483.0, 143.5
-484.0, 144.5
-484.0, 145.5
-484.0, 146.5
-484.0, 147.5
-484.0, 148.5
-484.0, 149.5
-484.0, 150.5
-484.0, 151.5
-483.0, 152.5
-482.0, 152.5
-481.0, 152.5
-480.0, 152.5
-479.0, 152.5
-478.0, 152.5
-477.0, 152.5
-476.0, 152.5
-475.0, 152.5
-474.0, 152.5
-473.0, 153.5
-473.0, 154.5
-472.0, 155.5
-471.0, 155.5
-470.0, 155.5
-469.0, 155.5
-468.0, 155.5
-467.0, 155.5
-466.0, 155.5
-465.0, 155.5
-464.0, 155.5
-463.0, 155.5
-462.0, 155.5
-461.0, 155.5
-460.0, 155.5
-459.0, 155.5
-458.0, 155.5
-457.0, 155.5
-456.0, 154.5
-456.0, 153.5
-455.0, 152.5
-454.0, 153.5
-453.0, 154.5
-453.0, 155.5
-452.0, 156.5
-451.0, 157.5
-450.0, 157.5
-449.0, 158.5
-448.0, 157.5
-448.0, 156.5
-447.0, 155.5
-446.0, 155.5
-445.0, 155.5
-444.0, 155.5
-443.0, 155.5
-442.0, 155.5
-441.0, 155.5
-440.0, 155.5
-439.0, 155.5
-438.0, 155.5
-437.0, 155.5
-436.0, 155.5
-435.0, 155.5
-434.0, 155.5
-433.0, 155.5
-432.0, 154.5
-432.0, 153.5
-431.0, 152.5
-430.0, 152.5
-429.0, 152.5
-428.0, 152.5
-427.0, 152.5
-426.0, 152.5
-425.0, 153.5
-425.0, 154.5
-425.0, 155.5
-426.0, 156.5
-427.0, 156.5
-428.0, 156.5
-429.0, 156.5
-430.0, 156.5
-431.0, 156.5
-432.0, 156.5
-433.0, 157.5
-433.0, 158.5

CONTORNO 62
TIPO: HUECO
PROFUNDIDAD: 1
PUNTOS: 168

-145.0, 165.5
-144.0, 166.5
-143.0, 165.5
-142.0, 165.5
-141.0, 164.5
-140.0, 163.5
-140.0, 162.5
-139.0, 161.5
-138.0, 160.5
-137.0, 160.5
-136.0, 160.5
-135.0, 160.5
-134.0, 160.5
-133.0, 160.5
-132.0, 160.5
-131.0, 160.5
-130.0, 160.5
-129.0, 160.5
-128.0, 159.5
-128.0, 158.5
-128.0, 157.5
-128.0, 156.5
-128.0, 155.5
-128.0, 154.5
-128.0, 153.5
-128.0, 152.5
-129.0, 151.5
-130.0, 151.5
-131.0, 151.5
-132.0, 151.5
-133.0, 151.5
-134.0, 150.5
-135.0, 149.5
-136.0, 148.5
-137.0, 149.5
-137.0, 150.5
-138.0, 151.5
-139.0, 151.5
-140.0, 151.5
-141.0, 150.5
-141.0, 149.5
-141.0, 148.5
-141.0, 147.5
-141.0, 146.5
-141.0, 145.5
-140.0, 144.5
-139.0, 144.5
-138.0, 144.5
-137.0, 144.5
-136.0, 143.5
-136.0, 142.5
-136.0, 141.5
-137.0, 140.5
-138.0, 140.5
-139.0, 140.5
-140.0, 140.5
-141.0, 140.5
-142.0, 140.5
-143.0, 140.5
-144.0, 139.5
-144.0, 138.5
-144.0, 137.5
-144.0, 136.5
-145.0, 135.5
-146.0, 135.5
-147.0, 135.5
-148.0, 136.5
-148.0, 137.5
-148.0, 138.5
-148.0, 139.5
-148.0, 140.5
-148.0, 141.5
-148.0, 142.5
-149.0, 143.5
-150.0, 143.5
-151.0, 143.5
-152.0, 142.5
-152.0, 141.5
-152.0, 140.5
-152.0, 139.5
-152.0, 138.5
-153.0, 137.5
-154.0, 138.5
-155.0, 138.5
-156.0, 139.5
-157.0, 140.5
-157.0, 141.5
-158.0, 142.5
-159.0, 143.5
-160.0, 142.5
-160.0, 141.5
-160.0, 140.5
-160.0, 139.5
-160.0, 138.5
-160.0, 137.5
-160.0, 136.5
-161.0, 135.5
-162.0, 135.5
-163.0, 135.5
-164.0, 136.5
-164.0, 137.5
-164.0, 138.5
-164.0, 139.5
-164.0, 140.5
-164.0, 141.5
-164.0, 142.5
-165.0, 143.5
-166.0, 143.5
-167.0, 143.5
-168.0, 142.5
-168.0, 141.5
-168.0, 140.5
-168.0, 139.5
-168.0, 138.5
-169.0, 137.5
-170.0, 138.5
-171.0, 138.5
-172.0, 139.5
-173.0, 140.5
-173.0, 141.5
-174.0, 142.5
-175.0, 143.5
-174.0, 144.5
-173.0, 144.5
-172.0, 144.5
-171.0, 144.5
-170.0, 144.5
-169.0, 145.5
-169.0, 146.5
-169.0, 147.5
-169.0, 148.5
-169.0, 149.5
-169.0, 150.5
-169.0, 151.5
-169.0, 152.5
-169.0, 153.5
-169.0, 154.5
-168.0, 155.5
-167.0, 155.5
-166.0, 155.5
-165.0, 155.5
-164.0, 155.5
-163.0, 155.5
-162.0, 155.5
-161.0, 155.5
-160.0, 155.5
-159.0, 155.5
-158.0, 155.5
-157.0, 155.5
-156.0, 155.5
-155.0, 155.5
-154.0, 155.5
-153.0, 155.5
-152.0, 154.5
-151.0, 155.5
-151.0, 156.5
-151.0, 157.5
-151.0, 158.5
-151.0, 159.5
-150.0, 160.5
-149.0, 160.5
-148.0, 160.5
-147.0, 160.5
-146.0, 160.5
-145.0, 161.5
-145.0, 162.5
-145.0, 163.5
-145.0, 164.5

CONTORNO 63
TIPO: HUECO
PROFUNDIDAD: 1
PUNTOS: 232

-306.0, 165.5
-305.0, 166.5
-304.0, 165.5
-304.0, 164.5
-304.0, 163.5
-304.0, 162.5
-304.0, 161.5
-304.0, 160.5
-304.0, 159.5
-304.0, 158.5
-304.0, 157.5
-304.0, 156.5
-304.0, 155.5
-304.0, 154.5
-304.0, 153.5
-303.0, 152.5
-302.0, 152.5
-301.0, 152.5
-300.0, 152.5
-299.0, 152.5
-298.0, 152.5
-297.0, 153.5
-297.0, 154.5
-297.0, 155.5
-297.0, 156.5
-297.0, 157.5
-297.0, 158.5
-297.0, 159.5
-296.0, 160.5
-295.0, 160.5
-294.0, 160.5
-293.0, 160.5
-292.0, 160.5
-291.0, 160.5
-290.0, 160.5
-289.0, 160.5
-288.0, 160.5
-287.0, 160.5
-286.0, 160.5
-285.0, 160.5
-284.0, 160.5
-283.0, 160.5
-282.0, 159.5
-281.0, 159.5
-280.0, 160.5
-279.0, 160.5
-278.0, 160.5
-277.0, 160.5
-276.0, 160.5
-275.0, 160.5
-274.0, 160.5
-273.0, 160.5
-272.0, 160.5
-271.0, 160.5
-270.0, 160.5
-269.0, 160.5
-268.0, 160.5
-267.0, 160.5
-266.0, 159.5
-267.0, 158.5
-268.0, 157.5
-268.0, 156.5
-269.0, 155.5
-270.0, 154.5
-271.0, 154.5
-272.0, 153.5
-273.0, 153.5
-274.0, 153.5
-275.0, 153.5
-276.0, 153.5
-277.0, 153.5
-278.0, 152.5
-277.0, 151.5
-277.0, 150.5
-277.0, 149.5
-277.0, 148.5
-277.0, 147.5
-277.0, 146.5
-277.0, 145.5
-276.0, 144.5
-275.0, 144.5
-274.0, 144.5
-273.0, 145.5
-273.0, 146.5
-273.0, 147.5
-273.0, 148.5
-273.0, 149.5
-273.0, 150.5
-273.0, 151.5
-272.0, 152.5
-271.0, 152.5
-270.0, 152.5
-269.0, 151.5
-269.0, 150.5
-269.0, 149.5
-269.0, 148.5
-269.0, 147.5
-269.0, 146.5
-269.0, 145.5
-269.0, 144.5
-269.0, 143.5
-269.0, 142.5
-269.0, 141.5
-269.0, 140.5
-269.0, 139.5
-269.0, 138.5
-269.0, 137.5
-269.0, 136.5
-270.0, 135.5
-271.0, 135.5
-272.0, 134.5
-272.0, 133.5
-272.0, 132.5
-272.0, 131.5
-272.0, 130.5
-272.0, 129.5
-272.0, 128.5
-273.0, 127.5
-274.0, 127.5
-275.0, 127.5
-276.0, 128.5
-276.0, 129.5
-276.0, 130.5
-276.0, 131.5
-276.0, 132.5
-276.0, 133.5
-276.0, 134.5
-276.0, 135.5
-275.0, 136.5
-274.0, 136.5
-273.0, 137.5
-273.0, 138.5
-273.0, 139.5
-274.0, 140.5
-275.0, 140.5
-276.0, 140.5
-277.0, 140.5
-278.0, 140.5
-279.0, 140.5
-280.0, 140.5
-281.0, 140.5
-282.0, 140.5
-283.0, 140.5
-284.0, 140.5
-285.0, 140.5
-286.0, 140.5
-287.0, 140.5
-288.0, 140.5
-289.0, 141.5
-289.0, 142.5
-289.0, 143.5
-290.0, 144.5
-291.0, 143.5
-292.0, 143.5
-293.0, 143.5
-294.0, 143.5
-295.0, 143.5
-296.0, 143.5
-297.0, 143.5
-298.0, 143.5
-299.0, 143.5
-300.0, 143.5
-301.0, 142.5
-301.0, 141.5
-301.0, 140.5
-301.0, 139.5
-301.0, 138.5
-301.0, 137.5
-301.0, 136.5
-302.0, 135.5
-303.0, 135.5
-304.0, 135.5
-305.0, 136.5
-306.0, 137.5
-307.0, 137.5
-308.0, 137.5
-309.0, 137.5
-310.0, 137.5
-311.0, 137.5
-312.0, 137.5
-313.0, 138.5
-313.0, 139.5
-313.0, 140.5
-313.0, 141.5
-313.0, 142.5
-313.0, 143.5
-313.0, 144.5
-313.0, 145.5
-313.0, 146.5
-313.0, 147.5
-313.0, 148.5
-313.0, 149.5
-313.0, 150.5
-314.0, 151.5
-315.0, 151.5
-316.0, 151.5
-317.0, 151.5
-318.0, 151.5
-319.0, 152.5
-318.0, 153.5
-317.0, 154.5
-317.0, 155.5
-316.0, 156.5
-315.0, 157.5
-314.0, 157.5
-313.0, 158.5
-314.0, 159.5
-315.0, 159.5
-316.0, 159.5
-317.0, 159.5
-318.0, 159.5
-319.0, 159.5
-320.0, 159.5
-321.0, 160.5
-321.0, 161.5
-321.0, 162.5
-320.0, 163.5
-319.0, 163.5
-318.0, 163.5
-317.0, 163.5
-316.0, 163.5
-315.0, 163.5
-314.0, 163.5
-313.0, 163.5
-312.0, 162.5
-312.0, 161.5
-311.0, 160.5
-310.0, 161.5
-309.0, 162.5
-309.0, 163.5
-308.0, 164.5
-307.0, 165.5

CONTORNO 64
TIPO: HUECO
PROFUNDIDAD: 1
PUNTOS: 59

-201.0, 167.5
-200.0, 168.5
-199.0, 168.5
-198.0, 168.5
-197.0, 167.5
-197.0, 166.5
-197.0, 165.5
-197.0, 164.5
-197.0, 163.5
-197.0, 162.5
-197.0, 161.5
-196.0, 160.5
-195.0, 160.5
-194.0, 160.5
-193.0, 160.5
-192.0, 159.5
-192.0, 158.5
-192.0, 157.5
-193.0, 156.5
-194.0, 156.5
-195.0, 156.5
-196.0, 156.5
-197.0, 156.5
-198.0, 156.5
-199.0, 156.5
-200.0, 155.5
-200.0, 154.5
-200.0, 153.5
-200.0, 152.5
-200.0, 151.5
-200.0, 150.5
-200.0, 149.5
-201.0, 148.5
-202.0, 148.5
-203.0, 148.5
-204.0, 148.5
-205.0, 148.5
-206.0, 148.5
-207.0, 148.5
-208.0, 148.5
-209.0, 149.5
-209.0, 150.5
-209.0, 151.5
-208.0, 152.5
-207.0, 153.5
-207.0, 154.5
-207.0, 155.5
-207.0, 156.5
-207.0, 157.5
-207.0, 158.5
-207.0, 159.5
-207.0, 160.5
-206.0, 161.5
-205.0, 162.5
-205.0, 163.5
-204.0, 164.5
-203.0, 165.5
-202.0, 165.5
-201.0, 166.5

CONTORNO 65
TIPO: HUECO
PROFUNDIDAD: 1
PUNTOS: 55

-417.0, 173.5
-416.0, 174.5
-415.0, 173.5
-414.0, 173.5
-413.0, 172.5
-412.0, 171.5
-412.0, 170.5
-411.0, 169.5
-410.0, 168.5
-409.0, 168.5
-408.0, 167.5
-408.0, 166.5
-408.0, 165.5
-408.0, 164.5
-408.0, 163.5
-408.0, 162.5
-408.0, 161.5
-407.0, 160.5
-406.0, 160.5
-405.0, 159.5
-405.0, 158.5
-405.0, 157.5
-405.0, 156.5
-405.0, 155.5
-405.0, 154.5
-405.0, 153.5
-405.0, 152.5
-406.0, 151.5
-407.0, 151.5
-408.0, 151.5
-409.0, 152.5
-409.0, 153.5
-409.0, 154.5
-409.0, 155.5
-409.0, 156.5
-409.0, 157.5
-409.0, 158.5
-410.0, 159.5
-411.0, 159.5
-412.0, 160.5
-412.0, 161.5
-412.0, 162.5
-412.0, 163.5
-412.0, 164.5
-412.0, 165.5
-412.0, 166.5
-413.0, 167.5
-414.0, 167.5
-415.0, 167.5
-416.0, 167.5
-417.0, 168.5
-417.0, 169.5
-417.0, 170.5
-417.0, 171.5
-417.0, 172.5

CONTORNO 66
TIPO: HUECO
PROFUNDIDAD: 1
PUNTOS: 66

-476.0, 175.5
-475.0, 176.5
-474.0, 176.5
-473.0, 176.5
-472.0, 176.5
-471.0, 176.5
-470.0, 176.5
-469.0, 176.5
-468.0, 176.5
-467.0, 176.5
-466.0, 176.5
-465.0, 176.5
-464.0, 175.5
-464.0, 174.5
-464.0, 173.5
-465.0, 172.5
-466.0, 172.5
-467.0, 172.5
-468.0, 172.5
-469.0, 172.5
-470.0, 172.5
-471.0, 172.5
-472.0, 171.5
-472.0, 170.5
-472.0, 169.5
-472.0, 168.5
-472.0, 167.5
-472.0, 166.5
-472.0, 165.5
-472.0, 164.5
-471.0, 163.5
-470.0, 163.5
-469.0, 163.5
-468.0, 163.5
-467.0, 163.5
-466.0, 163.5
-465.0, 163.5
-464.0, 162.5
-464.0, 161.5
-464.0, 160.5
-465.0, 159.5
-466.0, 159.5
-467.0, 159.5
-468.0, 159.5
-469.0, 159.5
-470.0, 159.5
-471.0, 159.5
-472.0, 159.5
-473.0, 159.5
-474.0, 159.5
-475.0, 159.5
-476.0, 160.5
-476.0, 161.5
-476.0, 162.5
-476.0, 163.5
-476.0, 164.5
-476.0, 165.5
-476.0, 166.5
-476.0, 167.5
-476.0, 168.5
-476.0, 169.5
-476.0, 170.5
-476.0, 171.5
-476.0, 172.5
-476.0, 173.5
-476.0, 174.5

CONTORNO 67
TIPO: HUECO
PROFUNDIDAD: 1
PUNTOS: 64

-393.0, 178.5
-392.0, 179.5
-391.0, 179.5
-390.0, 179.5
-389.0, 179.5
-388.0, 179.5
-387.0, 179.5
-386.0, 179.5
-385.0, 179.5
-384.0, 178.5
-384.0, 177.5
-384.0, 176.5
-384.0, 175.5
-384.0, 174.5
-384.0, 173.5
-384.0, 172.5
-384.0, 171.5
-384.0, 170.5
-384.0, 169.5
-384.0, 168.5
-384.0, 167.5
-384.0, 166.5
-384.0, 165.5
-385.0, 164.5
-386.0, 164.5
-387.0, 164.5
-388.0, 164.5
-389.0, 164.5
-390.0, 164.5
-391.0, 164.5
-392.0, 163.5
-392.0, 162.5
-392.0, 161.5
-392.0, 160.5
-393.0, 159.5
-394.0, 159.5
-395.0, 159.5
-396.0, 160.5
-396.0, 161.5
-396.0, 162.5
-396.0, 163.5
-396.0, 164.5
-396.0, 165.5
-396.0, 166.5
-396.0, 167.5
-395.0, 168.5
-394.0, 168.5
-393.0, 168.5
-392.0, 168.5
-391.0, 168.5
-390.0, 168.5
-389.0, 168.5
-388.0, 169.5
-388.0, 170.5
-388.0, 171.5
-388.0, 172.5
-388.0, 173.5
-388.0, 174.5
-389.0, 175.5
-390.0, 175.5
-391.0, 175.5
-392.0, 175.5
-393.0, 176.5
-393.0, 177.5

CONTORNO 68
TIPO: HUECO
PROFUNDIDAD: 1
PUNTOS: 230

460.0, 183.5
461.0, 184.5
462.0, 184.5
463.0, 184.5
464.0, 183.5
464.0, 182.5
464.0, 181.5
464.0, 180.5
464.0, 179.5
464.0, 178.5
464.0, 177.5
465.0, 176.5
466.0, 176.5
467.0, 175.5
467.0, 174.5
467.0, 173.5
467.0, 172.5
467.0, 171.5
467.0, 170.5
467.0, 169.5
467.0, 168.5
466.0, 167.5
465.0, 167.5
464.0, 167.5
463.0, 167.5
462.0, 167.5
461.0, 167.5
460.0, 167.5
459.0, 167.5
458.0, 167.5
457.0, 167.5
456.0, 166.5
456.0, 165.5
456.0, 164.5
456.0, 163.5
456.0, 162.5
456.0, 161.5
457.0, 160.5
458.0, 160.5
459.0, 160.5
460.0, 160.5
461.0, 160.5
462.0, 160.5
463.0, 160.5
464.0, 160.5
465.0, 160.5
466.0, 160.5
467.0, 160.5
468.0, 160.5
469.0, 160.5
470.0, 160.5
471.0, 160.5
472.0, 160.5
473.0, 160.5
474.0, 160.5
475.0, 159.5
475.0, 158.5
475.0, 157.5
475.0, 156.5
475.0, 155.5
475.0, 154.5
475.0, 153.5
475.0, 152.5
474.0, 151.5
473.0, 151.5
472.0, 151.5
471.0, 152.5
470.0, 153.5
469.0, 153.5
468.0, 153.5
467.0, 153.5
466.0, 153.5
465.0, 153.5
464.0, 152.5
463.0, 151.5
462.0, 151.5
461.0, 151.5
460.0, 151.5
459.0, 151.5
458.0, 151.5
457.0, 151.5
456.0, 151.5
455.0, 151.5
454.0, 151.5
453.0, 151.5
452.0, 151.5
451.0, 151.5
450.0, 151.5
449.0, 151.5
448.0, 150.5
448.0, 149.5
448.0, 148.5
448.0, 147.5
448.0, 146.5
448.0, 145.5
448.0, 144.5
448.0, 143.5
448.0, 142.5
448.0, 141.5
447.0, 140.5
446.0, 140.5
445.0, 140.5
444.0, 140.5
443.0, 140.5
442.0, 140.5
441.0, 140.5
440.0, 140.5
439.0, 141.5
439.0, 142.5
439.0, 143.5
439.0, 144.5
439.0, 145.5
439.0, 146.5
439.0, 147.5
438.0, 148.5
437.0, 148.5
436.0, 148.5
435.0, 148.5
434.0, 148.5
433.0, 148.5
432.0, 148.5
431.0, 149.5
431.0, 150.5
430.0, 151.5
429.0, 151.5
428.0, 151.5
427.0, 151.5
426.0, 151.5
425.0, 151.5
424.0, 151.5
423.0, 151.5
422.0, 151.5
421.0, 151.5
420.0, 151.5
419.0, 151.5
418.0, 150.5
417.0, 149.5
416.0, 148.5
415.0, 149.5
415.0, 150.5
414.0, 151.5
413.0, 151.5
412.0, 151.5
411.0, 151.5
410.0, 151.5
409.0, 151.5
408.0, 151.5
407.0, 152.5
407.0, 153.5
407.0, 154.5
408.0, 155.5
409.0, 155.5
410.0, 155.5
411.0, 155.5
412.0, 155.5
413.0, 155.5
414.0, 155.5
415.0, 155.5
416.0, 154.5
417.0, 155.5
417.0, 156.5
417.0, 157.5
417.0, 158.5
417.0, 159.5
418.0, 160.5
419.0, 160.5
420.0, 160.5
421.0, 160.5
422.0, 160.5
423.0, 160.5
424.0, 160.5
425.0, 160.5
426.0, 160.5
427.0, 160.5
428.0, 160.5
429.0, 160.5
430.0, 160.5
431.0, 161.5
431.0, 162.5
431.0, 163.5
431.0, 164.5
431.0, 165.5
431.0, 166.5
431.0, 167.5
432.0, 168.5
433.0, 168.5
434.0, 168.5
435.0, 168.5
436.0, 168.5
437.0, 168.5
438.0, 168.5
439.0, 169.5
439.0, 170.5
439.0, 171.5
439.0, 172.5
439.0, 173.5
440.0, 174.5
441.0, 173.5
442.0, 173.5
443.0, 172.5
444.0, 171.5
444.0, 170.5
445.0, 169.5
446.0, 168.5
447.0, 168.5
448.0, 168.5
449.0, 168.5
450.0, 168.5
451.0, 168.5
452.0, 168.5
453.0, 168.5
454.0, 168.5
455.0, 169.5
455.0, 170.5
455.0, 171.5
455.0, 172.5
455.0, 173.5
456.0, 174.5
457.0, 174.5
458.0, 174.5
459.0, 174.5
460.0, 174.5
461.0, 175.5
460.0, 176.5
460.0, 177.5
460.0, 178.5
460.0, 179.5
460.0, 180.5
460.0, 181.5
460.0, 182.5

CONTORNO 69
TIPO: HUECO
PROFUNDIDAD: 1
PUNTOS: 54

396.0, 183.5
397.0, 184.5
398.0, 184.5
399.0, 184.5
400.0, 183.5
400.0, 182.5
400.0, 181.5
400.0, 180.5
401.0, 179.5
402.0, 179.5
403.0, 179.5
404.0, 179.5
405.0, 179.5
406.0, 179.5
407.0, 179.5
408.0, 178.5
408.0, 177.5
409.0, 176.5
410.0, 176.5
411.0, 176.5
412.0, 176.5
413.0, 176.5
414.0, 176.5
415.0, 176.5
416.0, 175.5
416.0, 174.5
416.0, 173.5
415.0, 172.5
414.0, 172.5
413.0, 172.5
412.0, 172.5
411.0, 172.5
410.0, 172.5
409.0, 172.5
408.0, 172.5
407.0, 173.5
407.0, 174.5
406.0, 175.5
405.0, 175.5
404.0, 175.5
403.0, 175.5
402.0, 175.5
401.0, 175.5
400.0, 175.5
399.0, 175.5
398.0, 175.5
397.0, 175.5
396.0, 176.5
396.0, 177.5
396.0, 178.5
396.0, 179.5
396.0, 180.5
396.0, 181.5
396.0, 182.5

CONTORNO 70
TIPO: HUECO
PROFUNDIDAD: 1
PUNTOS: 56

495.0, 191.5
496.0, 192.5
497.0, 192.5
498.0, 192.5
499.0, 191.5
499.0, 190.5
499.0, 189.5
499.0, 188.5
499.0, 187.5
499.0, 186.5
499.0, 185.5
499.0, 184.5
499.0, 183.5
499.0, 182.5
499.0, 181.5
499.0, 180.5
499.0, 179.5
499.0, 178.5
499.0, 177.5
499.0, 176.5
498.0, 175.5
497.0, 175.5
496.0, 174.5
496.0, 173.5
496.0, 172.5
496.0, 171.5
496.0, 170.5
496.0, 169.5
496.0, 168.5
495.0, 167.5
494.0, 167.5
493.0, 167.5
492.0, 168.5
492.0, 169.5
492.0, 170.5
492.0, 171.5
492.0, 172.5
492.0, 173.5
492.0, 174.5
492.0, 175.5
492.0, 176.5
492.0, 177.5
492.0, 178.5
492.0, 179.5
492.0, 180.5
492.0, 181.5
492.0, 182.5
492.0, 183.5
493.0, 184.5
494.0, 184.5
495.0, 185.5
495.0, 186.5
495.0, 187.5
495.0, 188.5
495.0, 189.5
495.0, 190.5

CONTORNO 71
TIPO: HUECO
PROFUNDIDAD: 1
PUNTOS: 40

114.0, 191.5
115.0, 192.5
116.0, 192.5
117.0, 192.5
118.0, 191.5
119.0, 191.5
120.0, 192.5
121.0, 192.5
122.0, 192.5
123.0, 192.5
124.0, 192.5
125.0, 192.5
126.0, 192.5
127.0, 192.5
128.0, 191.5
128.0, 190.5
128.0, 189.5
128.0, 188.5
128.0, 187.5
128.0, 186.5
128.0, 185.5
128.0, 184.5
127.0, 183.5
126.0, 183.5
125.0, 183.5
124.0, 183.5
123.0, 183.5
122.0, 183.5
121.0, 183.5
120.0, 183.5
119.0, 183.5
118.0, 183.5
117.0, 183.5
116.0, 184.5
116.0, 185.5
116.0, 186.5
116.0, 187.5
115.0, 188.5
114.0, 189.5
114.0, 190.5

CONTORNO 72
TIPO: HUECO
PROFUNDIDAD: 1
PUNTOS: 71

-306.0, 197.5
-305.0, 198.5
-304.0, 197.5
-304.0, 196.5
-304.0, 195.5
-304.0, 194.5
-304.0, 193.5
-304.0, 192.5
-305.0, 191.5
-305.0, 190.5
-304.0, 189.5
-304.0, 188.5
-304.0, 187.5
-304.0, 186.5
-304.0, 185.5
-304.0, 184.5
-304.0, 183.5
-304.0, 182.5
-304.0, 181.5
-304.0, 180.5
-304.0, 179.5
-304.0, 178.5
-305.0, 177.5
-306.0, 177.5
-307.0, 177.5
-308.0, 177.5
-309.0, 177.5
-310.0, 177.5
-311.0, 177.5
-312.0, 176.5
-313.0, 175.5
-314.0, 175.5
-315.0, 175.5
-316.0, 176.5
-317.0, 177.5
-317.0, 178.5
-318.0, 179.5
-319.0, 179.5
-320.0, 180.5
-321.0, 181.5
-321.0, 182.5
-322.0, 183.5
-323.0, 183.5
-324.0, 184.5
-324.0, 185.5
-324.0, 186.5
-324.0, 187.5
-324.0, 188.5
-324.0, 189.5
-324.0, 190.5
-324.0, 191.5
-323.0, 192.5
-322.0, 192.5
-321.0, 192.5
-320.0, 192.5
-319.0, 192.5
-318.0, 192.5
-317.0, 192.5
-316.0, 192.5
-315.0, 192.5
-314.0, 192.5
-313.0, 192.5
-312.0, 191.5
-311.0, 190.5
-310.0, 191.5
-311.0, 192.5
-310.0, 193.5
-309.0, 194.5
-309.0, 195.5
-308.0, 196.5
-307.0, 197.5

CONTORNO 73
TIPO: HUECO
PROFUNDIDAD: 1
PUNTOS: 96

-441.0, 202.5
-440.0, 203.5
-439.0, 203.5
-438.0, 203.5
-437.0, 203.5
-436.0, 203.5
-435.0, 203.5
-434.0, 203.5
-433.0, 203.5
-432.0, 202.5
-432.0, 201.5
-432.0, 200.5
-432.0, 199.5
-432.0, 198.5
-432.0, 197.5
-432.0, 196.5
-432.0, 195.5
-432.0, 194.5
-432.0, 193.5
-432.0, 192.5
-432.0, 191.5
-432.0, 190.5
-432.0, 189.5
-432.0, 188.5
-432.0, 187.5
-432.0, 186.5
-432.0, 185.5
-432.0, 184.5
-433.0, 183.5
-434.0, 183.5
-435.0, 183.5
-436.0, 183.5
-437.0, 183.5
-438.0, 183.5
-439.0, 184.5
-440.0, 184.5
-441.0, 183.5
-442.0, 183.5
-443.0, 182.5
-444.0, 181.5
-444.0, 180.5
-445.0, 179.5
-446.0, 178.5
-447.0, 178.5
-448.0, 177.5
-448.0, 176.5
-449.0, 175.5
-450.0, 175.5
-451.0, 175.5
-452.0, 176.5
-452.0, 177.5
-452.0, 178.5
-452.0, 179.5
-452.0, 180.5
-452.0, 181.5
-452.0, 182.5
-452.0, 183.5
-451.0, 184.5
-450.0, 184.5
-449.0, 185.5
-449.0, 186.5
-449.0, 187.5
-449.0, 188.5
-449.0, 189.5
-449.0, 190.5
-449.0, 191.5
-449.0, 192.5
-450.0, 193.5
-451.0, 193.5
-452.0, 193.5
-453.0, 193.5
-454.0, 193.5
-455.0, 193.5
-456.0, 193.5
-457.0, 194.5
-457.0, 195.5
-457.0, 196.5
-457.0, 197.5
-457.0, 198.5
-457.0, 199.5
-456.0, 200.5
-455.0, 200.5
-454.0, 200.5
-453.0, 200.5
-452.0, 200.5
-451.0, 200.5
-450.0, 200.5
-449.0, 200.5
-448.0, 200.5
-447.0, 200.5
-446.0, 200.5
-445.0, 200.5
-444.0, 200.5
-443.0, 200.5
-442.0, 200.5
-441.0, 201.5

CONTORNO 74
TIPO: HUECO
PROFUNDIDAD: 1
PUNTOS: 186

-220.0, 207.5
-219.0, 208.5
-218.0, 208.5
-217.0, 208.5
-216.0, 207.5
-216.0, 206.5
-216.0, 205.5
-216.0, 204.5
-216.0, 203.5
-216.0, 202.5
-216.0, 201.5
-215.0, 200.5
-214.0, 200.5
-213.0, 200.5
-212.0, 200.5
-211.0, 200.5
-210.0, 200.5
-209.0, 200.5
-208.0, 199.5
-207.0, 199.5
-206.0, 200.5
-207.0, 201.5
-208.0, 201.5
-209.0, 202.5
-209.0, 203.5
-209.0, 204.5
-209.0, 205.5
-209.0, 206.5
-209.0, 207.5
-208.0, 208.5
-207.0, 208.5
-206.0, 208.5
-205.0, 208.5
-204.0, 208.5
-203.0, 208.5
-202.0, 208.5
-201.0, 208.5
-200.0, 207.5
-200.0, 206.5
-200.0, 205.5
-200.0, 204.5
-200.0, 203.5
-200.0, 202.5
-201.0, 201.5
-200.0, 200.5
-199.0, 200.5
-198.0, 200.5
-197.0, 200.5
-196.0, 200.5
-195.0, 200.5
-194.0, 200.5
-193.0, 200.5
-192.0, 200.5
-191.0, 200.5
-190.0, 200.5
-189.0, 200.5
-188.0, 200.5
-187.0, 200.5
-186.0, 200.5
-185.0, 200.5
-184.0, 200.5
-183.0, 200.5
-182.0, 200.5
-181.0, 200.5
-180.0, 200.5
-179.0, 200.5
-178.0, 200.5
-177.0, 201.5
-177.0, 202.5
-177.0, 203.5
-177.0, 204.5
-177.0, 205.5
-177.0, 206.5
-177.0, 207.5
-176.0, 208.5
-175.0, 208.5
-174.0, 208.5
-173.0, 207.5
-173.0, 206.5
-173.0, 205.5
-173.0, 204.5
-173.0, 203.5
-173.0, 202.5
-173.0, 201.5
-173.0, 200.5
-174.0, 199.5
-175.0, 199.5
-176.0, 198.5
-176.0, 197.5
-176.0, 196.5
-176.0, 195.5
-176.0, 194.5
-176.0, 193.5
-176.0, 192.5
-176.0, 191.5
-176.0, 190.5
-176.0, 189.5
-176.0, 188.5
-176.0, 187.5
-176.0, 186.5
-177.0, 185.5
-178.0, 186.5
-179.0, 186.5
-180.0, 187.5
-181.0, 188.5
-181.0, 189.5
-182.0, 190.5
-183.0, 191.5
-184.0, 191.5
-185.0, 191.5
-186.0, 191.5
-187.0, 191.5
-188.0, 191.5
-189.0, 190.5
-189.0, 189.5
-189.0, 188.5
-189.0, 187.5
-189.0, 186.5
-189.0, 185.5
-189.0, 184.5
-190.0, 183.5
-191.0, 183.5
-192.0, 183.5
-193.0, 183.5
-194.0, 183.5
-195.0, 183.5
-196.0, 184.5
-196.0, 185.5
-196.0, 186.5
-196.0, 187.5
-196.0, 188.5
-196.0, 189.5
-196.0, 190.5
-196.0, 191.5
-195.0, 192.5
-196.0, 193.5
-197.0, 193.5
-198.0, 193.5
-199.0, 193.5
-200.0, 192.5
-201.0, 191.5
-202.0, 191.5
-203.0, 191.5
-204.0, 191.5
-205.0, 191.5
-206.0, 191.5
-207.0, 192.5
-208.0, 192.5
-209.0, 191.5
-210.0, 191.5
-211.0, 191.5
-212.0, 191.5
-213.0, 190.5
-213.0, 189.5
-213.0, 188.5
-213.0, 187.5
-213.0, 186.5
-213.0, 185.5
-213.0, 184.5
-214.0, 183.5
-215.0, 183.5
-216.0, 183.5
-217.0, 184.5
-217.0, 185.5
-217.0, 186.5
-217.0, 187.5
-217.0, 188.5
-217.0, 189.5
-217.0, 190.5
-217.0, 191.5
-217.0, 192.5
-217.0, 193.5
-217.0, 194.5
-217.0, 195.5
-217.0, 196.5
-217.0, 197.5
-217.0, 198.5
-218.0, 199.5
-219.0, 199.5
-220.0, 200.5
-220.0, 201.5
-220.0, 202.5
-220.0, 203.5
-220.0, 204.5
-220.0, 205.5
-220.0, 206.5

CONTORNO 75
TIPO: HUECO
PROFUNDIDAD: 1
PUNTOS: 68

-380.0, 207.5
-379.0, 208.5
-378.0, 208.5
-377.0, 208.5
-376.0, 208.5
-375.0, 208.5
-374.0, 208.5
-373.0, 207.5
-373.0, 206.5
-373.0, 205.5
-373.0, 204.5
-373.0, 203.5
-373.0, 202.5
-373.0, 201.5
-373.0, 200.5
-374.0, 199.5
-375.0, 199.5
-376.0, 198.5
-376.0, 197.5
-376.0, 196.5
-376.0, 195.5
-376.0, 194.5
-376.0, 193.5
-376.0, 192.5
-376.0, 191.5
-376.0, 190.5
-376.0, 189.5
-377.0, 188.5
-378.0, 188.5
-379.0, 188.5
-380.0, 188.5
-381.0, 188.5
-382.0, 188.5
-383.0, 188.5
-384.0, 187.5
-384.0, 186.5
-385.0, 185.5
-386.0, 186.5
-387.0, 186.5
-388.0, 187.5
-389.0, 188.5
-389.0, 189.5
-390.0, 190.5
-391.0, 191.5
-390.0, 192.5
-389.0, 192.5
-388.0, 192.5
-387.0, 192.5
-386.0, 192.5
-385.0, 192.5
-384.0, 192.5
-383.0, 192.5
-382.0, 192.5
-381.0, 192.5
-380.0, 193.5
-380.0, 194.5
-380.0, 195.5
-380.0, 196.5
-380.0, 197.5
-380.0, 198.5
-380.0, 199.5
-380.0, 200.5
-380.0, 201.5
-380.0, 202.5
-380.0, 203.5
-380.0, 204.5
-380.0, 205.5
-380.0, 206.5

CONTORNO 76
TIPO: HUECO
PROFUNDIDAD: 1
PUNTOS: 74

-385.0, 215.5
-384.0, 216.5
-383.0, 216.5
-382.0, 216.5
-381.0, 216.5
-380.0, 216.5
-379.0, 216.5
-378.0, 216.5
-377.0, 216.5
-376.0, 215.5
-376.0, 214.5
-376.0, 213.5
-377.0, 212.5
-378.0, 212.5
-379.0, 212.5
-380.0, 212.5
-381.0, 212.5
-382.0, 212.5
-383.0, 212.5
-384.0, 211.5
-384.0, 210.5
-384.0, 209.5
-384.0, 208.5
-385.0, 207.5
-386.0, 206.5
-386.0, 205.5
-386.0, 204.5
-386.0, 203.5
-386.0, 202.5
-386.0, 201.5
-386.0, 200.5
-387.0, 199.5
-388.0, 199.5
-389.0, 199.5
-390.0, 199.5
-391.0, 199.5
-392.0, 198.5
-392.0, 197.5
-392.0, 196.5
-392.0, 195.5
-392.0, 194.5
-392.0, 193.5
-392.0, 192.5
-393.0, 191.5
-394.0, 191.5
-395.0, 191.5
-396.0, 192.5
-396.0, 193.5
-396.0, 194.5
-396.0, 195.5
-396.0, 196.5
-396.0, 197.5
-396.0, 198.5
-396.0, 199.5
-396.0, 200.5
-396.0, 201.5
-396.0, 202.5
-396.0, 203.5
-396.0, 204.5
-396.0, 205.5
-396.0, 206.5
-396.0, 207.5
-395.0, 208.5
-394.0, 208.5
-393.0, 208.5
-392.0, 208.5
-391.0, 208.5
-390.0, 209.5
-389.0, 210.5
-389.0, 211.5
-388.0, 212.5
-387.0, 213.5
-386.0, 213.5
-385.0, 214.5

